Id,Pred
2017_1112_1116,0.00001
2017_1112_1124,0.45165
2017_1112_1137,0.84476
2017_1112_1139,0.00001
2017_1112_1153,0.00001
2017_1112_1166,0.00001
2017_1112_1173,0.00001
2017_1112_1181,0.44965
2017_1112_1190,0.78176
2017_1112_1195,0.92271
2017_1112_1196,0.42353
2017_1112_1199,0.5
2017_1112_1211,0.23708
2017_1112_1233,0.00001
2017_1112_1235,0.00001
2017_1112_1240,0.00001
2017_1112_1242,0.00001
2017_1112_1243,0.00001
2017_1112_1245,0.00001
2017_1112_1246,0.00001
2017_1112_1257,0.00001
2017_1112_1266,0.62054
2017_1112_1268,0.68314
2017_1112_1274,0.00001
2017_1112_1276,0.00001
2017_1112_1277,0.00001
2017_1112_1278,0.00001
2017_1112_1291,0.95
2017_1112_1292,0.00001
2017_1112_1297,0.00001
2017_1112_1300,0.00001
2017_1112_1305,0.00001
2017_1112_1308,0.86405
2017_1112_1309,0.95
2017_1112_1314,0.00001
2017_1112_1315,0.94518
2017_1112_1321,0.6645
2017_1112_1323,0.53054
2017_1112_1329,0.00001
2017_1112_1332,0.00001
2017_1112_1343,0.73834
2017_1112_1344,0.74155
2017_1112_1345,0.00001
2017_1112_1348,0.00001
2017_1112_1355,0.95
2017_1112_1371,0.00001
2017_1112_1374,0.44925
2017_1112_1376,0.63708
2017_1112_1388,0.46128
2017_1112_1407,0.95
2017_1112_1411,0.00001
2017_1112_1413,0.00001
2017_1112_1417,0.00001
2017_1112_1423,0.75486
2017_1112_1425,0.75202
2017_1112_1433,0.7034
2017_1112_1435,0.6496
2017_1112_1436,0.00001
2017_1112_1437,0.3139
2017_1112_1438,0.42091
2017_1112_1439,0.68764
2017_1112_1448,0.00001
2017_1112_1452,0.40543
2017_1112_1455,0.00001
2017_1112_1457,0.00001
2017_1112_1458,0.50782
2017_1112_1462,0.67803
2017_1116_1124,0.00001
2017_1116_1137,0.00001
2017_1116_1139,0.3752
2017_1116_1153,0.33739
2017_1116_1166,0.39912
2017_1116_1173,0.49373
2017_1116_1181,0.00001
2017_1116_1190,0.00001
2017_1116_1195,0.00001
2017_1116_1196,0.00001
2017_1116_1199,0.00001
2017_1116_1211,0.00001
2017_1116_1233,0.79647
2017_1116_1235,0.30677
2017_1116_1240,0.86111
2017_1116_1242,0.22638
2017_1116_1243,0.44422
2017_1116_1245,0.84812
2017_1116_1246,0.19268
2017_1116_1257,0.21194
2017_1116_1266,0.00001
2017_1116_1268,0.00001
2017_1116_1274,0.46956
2017_1116_1276,0.32827
2017_1116_1277,0.50825
2017_1116_1278,0.47667
2017_1116_1291,0.00001
2017_1116_1292,0.51215
2017_1116_1297,0.85727
2017_1116_1300,0.87862
2017_1116_1305,0.53656
2017_1116_1308,0.00001
2017_1116_1309,0.00001
2017_1116_1314,0.17265
2017_1116_1315,0.00001
2017_1116_1321,0.00001
2017_1116_1323,0.00001
2017_1116_1329,0.33122
2017_1116_1332,0.29546
2017_1116_1343,0.00001
2017_1116_1344,0.00001
2017_1116_1345,0.27833
2017_1116_1348,0.49589
2017_1116_1355,0.00001
2017_1116_1371,0.52412
2017_1116_1374,0.00001
2017_1116_1376,0.00001
2017_1116_1388,0.00001
2017_1116_1407,0.00001
2017_1116_1411,0.95
2017_1116_1413,0.95
2017_1116_1417,0.30749
2017_1116_1423,0.00001
2017_1116_1425,0.00001
2017_1116_1433,0.00001
2017_1116_1435,0.00001
2017_1116_1436,0.57358
2017_1116_1437,0.00001
2017_1116_1438,0.00001
2017_1116_1439,0.00001
2017_1116_1448,0.46772
2017_1116_1452,0.00001
2017_1116_1455,0.21607
2017_1116_1457,0.77232
2017_1116_1458,0.00001
2017_1116_1462,0.00001
2017_1124_1137,0.89477
2017_1124_1139,0.00001
2017_1124_1153,0.00001
2017_1124_1166,0.00001
2017_1124_1173,0.00001
2017_1124_1181,0.5
2017_1124_1190,0.83904
2017_1124_1195,0.94821
2017_1124_1196,0.47784
2017_1124_1199,0.55044
2017_1124_1211,0.30568
2017_1124_1233,0.00001
2017_1124_1235,0.00001
2017_1124_1240,0.00001
2017_1124_1242,0.00001
2017_1124_1243,0.00001
2017_1124_1245,0.00001
2017_1124_1246,0.00001
2017_1124_1257,0.00001
2017_1124_1266,0.68097
2017_1124_1268,0.74095
2017_1124_1274,0.00001
2017_1124_1276,0.00001
2017_1124_1277,0.00001
2017_1124_1278,0.00001
2017_1124_1291,0.95
2017_1124_1292,0.00001
2017_1124_1297,0.00001
2017_1124_1300,0.00001
2017_1124_1305,0.00001
2017_1124_1308,0.89807
2017_1124_1309,0.95
2017_1124_1314,0.00001
2017_1124_1315,0.95
2017_1124_1321,0.72176
2017_1124_1323,0.58305
2017_1124_1329,0.00001
2017_1124_1332,0.00001
2017_1124_1343,0.79312
2017_1124_1344,0.79779
2017_1124_1345,0.00001
2017_1124_1348,0.00001
2017_1124_1355,0.95
2017_1124_1371,0.00001
2017_1124_1374,0.49808
2017_1124_1376,0.69646
2017_1124_1388,0.50742
2017_1124_1407,0.95
2017_1124_1411,0.00001
2017_1124_1413,0.00001
2017_1124_1417,0.00001
2017_1124_1423,0.81293
2017_1124_1425,0.80942
2017_1124_1433,0.76132
2017_1124_1435,0.70744
2017_1124_1436,0.00001
2017_1124_1437,0.3783
2017_1124_1438,0.47199
2017_1124_1439,0.74595
2017_1124_1448,0.00001
2017_1124_1452,0.46298
2017_1124_1455,0.00001
2017_1124_1457,0.00001
2017_1124_1458,0.55595
2017_1124_1462,0.736
2017_1137_1139,0.00001
2017_1137_1153,0.00001
2017_1137_1166,0.00001
2017_1137_1173,0.00001
2017_1137_1181,0.09345
2017_1137_1190,0.44715
2017_1137_1195,0.59402
2017_1137_1196,0.07279
2017_1137_1199,0.14201
2017_1137_1211,0.05
2017_1137_1233,0.00001
2017_1137_1235,0.00001
2017_1137_1240,0.00001
2017_1137_1242,0.00001
2017_1137_1243,0.00001
2017_1137_1245,0.00001
2017_1137_1246,0.00001
2017_1137_1257,0.00001
2017_1137_1266,0.28693
2017_1137_1268,0.35955
2017_1137_1274,0.00001
2017_1137_1276,0.00001
2017_1137_1277,0.00001
2017_1137_1278,0.00001
2017_1137_1291,0.83186
2017_1137_1292,0.00001
2017_1137_1297,0.00001
2017_1137_1300,0.00001
2017_1137_1305,0.00001
2017_1137_1308,0.52092
2017_1137_1309,0.74412
2017_1137_1314,0.00001
2017_1137_1315,0.73752
2017_1137_1321,0.34588
2017_1137_1323,0.19159
2017_1137_1329,0.00001
2017_1137_1332,0.00001
2017_1137_1343,0.42459
2017_1137_1344,0.42035
2017_1137_1345,0.00001
2017_1137_1348,0.00001
2017_1137_1355,0.75688
2017_1137_1371,0.00001
2017_1137_1374,0.10203
2017_1137_1376,0.30904
2017_1137_1388,0.1238
2017_1137_1407,0.66607
2017_1137_1411,0.00001
2017_1137_1413,0.00001
2017_1137_1417,0.00001
2017_1137_1423,0.42276
2017_1137_1425,0.42361
2017_1137_1433,0.37721
2017_1137_1435,0.32913
2017_1137_1436,0.00001
2017_1137_1437,0.05
2017_1137_1438,0.08727
2017_1137_1439,0.36087
2017_1137_1448,0.00001
2017_1137_1452,0.07651
2017_1137_1455,0.00001
2017_1137_1457,0.00001
2017_1137_1458,0.17188
2017_1137_1462,0.35401
2017_1139_1153,0.47033
2017_1139_1166,0.52288
2017_1139_1173,0.61615
2017_1139_1181,0.00001
2017_1139_1190,0.00001
2017_1139_1195,0.00001
2017_1139_1196,0.00001
2017_1139_1199,0.00001
2017_1139_1211,0.00001
2017_1139_1233,0.91682
2017_1139_1235,0.44973
2017_1139_1240,0.94591
2017_1139_1242,0.37966
2017_1139_1243,0.55844
2017_1139_1245,0.94247
2017_1139_1246,0.34982
2017_1139_1257,0.36362
2017_1139_1266,0.00001
2017_1139_1268,0.00001
2017_1139_1274,0.58168
2017_1139_1276,0.46234
2017_1139_1277,0.63228
2017_1139_1278,0.59637
2017_1139_1291,0.00001
2017_1139_1292,0.63462
2017_1139_1297,0.94627
2017_1139_1300,0.95
2017_1139_1305,0.67045
2017_1139_1308,0.00001
2017_1139_1309,0.00001
2017_1139_1314,0.32814
2017_1139_1315,0.00001
2017_1139_1321,0.00001
2017_1139_1323,0.00001
2017_1139_1329,0.47091
2017_1139_1332,0.43908
2017_1139_1343,0.00001
2017_1139_1344,0.00001
2017_1139_1345,0.42617
2017_1139_1348,0.61631
2017_1139_1355,0.00001
2017_1139_1371,0.66179
2017_1139_1374,0.00001
2017_1139_1376,0.00001
2017_1139_1388,0.00001
2017_1139_1407,0.00001
2017_1139_1411,0.95
2017_1139_1413,0.95
2017_1139_1417,0.45465
2017_1139_1423,0.00001
2017_1139_1425,0.00001
2017_1139_1433,0.00001
2017_1139_1435,0.00001
2017_1139_1436,0.70665
2017_1139_1437,0.00001
2017_1139_1438,0.00001
2017_1139_1439,0.00001
2017_1139_1448,0.58721
2017_1139_1452,0.00001
2017_1139_1455,0.36818
2017_1139_1457,0.87571
2017_1139_1458,0.00001
2017_1139_1462,0.00001
2017_1153_1166,0.55534
2017_1153_1173,0.65364
2017_1153_1181,0.00001
2017_1153_1190,0.00001
2017_1153_1195,0.00001
2017_1153_1196,0.00001
2017_1153_1199,0.00001
2017_1153_1211,0.00001
2017_1153_1233,0.93616
2017_1153_1235,0.48194
2017_1153_1240,0.95
2017_1153_1242,0.41912
2017_1153_1243,0.60718
2017_1153_1245,0.95
2017_1153_1246,0.39169
2017_1153_1257,0.40351
2017_1153_1266,0.00001
2017_1153_1268,0.00001
2017_1153_1274,0.61647
2017_1153_1276,0.49233
2017_1153_1277,0.66926
2017_1153_1278,0.63365
2017_1153_1291,0.00001
2017_1153_1292,0.67085
2017_1153_1297,0.95
2017_1153_1300,0.95
2017_1153_1305,0.70801
2017_1153_1308,0.00001
2017_1153_1309,0.00001
2017_1153_1314,0.37014
2017_1153_1315,0.00001
2017_1153_1321,0.00001
2017_1153_1323,0.00001
2017_1153_1329,0.50203
2017_1153_1332,0.472
2017_1153_1343,0.00001
2017_1153_1344,0.00001
2017_1153_1345,0.46092
2017_1153_1348,0.65306
2017_1153_1355,0.00001
2017_1153_1371,0.69872
2017_1153_1374,0.00001
2017_1153_1376,0.00001
2017_1153_1388,0.00001
2017_1153_1407,0.00001
2017_1153_1411,0.95
2017_1153_1413,0.95
2017_1153_1417,0.48754
2017_1153_1423,0.00001
2017_1153_1425,0.00001
2017_1153_1433,0.00001
2017_1153_1435,0.00001
2017_1153_1436,0.742
2017_1153_1437,0.00001
2017_1153_1438,0.00001
2017_1153_1439,0.00001
2017_1153_1448,0.62448
2017_1153_1452,0.00001
2017_1153_1455,0.40795
2017_1153_1457,0.92427
2017_1153_1458,0.00001
2017_1153_1462,0.00001
2017_1166_1173,0.59243
2017_1166_1181,0.00001
2017_1166_1190,0.00001
2017_1166_1195,0.00001
2017_1166_1196,0.00001
2017_1166_1199,0.00001
2017_1166_1211,0.00001
2017_1166_1233,0.90889
2017_1166_1235,0.4207
2017_1166_1240,0.94278
2017_1166_1242,0.34332
2017_1166_1243,0.53603
2017_1166_1245,0.93811
2017_1166_1246,0.31154
2017_1166_1257,0.32679
2017_1166_1266,0.00001
2017_1166_1268,0.00001
2017_1166_1274,0.55954
2017_1166_1276,0.43602
2017_1166_1277,0.60921
2017_1166_1278,0.57254
2017_1166_1291,0.00001
2017_1166_1292,0.61223
2017_1166_1297,0.94244
2017_1166_1300,0.95
2017_1166_1305,0.6477
2017_1166_1308,0.00001
2017_1166_1309,0.00001
2017_1166_1314,0.28936
2017_1166_1315,0.00001
2017_1166_1321,0.00001
2017_1166_1323,0.00001
2017_1166_1329,0.44417
2017_1166_1332,0.40891
2017_1166_1343,0.00001
2017_1166_1344,0.00001
2017_1166_1345,0.39417
2017_1166_1348,0.54376
2017_1166_1355,0.00001
2017_1166_1371,0.63936
2017_1166_1374,0.00001
2017_1166_1376,0.00001
2017_1166_1388,0.00001
2017_1166_1407,0.00001
2017_1166_1411,0.95
2017_1166_1413,0.95
2017_1166_1417,0.42528
2017_1166_1423,0.00001
2017_1166_1425,0.00001
2017_1166_1433,0.00001
2017_1166_1435,0.00001
2017_1166_1436,0.68698
2017_1166_1437,0.00001
2017_1166_1438,0.00001
2017_1166_1439,0.00001
2017_1166_1448,0.56317
2017_1166_1452,0.00001
2017_1166_1455,0.33149
2017_1166_1457,0.89076
2017_1166_1458,0.00001
2017_1166_1462,0.00001
2017_1173_1181,0.00001
2017_1173_1190,0.00001
2017_1173_1195,0.00001
2017_1173_1196,0.00001
2017_1173_1199,0.00001
2017_1173_1211,0.00001
2017_1173_1233,0.80292
2017_1173_1235,0.31615
2017_1173_1240,0.86618
2017_1173_1242,0.23631
2017_1173_1243,0.45145
2017_1173_1245,0.85387
2017_1173_1246,0.20293
2017_1173_1257,0.22188
2017_1173_1266,0.00001
2017_1173_1268,0.00001
2017_1173_1274,0.47587
2017_1173_1276,0.33726
2017_1173_1277,0.51435
2017_1173_1278,0.48323
2017_1173_1291,0.00001
2017_1173_1292,0.51819
2017_1173_1297,0.86267
2017_1173_1300,0.8834
2017_1173_1305,0.54304
2017_1173_1308,0.00001
2017_1173_1309,0.00001
2017_1173_1314,0.18282
2017_1173_1315,0.00001
2017_1173_1321,0.00001
2017_1173_1323,0.00001
2017_1173_1329,0.34058
2017_1173_1332,0.30482
2017_1173_1343,0.00001
2017_1173_1344,0.00001
2017_1173_1345,0.28788
2017_1173_1348,0.50204
2017_1173_1355,0.00001
2017_1173_1371,0.53787
2017_1173_1374,0.00001
2017_1173_1376,0.00001
2017_1173_1388,0.00001
2017_1173_1407,0.00001
2017_1173_1411,0.95
2017_1173_1413,0.95
2017_1173_1417,0.31711
2017_1173_1423,0.00001
2017_1173_1425,0.00001
2017_1173_1433,0.00001
2017_1173_1435,0.00001
2017_1173_1436,0.58022
2017_1173_1437,0.00001
2017_1173_1438,0.00001
2017_1173_1439,0.00001
2017_1173_1448,0.47445
2017_1173_1452,0.00001
2017_1173_1455,0.27389
2017_1173_1457,0.77894
2017_1173_1458,0.00001
2017_1173_1462,0.00001
2017_1181_1190,0.85178
2017_1181_1195,0.95
2017_1181_1196,0.477
2017_1181_1199,0.55244
2017_1181_1211,0.29779
2017_1181_1233,0.00001
2017_1181_1235,0.00001
2017_1181_1240,0.00001
2017_1181_1242,0.00001
2017_1181_1243,0.00001
2017_1181_1245,0.00001
2017_1181_1246,0.00001
2017_1181_1257,0.00001
2017_1181_1266,0.68838
2017_1181_1268,0.75077
2017_1181_1274,0.00001
2017_1181_1276,0.00001
2017_1181_1277,0.00001
2017_1181_1278,0.00001
2017_1181_1291,0.95
2017_1181_1292,0.00001
2017_1181_1297,0.00001
2017_1181_1300,0.00001
2017_1181_1305,0.00001
2017_1181_1308,0.91969
2017_1181_1309,0.95
2017_1181_1314,0.00001
2017_1181_1315,0.95
2017_1181_1321,0.73099
2017_1181_1323,0.58662
2017_1181_1329,0.00001
2017_1181_1332,0.00001
2017_1181_1343,0.80532
2017_1181_1344,0.80988
2017_1181_1345,0.00001
2017_1181_1348,0.00001
2017_1181_1355,0.95
2017_1181_1371,0.00001
2017_1181_1374,0.49801
2017_1181_1376,0.70454
2017_1181_1388,0.50771
2017_1181_1407,0.949
2017_1181_1411,0.00001
2017_1181_1413,0.00001
2017_1181_1417,0.00001
2017_1181_1423,0.82514
2017_1181_1425,0.82167
2017_1181_1433,0.77185
2017_1181_1435,0.7161
2017_1181_1436,0.00001
2017_1181_1437,0.3729
2017_1181_1438,0.47084
2017_1181_1439,0.75587
2017_1181_1448,0.00001
2017_1181_1452,0.46155
2017_1181_1455,0.00001
2017_1181_1457,0.00001
2017_1181_1458,0.55829
2017_1181_1462,0.74563
2017_1190_1195,0.65745
2017_1190_1196,0.14529
2017_1190_1199,0.20685
2017_1190_1211,0.05
2017_1190_1233,0.00001
2017_1190_1235,0.00001
2017_1190_1240,0.00001
2017_1190_1242,0.00001
2017_1190_1243,0.00001
2017_1190_1245,0.00001
2017_1190_1246,0.00001
2017_1190_1257,0.00001
2017_1190_1266,0.3529
2017_1190_1268,0.42189
2017_1190_1274,0.00001
2017_1190_1276,0.00001
2017_1190_1277,0.00001
2017_1190_1278,0.00001
2017_1190_1291,0.89232
2017_1190_1292,0.00001
2017_1190_1297,0.00001
2017_1190_1300,0.00001
2017_1190_1305,0.00001
2017_1190_1308,0.5759
2017_1190_1309,0.80966
2017_1190_1314,0.00001
2017_1190_1315,0.80548
2017_1190_1321,0.40827
2017_1190_1323,0.25587
2017_1190_1329,0.00001
2017_1190_1332,0.00001
2017_1190_1343,0.47762
2017_1190_1344,0.47501
2017_1190_1345,0.00001
2017_1190_1348,0.00001
2017_1190_1355,0.82291
2017_1190_1371,0.00001
2017_1190_1374,0.15711
2017_1190_1376,0.37408
2017_1190_1388,0.18122
2017_1190_1407,0.73223
2017_1190_1411,0.00001
2017_1190_1413,0.00001
2017_1190_1417,0.00001
2017_1190_1423,0.47861
2017_1190_1425,0.47883
2017_1190_1433,0.43836
2017_1190_1435,0.39251
2017_1190_1436,0.00001
2017_1190_1437,0.05321
2017_1190_1438,0.13543
2017_1190_1439,0.42361
2017_1190_1448,0.00001
2017_1190_1452,0.10049
2017_1190_1455,0.00001
2017_1190_1457,0.00001
2017_1190_1458,0.23417
2017_1190_1462,0.41688
2017_1195_1196,0.09027
2017_1195_1199,0.06735
2017_1195_1211,0.05
2017_1195_1233,0.00001
2017_1195_1235,0.00001
2017_1195_1240,0.00001
2017_1195_1242,0.00001
2017_1195_1243,0.00001
2017_1195_1245,0.00001
2017_1195_1246,0.00001
2017_1195_1257,0.00001
2017_1195_1266,0.18206
2017_1195_1268,0.25484
2017_1195_1274,0.00001
2017_1195_1276,0.00001
2017_1195_1277,0.00001
2017_1195_1278,0.00001
2017_1195_1291,0.71066
2017_1195_1292,0.00001
2017_1195_1297,0.00001
2017_1195_1300,0.00001
2017_1195_1305,0.00001
2017_1195_1308,0.43182
2017_1195_1309,0.62633
2017_1195_1314,0.00001
2017_1195_1315,0.61609
2017_1195_1321,0.24341
2017_1195_1323,0.1005
2017_1195_1329,0.00001
2017_1195_1332,0.00001
2017_1195_1343,0.32361
2017_1195_1344,0.31655
2017_1195_1345,0.00001
2017_1195_1348,0.00001
2017_1195_1355,0.63781
2017_1195_1371,0.00001
2017_1195_1374,0.05
2017_1195_1376,0.20507
2017_1195_1388,0.06322
2017_1195_1407,0.55468
2017_1195_1411,0.00001
2017_1195_1413,0.00001
2017_1195_1417,0.00001
2017_1195_1423,0.3157
2017_1195_1425,0.31782
2017_1195_1433,0.27108
2017_1195_1435,0.2268
2017_1195_1436,0.00001
2017_1195_1437,0.05
2017_1195_1438,0.05
2017_1195_1439,0.25508
2017_1195_1448,0.00001
2017_1195_1452,0.05
2017_1195_1455,0.00001
2017_1195_1457,0.00001
2017_1195_1458,0.08917
2017_1195_1462,0.24941
2017_1196_1199,0.57967
2017_1196_1211,0.32665
2017_1196_1233,0.00001
2017_1196_1235,0.00001
2017_1196_1240,0.00001
2017_1196_1242,0.00001
2017_1196_1243,0.00001
2017_1196_1245,0.00001
2017_1196_1246,0.00001
2017_1196_1257,0.00001
2017_1196_1266,0.71997
2017_1196_1268,0.7822
2017_1196_1274,0.00001
2017_1196_1276,0.00001
2017_1196_1277,0.00001
2017_1196_1278,0.00001
2017_1196_1291,0.95
2017_1196_1292,0.00001
2017_1196_1297,0.00001
2017_1196_1300,0.00001
2017_1196_1305,0.00001
2017_1196_1308,0.93724
2017_1196_1309,0.95
2017_1196_1314,0.00001
2017_1196_1315,0.95
2017_1196_1321,0.76181
2017_1196_1323,0.6156
2017_1196_1329,0.00001
2017_1196_1332,0.00001
2017_1196_1343,0.83612
2017_1196_1344,0.84115
2017_1196_1345,0.00001
2017_1196_1348,0.00001
2017_1196_1355,0.95
2017_1196_1371,0.00001
2017_1196_1374,0.52019
2017_1196_1376,0.73582
2017_1196_1388,0.52946
2017_1196_1407,0.95
2017_1196_1411,0.00001
2017_1196_1413,0.00001
2017_1196_1417,0.00001
2017_1196_1423,0.85677
2017_1196_1425,0.8531
2017_1196_1433,0.8037
2017_1196_1435,0.74691
2017_1196_1436,0.00001
2017_1196_1437,0.40013
2017_1196_1438,0.49226
2017_1196_1439,0.78761
2017_1196_1448,0.00001
2017_1196_1452,0.48528
2017_1196_1455,0.00001
2017_1196_1457,0.00001
2017_1196_1458,0.58451
2017_1196_1462,0.77703
2017_1199_1211,0.22643
2017_1199_1233,0.00001
2017_1199_1235,0.00001
2017_1199_1240,0.00001
2017_1199_1242,0.00001
2017_1199_1243,0.00001
2017_1199_1245,0.00001
2017_1199_1246,0.00001
2017_1199_1257,0.00001
2017_1199_1266,0.62576
2017_1199_1268,0.69096
2017_1199_1274,0.00001
2017_1199_1276,0.00001
2017_1199_1277,0.00001
2017_1199_1278,0.00001
2017_1199_1291,0.95
2017_1199_1292,0.00001
2017_1199_1297,0.00001
2017_1199_1300,0.00001
2017_1199_1305,0.00001
2017_1199_1308,0.87744
2017_1199_1309,0.95
2017_1199_1314,0.00001
2017_1199_1315,0.95
2017_1199_1321,0.67172
2017_1199_1323,0.53177
2017_1199_1329,0.00001
2017_1199_1332,0.00001
2017_1199_1343,0.74856
2017_1199_1344,0.75167
2017_1199_1345,0.00001
2017_1199_1348,0.00001
2017_1199_1355,0.95
2017_1199_1371,0.00001
2017_1199_1374,0.44708
2017_1199_1376,0.64304
2017_1199_1388,0.45962
2017_1199_1407,0.95
2017_1199_1411,0.00001
2017_1199_1413,0.00001
2017_1199_1417,0.00001
2017_1199_1423,0.7652
2017_1199_1425,0.76236
2017_1199_1433,0.7119
2017_1199_1435,0.65619
2017_1199_1436,0.00001
2017_1199_1437,0.30577
2017_1199_1438,0.41731
2017_1199_1439,0.69556
2017_1199_1448,0.00001
2017_1199_1452,0.40143
2017_1199_1455,0.00001
2017_1199_1457,0.00001
2017_1199_1458,0.50813
2017_1199_1462,0.68565
2017_1211_1233,0.00001
2017_1211_1235,0.00001
2017_1211_1240,0.00001
2017_1211_1242,0.00001
2017_1211_1243,0.00001
2017_1211_1245,0.00001
2017_1211_1246,0.00001
2017_1211_1257,0.00001
2017_1211_1266,0.90603
2017_1211_1268,0.93994
2017_1211_1274,0.00001
2017_1211_1276,0.00001
2017_1211_1277,0.00001
2017_1211_1278,0.00001
2017_1211_1291,0.95
2017_1211_1292,0.00001
2017_1211_1297,0.00001
2017_1211_1300,0.00001
2017_1211_1305,0.00001
2017_1211_1308,0.95
2017_1211_1309,0.95
2017_1211_1314,0.00001
2017_1211_1315,0.95
2017_1211_1321,0.92823
2017_1211_1323,0.80665
2017_1211_1329,0.00001
2017_1211_1332,0.00001
2017_1211_1343,0.95
2017_1211_1344,0.95
2017_1211_1345,0.00001
2017_1211_1348,0.00001
2017_1211_1355,0.95
2017_1211_1371,0.00001
2017_1211_1374,0.69247
2017_1211_1376,0.91512
2017_1211_1388,0.69845
2017_1211_1407,0.95
2017_1211_1411,0.00001
2017_1211_1413,0.00001
2017_1211_1417,0.00001
2017_1211_1423,0.95
2017_1211_1425,0.95
2017_1211_1433,0.95
2017_1211_1435,0.92013
2017_1211_1436,0.00001
2017_1211_1437,0.5528
2017_1211_1438,0.64918
2017_1211_1439,0.94317
2017_1211_1448,0.00001
2017_1211_1452,0.6553
2017_1211_1455,0.00001
2017_1211_1457,0.00001
2017_1211_1458,0.76847
2017_1211_1462,0.93749
2017_1233_1235,0.05
2017_1233_1240,0.56659
2017_1233_1242,0.05
2017_1233_1243,0.14125
2017_1233_1245,0.54545
2017_1233_1246,0.05
2017_1233_1257,0.05
2017_1233_1266,0.00001
2017_1233_1268,0.00001
2017_1233_1274,0.17842
2017_1233_1276,0.06051
2017_1233_1277,0.22056
2017_1233_1278,0.17315
2017_1233_1291,0.00001
2017_1233_1292,0.23116
2017_1233_1297,0.55459
2017_1233_1300,0.57804
2017_1233_1305,0.25009
2017_1233_1308,0.00001
2017_1233_1309,0.00001
2017_1233_1314,0.05
2017_1233_1315,0.00001
2017_1233_1321,0.00001
2017_1233_1323,0.00001
2017_1233_1329,0.05422
2017_1233_1332,0.07152
2017_1233_1343,0.00001
2017_1233_1344,0.00001
2017_1233_1345,0.05
2017_1233_1348,0.20538
2017_1233_1355,0.00001
2017_1233_1371,0.24926
2017_1233_1374,0.00001
2017_1233_1376,0.00001
2017_1233_1388,0.00001
2017_1233_1407,0.00001
2017_1233_1411,0.68989
2017_1233_1413,0.70123
2017_1233_1417,0.05
2017_1233_1423,0.00001
2017_1233_1425,0.00001
2017_1233_1433,0.00001
2017_1233_1435,0.00001
2017_1233_1436,0.30562
2017_1233_1437,0.00001
2017_1233_1438,0.00001
2017_1233_1439,0.00001
2017_1233_1448,0.15922
2017_1233_1452,0.00001
2017_1233_1455,0.05
2017_1233_1457,0.48062
2017_1233_1458,0.00001
2017_1233_1462,0.00001
2017_1235_1240,0.95
2017_1235_1242,0.43831
2017_1235_1243,0.61933
2017_1235_1245,0.95
2017_1235_1246,0.4117
2017_1235_1257,0.42252
2017_1235_1266,0.00001
2017_1235_1268,0.00001
2017_1235_1274,0.64427
2017_1235_1276,0.50992
2017_1235_1277,0.69973
2017_1235_1278,0.6632
2017_1235_1291,0.00001
2017_1235_1292,0.70106
2017_1235_1297,0.95
2017_1235_1300,0.95
2017_1235_1305,0.72947
2017_1235_1308,0.00001
2017_1235_1309,0.00001
2017_1235_1314,0.38961
2017_1235_1315,0.00001
2017_1235_1321,0.00001
2017_1235_1323,0.00001
2017_1235_1329,0.52112
2017_1235_1332,0.48977
2017_1235_1343,0.00001
2017_1235_1344,0.00001
2017_1235_1345,0.47909
2017_1235_1348,0.68293
2017_1235_1355,0.00001
2017_1235_1371,0.73016
2017_1235_1374,0.00001
2017_1235_1376,0.00001
2017_1235_1388,0.00001
2017_1235_1407,0.00001
2017_1235_1411,0.95
2017_1235_1413,0.95
2017_1235_1417,0.50643
2017_1235_1423,0.00001
2017_1235_1425,0.00001
2017_1235_1433,0.00001
2017_1235_1435,0.00001
2017_1235_1436,0.77462
2017_1235_1437,0.00001
2017_1235_1438,0.00001
2017_1235_1439,0.00001
2017_1235_1448,0.6538
2017_1235_1452,0.00001
2017_1235_1455,0.42703
2017_1235_1457,0.94429
2017_1235_1458,0.00001
2017_1235_1462,0.00001
2017_1240_1242,0.05
2017_1240_1243,0.09105
2017_1240_1245,0.4799
2017_1240_1246,0.05
2017_1240_1257,0.05
2017_1240_1266,0.00001
2017_1240_1268,0.00001
2017_1240_1274,0.12162
2017_1240_1276,0.05
2017_1240_1277,0.1561
2017_1240_1278,0.11332
2017_1240_1291,0.00001
2017_1240_1292,0.1676
2017_1240_1297,0.48806
2017_1240_1300,0.50789
2017_1240_1305,0.18154
2017_1240_1308,0.00001
2017_1240_1309,0.00001
2017_1240_1314,0.05
2017_1240_1315,0.00001
2017_1240_1321,0.00001
2017_1240_1323,0.00001
2017_1240_1329,0.05
2017_1240_1332,0.05
2017_1240_1343,0.00001
2017_1240_1344,0.00001
2017_1240_1345,0.05
2017_1240_1348,0.14263
2017_1240_1355,0.00001
2017_1240_1371,0.18247
2017_1240_1374,0.00001
2017_1240_1376,0.00001
2017_1240_1388,0.00001
2017_1240_1407,0.00001
2017_1240_1411,0.59919
2017_1240_1413,0.60949
2017_1240_1417,0.05
2017_1240_1423,0.00001
2017_1240_1425,0.00001
2017_1240_1433,0.00001
2017_1240_1435,0.00001
2017_1240_1436,0.23817
2017_1240_1437,0.00001
2017_1240_1438,0.00001
2017_1240_1439,0.00001
2017_1240_1448,0.10186
2017_1240_1452,0.00001
2017_1240_1455,0.05
2017_1240_1457,0.41131
2017_1240_1458,0.00001
2017_1240_1462,0.00001
2017_1242_1243,0.69693
2017_1242_1245,0.95
2017_1242_1246,0.47817
2017_1242_1257,0.48534
2017_1242_1266,0.00001
2017_1242_1268,0.00001
2017_1242_1274,0.72066
2017_1242_1276,0.57072
2017_1242_1277,0.77878
2017_1242_1278,0.74324
2017_1242_1291,0.00001
2017_1242_1292,0.77885
2017_1242_1297,0.95
2017_1242_1300,0.95
2017_1242_1305,0.82138
2017_1242_1308,0.00001
2017_1242_1309,0.00001
2017_1242_1314,0.45839
2017_1242_1315,0.00001
2017_1242_1321,0.00001
2017_1242_1323,0.00001
2017_1242_1329,0.58795
2017_1242_1332,0.54938
2017_1242_1343,0.00001
2017_1242_1344,0.00001
2017_1242_1345,0.53881
2017_1242_1348,0.76147
2017_1242_1355,0.00001
2017_1242_1371,0.81009
2017_1242_1374,0.00001
2017_1242_1376,0.00001
2017_1242_1388,0.00001
2017_1242_1407,0.00001
2017_1242_1411,0.95
2017_1242_1413,0.95
2017_1242_1417,0.57175
2017_1242_1423,0.00001
2017_1242_1425,0.00001
2017_1242_1433,0.00001
2017_1242_1435,0.00001
2017_1242_1436,0.85293
2017_1242_1437,0.00001
2017_1242_1438,0.00001
2017_1242_1439,0.00001
2017_1242_1448,0.73437
2017_1242_1452,0.00001
2017_1242_1455,0.48948
2017_1242_1457,0.95
2017_1242_1458,0.00001
2017_1242_1462,0.00001
2017_1243_1245,0.90111
2017_1243_1246,0.27144
2017_1243_1257,0.28797
2017_1243_1266,0.00001
2017_1243_1268,0.00001
2017_1243_1274,0.5217
2017_1243_1276,0.3985
2017_1243_1277,0.56362
2017_1243_1278,0.53123
2017_1243_1291,0.00001
2017_1243_1292,0.56697
2017_1243_1297,0.90787
2017_1243_1300,0.92226
2017_1243_1305,0.59741
2017_1243_1308,0.00001
2017_1243_1309,0.00001
2017_1243_1314,0.25084
2017_1243_1315,0.00001
2017_1243_1321,0.00001
2017_1243_1323,0.00001
2017_1243_1329,0.40465
2017_1243_1332,0.36907
2017_1243_1343,0.00001
2017_1243_1344,0.00001
2017_1243_1345,0.35339
2017_1243_1348,0.54986
2017_1243_1355,0.00001
2017_1243_1371,0.59051
2017_1243_1374,0.00001
2017_1243_1376,0.00001
2017_1243_1388,0.00001
2017_1243_1407,0.00001
2017_1243_1411,0.95
2017_1243_1413,0.95
2017_1243_1417,0.3837
2017_1243_1423,0.00001
2017_1243_1425,0.00001
2017_1243_1433,0.00001
2017_1243_1435,0.00001
2017_1243_1436,0.63592
2017_1243_1437,0.00001
2017_1243_1438,0.00001
2017_1243_1439,0.00001
2017_1243_1448,0.523
2017_1243_1452,0.00001
2017_1243_1455,0.29227
2017_1243_1457,0.83633
2017_1243_1458,0.00001
2017_1243_1462,0.00001
2017_1245_1246,0.05
2017_1245_1257,0.05
2017_1245_1266,0.00001
2017_1245_1268,0.00001
2017_1245_1274,0.13149
2017_1245_1276,0.05
2017_1245_1277,0.16933
2017_1245_1278,0.12403
2017_1245_1291,0.00001
2017_1245_1292,0.1807
2017_1245_1297,0.50825
2017_1245_1300,0.52893
2017_1245_1305,0.1969
2017_1245_1308,0.00001
2017_1245_1309,0.00001
2017_1245_1314,0.05
2017_1245_1315,0.00001
2017_1245_1321,0.00001
2017_1245_1323,0.00001
2017_1245_1329,0.05
2017_1245_1332,0.05
2017_1245_1343,0.00001
2017_1245_1344,0.00001
2017_1245_1345,0.05
2017_1245_1348,0.15502
2017_1245_1355,0.00001
2017_1245_1371,0.19716
2017_1245_1374,0.00001
2017_1245_1376,0.00001
2017_1245_1388,0.00001
2017_1245_1407,0.00001
2017_1245_1411,0.62972
2017_1245_1413,0.64069
2017_1245_1417,0.051
2017_1245_1423,0.00001
2017_1245_1425,0.00001
2017_1245_1433,0.00001
2017_1245_1435,0.00001
2017_1245_1436,0.25404
2017_1245_1437,0.00001
2017_1245_1438,0.00001
2017_1245_1439,0.00001
2017_1245_1448,0.1118
2017_1245_1452,0.00001
2017_1245_1455,0.05
2017_1245_1457,0.43306
2017_1245_1458,0.00001
2017_1245_1462,0.00001
2017_1246_1257,0.5064
2017_1246_1266,0.00001
2017_1246_1268,0.00001
2017_1246_1274,0.75217
2017_1246_1276,0.59709
2017_1246_1277,0.81214
2017_1246_1278,0.77629
2017_1246_1291,0.00001
2017_1246_1292,0.81185
2017_1246_1297,0.95
2017_1246_1300,0.95
2017_1246_1305,0.85508
2017_1246_1308,0.00001
2017_1246_1309,0.00001
2017_1246_1314,0.48032
2017_1246_1315,0.00001
2017_1246_1321,0.00001
2017_1246_1323,0.00001
2017_1246_1329,0.61696
2017_1246_1332,0.57463
2017_1246_1343,0.00001
2017_1246_1344,0.00001
2017_1246_1345,0.56326
2017_1246_1348,0.79442
2017_1246_1355,0.00001
2017_1246_1371,0.84365
2017_1246_1374,0.00001
2017_1246_1376,0.00001
2017_1246_1388,0.00001
2017_1246_1407,0.00001
2017_1246_1411,0.95
2017_1246_1413,0.95
2017_1246_1417,0.60002
2017_1246_1423,0.00001
2017_1246_1425,0.00001
2017_1246_1433,0.00001
2017_1246_1435,0.00001
2017_1246_1436,0.88392
2017_1246_1437,0.00001
2017_1246_1438,0.00001
2017_1246_1439,0.00001
2017_1246_1448,0.76743
2017_1246_1452,0.00001
2017_1246_1455,0.51071
2017_1246_1457,0.95
2017_1246_1458,0.00001
2017_1246_1462,0.00001
2017_1257_1266,0.00001
2017_1257_1268,0.00001
2017_1257_1274,0.73479
2017_1257_1276,0.58592
2017_1257_1277,0.79267
2017_1257_1278,0.7581
2017_1257_1291,0.00001
2017_1257_1292,0.79232
2017_1257_1297,0.95
2017_1257_1300,0.95
2017_1257_1305,0.83492
2017_1257_1308,0.00001
2017_1257_1309,0.00001
2017_1257_1314,0.47454
2017_1257_1315,0.00001
2017_1257_1321,0.00001
2017_1257_1323,0.00001
2017_1257_1329,0.60453
2017_1257_1332,0.56457
2017_1257_1343,0.00001
2017_1257_1344,0.00001
2017_1257_1345,0.55399
2017_1257_1348,0.77553
2017_1257_1355,0.00001
2017_1257_1371,0.8235
2017_1257_1374,0.00001
2017_1257_1376,0.00001
2017_1257_1388,0.00001
2017_1257_1407,0.00001
2017_1257_1411,0.95
2017_1257_1413,0.95
2017_1257_1417,0.58844
2017_1257_1423,0.00001
2017_1257_1425,0.00001
2017_1257_1433,0.00001
2017_1257_1435,0.00001
2017_1257_1436,0.86432
2017_1257_1437,0.00001
2017_1257_1438,0.00001
2017_1257_1439,0.00001
2017_1257_1448,0.74957
2017_1257_1452,0.00001
2017_1257_1455,0.50414
2017_1257_1457,0.95
2017_1257_1458,0.00001
2017_1257_1462,0.00001
2017_1266_1268,0.55408
2017_1266_1274,0.00001
2017_1266_1276,0.00001
2017_1266_1277,0.00001
2017_1266_1278,0.00001
2017_1266_1291,0.95
2017_1266_1292,0.00001
2017_1266_1297,0.00001
2017_1266_1300,0.00001
2017_1266_1305,0.00001
2017_1266_1308,0.73656
2017_1266_1309,0.93802
2017_1266_1314,0.00001
2017_1266_1315,0.939
2017_1266_1321,0.53982
2017_1266_1323,0.41702
2017_1266_1329,0.00001
2017_1266_1332,0.00001
2017_1266_1343,0.61034
2017_1266_1344,0.61047
2017_1266_1345,0.00001
2017_1266_1348,0.00001
2017_1266_1355,0.94467
2017_1266_1371,0.00001
2017_1266_1374,0.31563
2017_1266_1376,0.47599
2017_1266_1388,0.33506
2017_1266_1407,0.89055
2017_1266_1411,0.00001
2017_1266_1413,0.00001
2017_1266_1417,0.00001
2017_1266_1423,0.61956
2017_1266_1425,0.61821
2017_1266_1433,0.57133
2017_1266_1435,0.52698
2017_1266_1436,0.00001
2017_1266_1437,0.16929
2017_1266_1438,0.28711
2017_1266_1439,0.55694
2017_1266_1448,0.00001
2017_1266_1452,0.25896
2017_1266_1455,0.00001
2017_1266_1457,0.00001
2017_1266_1458,0.39213
2017_1266_1462,0.54946
2017_1268_1274,0.00001
2017_1268_1276,0.00001
2017_1268_1277,0.00001
2017_1268_1278,0.00001
2017_1268_1291,0.94296
2017_1268_1292,0.00001
2017_1268_1297,0.00001
2017_1268_1300,0.00001
2017_1268_1305,0.00001
2017_1268_1308,0.66454
2017_1268_1309,0.88943
2017_1268_1314,0.00001
2017_1268_1315,0.88926
2017_1268_1321,0.48798
2017_1268_1323,0.35463
2017_1268_1329,0.00001
2017_1268_1332,0.00001
2017_1268_1343,0.54896
2017_1268_1344,0.54789
2017_1268_1345,0.00001
2017_1268_1348,0.00001
2017_1268_1355,0.90014
2017_1268_1371,0.00001
2017_1268_1374,0.25547
2017_1268_1376,0.46231
2017_1268_1388,0.27665
2017_1268_1407,0.82035
2017_1268_1411,0.00001
2017_1268_1413,0.00001
2017_1268_1417,0.00001
2017_1268_1423,0.55412
2017_1268_1425,0.55352
2017_1268_1433,0.51435
2017_1268_1435,0.47566
2017_1268_1436,0.00001
2017_1268_1437,0.11611
2017_1268_1438,0.23011
2017_1268_1439,0.50205
2017_1268_1448,0.00001
2017_1268_1452,0.19654
2017_1268_1455,0.00001
2017_1268_1457,0.00001
2017_1268_1458,0.33089
2017_1268_1462,0.53625
2017_1274_1276,0.3748
2017_1274_1277,0.55464
2017_1274_1278,0.50802
2017_1274_1291,0.00001
2017_1274_1292,0.54153
2017_1274_1297,0.87654
2017_1274_1300,0.89483
2017_1274_1305,0.56818
2017_1274_1308,0.00001
2017_1274_1309,0.00001
2017_1274_1314,0.22823
2017_1274_1315,0.00001
2017_1274_1321,0.00001
2017_1274_1323,0.00001
2017_1274_1329,0.3793
2017_1274_1332,0.34463
2017_1274_1343,0.00001
2017_1274_1344,0.00001
2017_1274_1345,0.3287
2017_1274_1348,0.52569
2017_1274_1355,0.00001
2017_1274_1371,0.56224
2017_1274_1374,0.00001
2017_1274_1376,0.00001
2017_1274_1388,0.00001
2017_1274_1407,0.00001
2017_1274_1411,0.95
2017_1274_1413,0.95
2017_1274_1417,0.35755
2017_1274_1423,0.00001
2017_1274_1425,0.00001
2017_1274_1433,0.00001
2017_1274_1435,0.00001
2017_1274_1436,0.60485
2017_1274_1437,0.00001
2017_1274_1438,0.00001
2017_1274_1439,0.00001
2017_1274_1448,0.5
2017_1274_1452,0.00001
2017_1274_1455,0.26924
2017_1274_1457,0.79878
2017_1274_1458,0.00001
2017_1274_1462,0.00001
2017_1276_1277,0.67808
2017_1276_1278,0.64291
2017_1276_1291,0.00001
2017_1276_1292,0.67944
2017_1276_1297,0.95
2017_1276_1300,0.95
2017_1276_1305,0.71678
2017_1276_1308,0.00001
2017_1276_1309,0.00001
2017_1276_1314,0.38168
2017_1276_1315,0.00001
2017_1276_1321,0.00001
2017_1276_1323,0.00001
2017_1276_1329,0.55134
2017_1276_1332,0.48026
2017_1276_1343,0.00001
2017_1276_1344,0.00001
2017_1276_1345,0.46972
2017_1276_1348,0.66195
2017_1276_1355,0.00001
2017_1276_1371,0.70734
2017_1276_1374,0.00001
2017_1276_1376,0.00001
2017_1276_1388,0.00001
2017_1276_1407,0.00001
2017_1276_1411,0.95
2017_1276_1413,0.95
2017_1276_1417,0.49588
2017_1276_1423,0.00001
2017_1276_1425,0.00001
2017_1276_1433,0.00001
2017_1276_1435,0.00001
2017_1276_1436,0.75001
2017_1276_1437,0.00001
2017_1276_1438,0.00001
2017_1276_1439,0.00001
2017_1276_1448,0.63388
2017_1276_1452,0.00001
2017_1276_1455,0.4185
2017_1276_1457,0.92825
2017_1276_1458,0.00001
2017_1276_1462,0.00001
2017_1277_1278,0.46867
2017_1277_1291,0.00001
2017_1277_1292,0.50397
2017_1277_1297,0.83986
2017_1277_1300,0.8619
2017_1277_1305,0.52715
2017_1277_1308,0.00001
2017_1277_1309,0.00001
2017_1277_1314,0.16853
2017_1277_1315,0.00001
2017_1277_1321,0.00001
2017_1277_1323,0.00001
2017_1277_1329,0.324
2017_1277_1332,0.28935
2017_1277_1343,0.00001
2017_1277_1344,0.00001
2017_1277_1345,0.27233
2017_1277_1348,0.48792
2017_1277_1355,0.00001
2017_1277_1371,0.5225
2017_1277_1374,0.00001
2017_1277_1376,0.00001
2017_1277_1388,0.00001
2017_1277_1407,0.00001
2017_1277_1411,0.94158
2017_1277_1413,0.94661
2017_1277_1417,0.30043
2017_1277_1423,0.00001
2017_1277_1425,0.00001
2017_1277_1433,0.00001
2017_1277_1435,0.00001
2017_1277_1436,0.56265
2017_1277_1437,0.00001
2017_1277_1438,0.00001
2017_1277_1439,0.00001
2017_1277_1448,0.4595
2017_1277_1452,0.00001
2017_1277_1455,0.2113
2017_1277_1457,0.75578
2017_1277_1458,0.00001
2017_1277_1462,0.00001
2017_1278_1291,0.00001
2017_1278_1292,0.48906
2017_1278_1297,0.88392
2017_1278_1300,0.90246
2017_1278_1305,0.56202
2017_1278_1308,0.00001
2017_1278_1309,0.00001
2017_1278_1314,0.20308
2017_1278_1315,0.00001
2017_1278_1321,0.00001
2017_1278_1323,0.00001
2017_1278_1329,0.36166
2017_1278_1332,0.32515
2017_1278_1343,0.00001
2017_1278_1344,0.00001
2017_1278_1345,0.30842
2017_1278_1348,0.51857
2017_1278_1355,0.00001
2017_1278_1371,0.55623
2017_1278_1374,0.00001
2017_1278_1376,0.00001
2017_1278_1388,0.00001
2017_1278_1407,0.00001
2017_1278_1411,0.95
2017_1278_1413,0.95
2017_1278_1417,0.33861
2017_1278_1423,0.00001
2017_1278_1425,0.00001
2017_1278_1433,0.00001
2017_1278_1435,0.00001
2017_1278_1436,0.60063
2017_1278_1437,0.00001
2017_1278_1438,0.00001
2017_1278_1439,0.00001
2017_1278_1448,0.49151
2017_1278_1452,0.00001
2017_1278_1455,0.24614
2017_1278_1457,0.80294
2017_1278_1458,0.00001
2017_1278_1462,0.00001
2017_1291_1292,0.00001
2017_1291_1297,0.00001
2017_1291_1300,0.00001
2017_1291_1305,0.00001
2017_1291_1308,0.20027
2017_1291_1309,0.43171
2017_1291_1314,0.00001
2017_1291_1315,0.41376
2017_1291_1321,0.05346
2017_1291_1323,0.05
2017_1291_1329,0.00001
2017_1291_1332,0.00001
2017_1291_1343,0.10224
2017_1291_1344,0.09306
2017_1291_1345,0.00001
2017_1291_1348,0.00001
2017_1291_1355,0.44046
2017_1291_1371,0.00001
2017_1291_1374,0.05
2017_1291_1376,0.05
2017_1291_1388,0.05
2017_1291_1407,0.35389
2017_1291_1411,0.00001
2017_1291_1413,0.00001
2017_1291_1417,0.00001
2017_1291_1423,0.08788
2017_1291_1425,0.09087
2017_1291_1433,0.0639
2017_1291_1435,0.05
2017_1291_1436,0.00001
2017_1291_1437,0.05
2017_1291_1438,0.05
2017_1291_1439,0.05623
2017_1291_1448,0.00001
2017_1291_1452,0.05
2017_1291_1455,0.00001
2017_1291_1457,0.00001
2017_1291_1458,0.05
2017_1291_1462,0.05455
2017_1292_1297,0.82837
2017_1292_1300,0.8505
2017_1292_1305,0.5225
2017_1292_1308,0.00001
2017_1292_1309,0.00001
2017_1292_1314,0.16933
2017_1292_1315,0.00001
2017_1292_1321,0.00001
2017_1292_1323,0.00001
2017_1292_1329,0.3221
2017_1292_1332,0.28832
2017_1292_1343,0.00001
2017_1292_1344,0.00001
2017_1292_1345,0.27145
2017_1292_1348,0.48417
2017_1292_1355,0.00001
2017_1292_1371,0.51801
2017_1292_1374,0.00001
2017_1292_1376,0.00001
2017_1292_1388,0.00001
2017_1292_1407,0.00001
2017_1292_1411,0.9348
2017_1292_1413,0.94023
2017_1292_1417,0.29875
2017_1292_1423,0.00001
2017_1292_1425,0.00001
2017_1292_1433,0.00001
2017_1292_1435,0.00001
2017_1292_1436,0.55705
2017_1292_1437,0.00001
2017_1292_1438,0.00001
2017_1292_1439,0.00001
2017_1292_1448,0.45588
2017_1292_1452,0.00001
2017_1292_1455,0.21153
2017_1292_1457,0.74563
2017_1292_1458,0.00001
2017_1292_1462,0.00001
2017_1297_1300,0.52049
2017_1297_1305,0.18718
2017_1297_1308,0.00001
2017_1297_1309,0.00001
2017_1297_1314,0.05
2017_1297_1315,0.00001
2017_1297_1321,0.00001
2017_1297_1323,0.00001
2017_1297_1329,0.05
2017_1297_1332,0.05
2017_1297_1343,0.00001
2017_1297_1344,0.00001
2017_1297_1345,0.05
2017_1297_1348,0.14613
2017_1297_1355,0.00001
2017_1297_1371,0.18766
2017_1297_1374,0.00001
2017_1297_1376,0.00001
2017_1297_1388,0.00001
2017_1297_1407,0.00001
2017_1297_1411,0.61851
2017_1297_1413,0.62939
2017_1297_1417,0.05
2017_1297_1423,0.00001
2017_1297_1425,0.00001
2017_1297_1433,0.00001
2017_1297_1435,0.00001
2017_1297_1436,0.2446
2017_1297_1437,0.00001
2017_1297_1438,0.00001
2017_1297_1439,0.00001
2017_1297_1448,0.10419
2017_1297_1452,0.00001
2017_1297_1455,0.05
2017_1297_1457,0.42343
2017_1297_1458,0.00001
2017_1297_1462,0.00001
2017_1300_1305,0.16332
2017_1300_1308,0.00001
2017_1300_1309,0.00001
2017_1300_1314,0.05
2017_1300_1315,0.00001
2017_1300_1321,0.00001
2017_1300_1323,0.00001
2017_1300_1329,0.05
2017_1300_1332,0.05
2017_1300_1343,0.00001
2017_1300_1344,0.00001
2017_1300_1345,0.05
2017_1300_1348,0.125
2017_1300_1355,0.00001
2017_1300_1371,0.16431
2017_1300_1374,0.00001
2017_1300_1376,0.00001
2017_1300_1388,0.00001
2017_1300_1407,0.00001
2017_1300_1411,0.59166
2017_1300_1413,0.60193
2017_1300_1417,0.05
2017_1300_1423,0.00001
2017_1300_1425,0.00001
2017_1300_1433,0.00001
2017_1300_1435,0.00001
2017_1300_1436,0.22116
2017_1300_1437,0.00001
2017_1300_1438,0.00001
2017_1300_1439,0.00001
2017_1300_1448,0.08724
2017_1300_1452,0.00001
2017_1300_1455,0.05
2017_1300_1457,0.39881
2017_1300_1458,0.00001
2017_1300_1462,0.00001
2017_1305_1308,0.00001
2017_1305_1309,0.00001
2017_1305_1314,0.12701
2017_1305_1315,0.00001
2017_1305_1321,0.00001
2017_1305_1323,0.00001
2017_1305_1329,0.28366
2017_1305_1332,0.24912
2017_1305_1343,0.00001
2017_1305_1344,0.00001
2017_1305_1345,0.23123
2017_1305_1348,0.45993
2017_1305_1355,0.00001
2017_1305_1371,0.49585
2017_1305_1374,0.00001
2017_1305_1376,0.00001
2017_1305_1388,0.00001
2017_1305_1407,0.00001
2017_1305_1411,0.92951
2017_1305_1413,0.93543
2017_1305_1417,0.25901
2017_1305_1423,0.00001
2017_1305_1425,0.00001
2017_1305_1433,0.00001
2017_1305_1435,0.00001
2017_1305_1436,0.53518
2017_1305_1437,0.00001
2017_1305_1438,0.00001
2017_1305_1439,0.00001
2017_1305_1448,0.42746
2017_1305_1452,0.00001
2017_1305_1455,0.16896
2017_1305_1457,0.72568
2017_1305_1458,0.00001
2017_1305_1462,0.00001
2017_1308_1309,0.71346
2017_1308_1314,0.00001
2017_1308_1315,0.70608
2017_1308_1321,0.32242
2017_1308_1323,0.17036
2017_1308_1329,0.00001
2017_1308_1332,0.00001
2017_1308_1343,0.40198
2017_1308_1344,0.39698
2017_1308_1345,0.00001
2017_1308_1348,0.00001
2017_1308_1355,0.72584
2017_1308_1371,0.00001
2017_1308_1374,0.08837
2017_1308_1376,0.28555
2017_1308_1388,0.10837
2017_1308_1407,0.63628
2017_1308_1411,0.00001
2017_1308_1413,0.00001
2017_1308_1417,0.00001
2017_1308_1423,0.39872
2017_1308_1425,0.39989
2017_1308_1433,0.35278
2017_1308_1435,0.30584
2017_1308_1436,0.00001
2017_1308_1437,0.05
2017_1308_1438,0.0764
2017_1308_1439,0.33651
2017_1308_1448,0.00001
2017_1308_1452,0.05246
2017_1308_1455,0.00001
2017_1308_1457,0.00001
2017_1308_1458,0.15226
2017_1308_1462,0.32998
2017_1309_1314,0.00001
2017_1309_1315,0.48751
2017_1309_1321,0.10319
2017_1309_1323,0.05
2017_1309_1329,0.00001
2017_1309_1332,0.00001
2017_1309_1343,0.17895
2017_1309_1344,0.16878
2017_1309_1345,0.00001
2017_1309_1348,0.00001
2017_1309_1355,0.50807
2017_1309_1371,0.00001
2017_1309_1374,0.05
2017_1309_1376,0.07502
2017_1309_1388,0.05
2017_1309_1407,0.43581
2017_1309_1411,0.00001
2017_1309_1413,0.00001
2017_1309_1417,0.00001
2017_1309_1423,0.16358
2017_1309_1425,0.16721
2017_1309_1433,0.12339
2017_1309_1435,0.09045
2017_1309_1436,0.00001
2017_1309_1437,0.05
2017_1309_1438,0.05
2017_1309_1439,0.10965
2017_1309_1448,0.00001
2017_1309_1452,0.05
2017_1309_1455,0.00001
2017_1309_1457,0.00001
2017_1309_1458,0.05
2017_1309_1462,0.10602
2017_1314_1315,0.00001
2017_1314_1321,0.00001
2017_1314_1323,0.00001
2017_1314_1329,0.6398
2017_1314_1332,0.59606
2017_1314_1343,0.00001
2017_1314_1344,0.00001
2017_1314_1345,0.58471
2017_1314_1348,0.81407
2017_1314_1355,0.00001
2017_1314_1371,0.8618
2017_1314_1374,0.00001
2017_1314_1376,0.00001
2017_1314_1388,0.00001
2017_1314_1407,0.00001
2017_1314_1411,0.95
2017_1314_1413,0.95
2017_1314_1417,0.62329
2017_1314_1423,0.00001
2017_1314_1425,0.00001
2017_1314_1433,0.00001
2017_1314_1435,0.00001
2017_1314_1436,0.89828
2017_1314_1437,0.00001
2017_1314_1438,0.00001
2017_1314_1439,0.00001
2017_1314_1448,0.78843
2017_1314_1452,0.00001
2017_1314_1455,0.52989
2017_1314_1457,0.95
2017_1314_1458,0.00001
2017_1314_1462,0.00001
2017_1315_1321,0.1027
2017_1315_1323,0.05
2017_1315_1329,0.00001
2017_1315_1332,0.00001
2017_1315_1343,0.18115
2017_1315_1344,0.17122
2017_1315_1345,0.00001
2017_1315_1348,0.00001
2017_1315_1355,0.52111
2017_1315_1371,0.00001
2017_1315_1374,0.05
2017_1315_1376,0.07417
2017_1315_1388,0.05
2017_1315_1407,0.44735
2017_1315_1411,0.00001
2017_1315_1413,0.00001
2017_1315_1417,0.00001
2017_1315_1423,0.16669
2017_1315_1425,0.17016
2017_1315_1433,0.12428
2017_1315_1435,0.08966
2017_1315_1436,0.00001
2017_1315_1437,0.05
2017_1315_1438,0.05
2017_1315_1439,0.11004
2017_1315_1448,0.00001
2017_1315_1452,0.05
2017_1315_1455,0.00001
2017_1315_1457,0.00001
2017_1315_1458,0.05
2017_1315_1462,0.10603
2017_1321_1323,0.37268
2017_1321_1329,0.00001
2017_1321_1332,0.00001
2017_1321_1343,0.56122
2017_1321_1344,0.56047
2017_1321_1345,0.00001
2017_1321_1348,0.00001
2017_1321_1355,0.90717
2017_1321_1371,0.00001
2017_1321_1374,0.27476
2017_1321_1376,0.47555
2017_1321_1388,0.29524
2017_1321_1407,0.83098
2017_1321_1411,0.00001
2017_1321_1413,0.00001
2017_1321_1417,0.00001
2017_1321_1423,0.5672
2017_1321_1425,0.56642
2017_1321_1433,0.52652
2017_1321_1435,0.44538
2017_1321_1436,0.00001
2017_1321_1437,0.13515
2017_1321_1438,0.24944
2017_1321_1439,0.51415
2017_1321_1448,0.00001
2017_1321_1452,0.21735
2017_1321_1455,0.00001
2017_1321_1457,0.00001
2017_1321_1458,0.34907
2017_1321_1462,0.50802
2017_1323_1329,0.00001
2017_1323_1332,0.00001
2017_1323_1343,0.72329
2017_1323_1344,0.70486
2017_1323_1345,0.00001
2017_1323_1348,0.00001
2017_1323_1355,0.95
2017_1323_1371,0.00001
2017_1323_1374,0.41415
2017_1323_1376,0.59937
2017_1323_1388,0.42867
2017_1323_1407,0.94494
2017_1323_1411,0.00001
2017_1323_1413,0.00001
2017_1323_1417,0.00001
2017_1323_1423,0.71704
2017_1323_1425,0.71462
2017_1323_1433,0.6655
2017_1323_1435,0.61242
2017_1323_1436,0.00001
2017_1323_1437,0.27278
2017_1323_1438,0.38437
2017_1323_1439,0.64954
2017_1323_1448,0.00001
2017_1323_1452,0.36469
2017_1323_1455,0.00001
2017_1323_1457,0.00001
2017_1323_1458,0.47811
2017_1323_1462,0.64018
2017_1329_1332,0.46843
2017_1329_1343,0.00001
2017_1329_1344,0.00001
2017_1329_1345,0.45666
2017_1329_1348,0.65902
2017_1329_1355,0.00001
2017_1329_1371,0.70685
2017_1329_1374,0.00001
2017_1329_1376,0.00001
2017_1329_1388,0.00001
2017_1329_1407,0.00001
2017_1329_1411,0.95
2017_1329_1413,0.95
2017_1329_1417,0.48478
2017_1329_1423,0.00001
2017_1329_1425,0.00001
2017_1329_1433,0.00001
2017_1329_1435,0.00001
2017_1329_1436,0.75263
2017_1329_1437,0.00001
2017_1329_1438,0.00001
2017_1329_1439,0.00001
2017_1329_1448,0.62863
2017_1329_1452,0.00001
2017_1329_1455,0.40026
2017_1329_1457,0.93479
2017_1329_1458,0.00001
2017_1329_1462,0.00001
2017_1332_1343,0.00001
2017_1332_1344,0.00001
2017_1332_1345,0.48972
2017_1332_1348,0.69399
2017_1332_1355,0.00001
2017_1332_1371,0.74082
2017_1332_1374,0.00001
2017_1332_1376,0.00001
2017_1332_1388,0.00001
2017_1332_1407,0.00001
2017_1332_1411,0.95
2017_1332_1413,0.95
2017_1332_1417,0.51701
2017_1332_1423,0.00001
2017_1332_1425,0.00001
2017_1332_1433,0.00001
2017_1332_1435,0.00001
2017_1332_1436,0.7845
2017_1332_1437,0.00001
2017_1332_1438,0.00001
2017_1332_1439,0.00001
2017_1332_1448,0.66566
2017_1332_1452,0.00001
2017_1332_1455,0.43975
2017_1332_1457,0.94803
2017_1332_1458,0.00001
2017_1332_1462,0.00001
2017_1343_1344,0.49804
2017_1343_1345,0.00001
2017_1343_1348,0.00001
2017_1343_1355,0.83386
2017_1343_1371,0.00001
2017_1343_1374,0.20311
2017_1343_1376,0.40873
2017_1343_1388,0.22606
2017_1343_1407,0.74814
2017_1343_1411,0.00001
2017_1343_1413,0.00001
2017_1343_1417,0.00001
2017_1343_1423,0.50202
2017_1343_1425,0.502
2017_1343_1433,0.46557
2017_1343_1435,0.42487
2017_1343_1436,0.00001
2017_1343_1437,0.08055
2017_1343_1438,0.18106
2017_1343_1439,0.45278
2017_1343_1448,0.00001
2017_1343_1452,0.14349
2017_1343_1455,0.00001
2017_1343_1457,0.00001
2017_1343_1458,0.27645
2017_1343_1462,0.44657
2017_1344_1345,0.00001
2017_1344_1348,0.00001
2017_1344_1355,0.84411
2017_1344_1371,0.00001
2017_1344_1374,0.19841
2017_1344_1376,0.40896
2017_1344_1388,0.22156
2017_1344_1407,0.75671
2017_1344_1411,0.00001
2017_1344_1413,0.00001
2017_1344_1417,0.00001
2017_1344_1423,0.50413
2017_1344_1425,0.50408
2017_1344_1433,0.46694
2017_1344_1435,0.42535
2017_1344_1436,0.00001
2017_1344_1437,0.07599
2017_1344_1438,0.17552
2017_1344_1439,0.45388
2017_1344_1448,0.00001
2017_1344_1452,0.13836
2017_1344_1455,0.00001
2017_1344_1457,0.00001
2017_1344_1458,0.27343
2017_1344_1462,0.44754
2017_1345_1348,0.71074
2017_1345_1355,0.00001
2017_1345_1371,0.75836
2017_1345_1374,0.00001
2017_1345_1376,0.00001
2017_1345_1388,0.00001
2017_1345_1407,0.00001
2017_1345_1411,0.95
2017_1345_1413,0.95
2017_1345_1417,0.5283
2017_1345_1423,0.00001
2017_1345_1425,0.00001
2017_1345_1433,0.00001
2017_1345_1435,0.00001
2017_1345_1436,0.82828
2017_1345_1437,0.00001
2017_1345_1438,0.00001
2017_1345_1439,0.00001
2017_1345_1448,0.68235
2017_1345_1452,0.00001
2017_1345_1455,0.45043
2017_1345_1457,0.95
2017_1345_1458,0.00001
2017_1345_1462,0.00001
2017_1348_1355,0.00001
2017_1348_1371,0.53501
2017_1348_1374,0.00001
2017_1348_1376,0.00001
2017_1348_1388,0.00001
2017_1348_1407,0.00001
2017_1348_1411,0.94779
2017_1348_1413,0.95
2017_1348_1417,0.31779
2017_1348_1423,0.00001
2017_1348_1425,0.00001
2017_1348_1433,0.00001
2017_1348_1435,0.00001
2017_1348_1436,0.57629
2017_1348_1437,0.00001
2017_1348_1438,0.00001
2017_1348_1439,0.00001
2017_1348_1448,0.47277
2017_1348_1452,0.00001
2017_1348_1455,0.22849
2017_1348_1457,0.77107
2017_1348_1458,0.00001
2017_1348_1462,0.00001
2017_1355_1371,0.00001
2017_1355_1374,0.05
2017_1355_1376,0.06725
2017_1355_1388,0.05
2017_1355_1407,0.42562
2017_1355_1411,0.00001
2017_1355_1413,0.00001
2017_1355_1417,0.00001
2017_1355_1423,0.15056
2017_1355_1425,0.1542
2017_1355_1433,0.11182
2017_1355_1435,0.08135
2017_1355_1436,0.00001
2017_1355_1437,0.05
2017_1355_1438,0.05
2017_1355_1439,0.09898
2017_1355_1448,0.00001
2017_1355_1452,0.05
2017_1355_1455,0.00001
2017_1355_1457,0.00001
2017_1355_1458,0.05
2017_1355_1462,0.0956
2017_1371_1374,0.00001
2017_1371_1376,0.00001
2017_1371_1388,0.00001
2017_1371_1407,0.00001
2017_1371_1411,0.9279
2017_1371_1413,0.93395
2017_1371_1417,0.26894
2017_1371_1423,0.00001
2017_1371_1425,0.00001
2017_1371_1433,0.00001
2017_1371_1435,0.00001
2017_1371_1436,0.53877
2017_1371_1437,0.00001
2017_1371_1438,0.00001
2017_1371_1439,0.00001
2017_1371_1448,0.43376
2017_1371_1452,0.00001
2017_1371_1455,0.18031
2017_1371_1457,0.72695
2017_1371_1458,0.00001
2017_1371_1462,0.00001
2017_1374_1376,0.69989
2017_1374_1388,0.50931
2017_1374_1407,0.95
2017_1374_1411,0.00001
2017_1374_1413,0.00001
2017_1374_1417,0.00001
2017_1374_1423,0.81683
2017_1374_1425,0.8133
2017_1374_1433,0.765
2017_1374_1435,0.71088
2017_1374_1436,0.00001
2017_1374_1437,0.38025
2017_1374_1438,0.47377
2017_1374_1439,0.74957
2017_1374_1448,0.00001
2017_1374_1452,0.46499
2017_1374_1455,0.00001
2017_1374_1457,0.00001
2017_1374_1458,0.55835
2017_1374_1462,0.73956
2017_1376_1388,0.31993
2017_1376_1407,0.86955
2017_1376_1411,0.00001
2017_1376_1413,0.00001
2017_1376_1417,0.00001
2017_1376_1423,0.59926
2017_1376_1425,0.59814
2017_1376_1433,0.55378
2017_1376_1435,0.51216
2017_1376_1436,0.00001
2017_1376_1437,0.15601
2017_1376_1438,0.27279
2017_1376_1439,0.54025
2017_1376_1448,0.00001
2017_1376_1452,0.24322
2017_1376_1455,0.00001
2017_1376_1457,0.00001
2017_1376_1458,0.37603
2017_1376_1462,0.53335
2017_1388_1407,0.95
2017_1388_1411,0.00001
2017_1388_1413,0.00001
2017_1388_1417,0.00001
2017_1388_1423,0.79315
2017_1388_1425,0.78974
2017_1388_1433,0.67204
2017_1388_1435,0.69083
2017_1388_1436,0.00001
2017_1388_1437,0.37283
2017_1388_1438,0.46539
2017_1388_1439,0.72818
2017_1388_1448,0.00001
2017_1388_1452,0.45574
2017_1388_1455,0.00001
2017_1388_1457,0.00001
2017_1388_1458,0.54587
2017_1388_1462,0.71855
2017_1407_1411,0.00001
2017_1407_1413,0.00001
2017_1407_1417,0.00001
2017_1407_1423,0.24049
2017_1407_1425,0.24332
2017_1407_1433,0.19573
2017_1407_1435,0.15229
2017_1407_1436,0.00001
2017_1407_1437,0.05
2017_1407_1438,0.05
2017_1407_1439,0.17932
2017_1407_1448,0.00001
2017_1407_1452,0.05
2017_1407_1455,0.00001
2017_1407_1457,0.00001
2017_1407_1458,0.05
2017_1407_1462,0.17411
2017_1411_1413,0.50832
2017_1411_1417,0.05
2017_1411_1423,0.00001
2017_1411_1425,0.00001
2017_1411_1433,0.00001
2017_1411_1435,0.00001
2017_1411_1436,0.11358
2017_1411_1437,0.00001
2017_1411_1438,0.00001
2017_1411_1439,0.00001
2017_1411_1448,0.05
2017_1411_1452,0.00001
2017_1411_1455,0.05
2017_1411_1457,0.28467
2017_1411_1458,0.00001
2017_1411_1462,0.00001
2017_1413_1417,0.05
2017_1413_1423,0.00001
2017_1413_1425,0.00001
2017_1413_1433,0.00001
2017_1413_1435,0.00001
2017_1413_1436,0.10451
2017_1413_1437,0.00001
2017_1413_1438,0.00001
2017_1413_1439,0.00001
2017_1413_1448,0.05
2017_1413_1452,0.00001
2017_1413_1455,0.05
2017_1413_1457,0.27331
2017_1413_1458,0.00001
2017_1413_1462,0.00001
2017_1417_1423,0.00001
2017_1417_1425,0.00001
2017_1417_1433,0.00001
2017_1417_1435,0.00001
2017_1417_1436,0.77758
2017_1417_1437,0.00001
2017_1417_1438,0.00001
2017_1417_1439,0.00001
2017_1417_1448,0.65152
2017_1417_1452,0.00001
2017_1417_1455,0.41641
2017_1417_1457,0.94852
2017_1417_1458,0.00001
2017_1417_1462,0.00001
2017_1423_1425,0.5
2017_1423_1433,0.46143
2017_1423_1435,0.41799
2017_1423_1436,0.00001
2017_1423_1437,0.06547
2017_1423_1438,0.2209
2017_1423_1439,0.44772
2017_1423_1448,0.00001
2017_1423_1452,0.12308
2017_1423_1455,0.00001
2017_1423_1457,0.00001
2017_1423_1458,0.26055
2017_1423_1462,0.44117
2017_1425_1433,0.46184
2017_1425_1435,0.41892
2017_1425_1436,0.00001
2017_1425_1437,0.06791
2017_1425_1438,0.16343
2017_1425_1439,0.44829
2017_1425_1448,0.00001
2017_1425_1452,0.12664
2017_1425_1455,0.00001
2017_1425_1457,0.00001
2017_1425_1458,0.26327
2017_1425_1462,0.44182
2017_1433_1435,0.46058
2017_1433_1436,0.00001
2017_1433_1437,0.09876
2017_1433_1438,0.20993
2017_1433_1439,0.48759
2017_1433_1448,0.00001
2017_1433_1452,0.17486
2017_1433_1455,0.00001
2017_1433_1457,0.00001
2017_1433_1458,0.31103
2017_1433_1462,0.48146
2017_1435_1436,0.00001
2017_1435_1437,0.14812
2017_1435_1438,0.2631
2017_1435_1439,0.52664
2017_1435_1448,0.00001
2017_1435_1452,0.23234
2017_1435_1455,0.00001
2017_1435_1457,0.00001
2017_1435_1458,0.36368
2017_1435_1462,0.52024
2017_1436_1437,0.00001
2017_1436_1438,0.00001
2017_1436_1439,0.00001
2017_1436_1448,0.38796
2017_1436_1452,0.00001
2017_1436_1455,0.13889
2017_1436_1457,0.67087
2017_1436_1458,0.00001
2017_1436_1462,0.00001
2017_1437_1438,0.5823
2017_1437_1439,0.88927
2017_1437_1448,0.00001
2017_1437_1452,0.58326
2017_1437_1455,0.00001
2017_1437_1457,0.00001
2017_1437_1458,0.69237
2017_1437_1462,0.87977
2017_1438_1439,0.77518
2017_1438_1448,0.00001
2017_1438_1452,0.49415
2017_1438_1455,0.00001
2017_1438_1457,0.00001
2017_1438_1458,0.58631
2017_1438_1462,0.76513
2017_1439_1448,0.00001
2017_1439_1452,0.19096
2017_1439_1455,0.00001
2017_1439_1457,0.00001
2017_1439_1458,0.3181
2017_1439_1462,0.49384
2017_1448_1452,0.00001
2017_1448_1455,0.25477
2017_1448_1457,0.81692
2017_1448_1458,0.00001
2017_1448_1462,0.00001
2017_1452_1455,0.00001
2017_1452_1457,0.00001
2017_1452_1458,0.60266
2017_1452_1462,0.79827
2017_1455_1457,0.95
2017_1455_1458,0.00001
2017_1455_1462,0.00001
2017_1457_1458,0.00001
2017_1457_1462,0.00001
2017_1458_1462,0.66408