Id,pred
2017_1112_1116,0.6053312619280123
2017_1112_1124,0.46651232989122476
2017_1112_1137,0.7068269316849837
2017_1112_1139,0.5269966679731407
2017_1112_1153,0.506195956583994
2017_1112_1166,0.5464696743800015
2017_1112_1173,0.6042986024973456
2017_1112_1181,0.4653321476847484
2017_1112_1190,0.665963122785738
2017_1112_1195,0.7615578815103271
2017_1112_1196,0.4461541868295067
2017_1112_1199,0.4999999999999929
2017_1112_1211,0.34790401814034566
2017_1112_1233,0.7764576818670919
2017_1112_1235,0.4945416572950395
2017_1112_1240,0.8269104711939583
2017_1112_1242,0.4522026206376983
2017_1112_1243,0.57656432064515
2017_1112_1245,0.8099453519758599
2017_1112_1246,0.4331721825582662
2017_1112_1257,0.4412859352277916
2017_1112_1266,0.5762692750935309
2017_1112_1268,0.6166905156653479
2017_1112_1274,0.5852681644179134
2017_1112_1276,0.5017702733097075
2017_1112_1277,0.6144776740282045
2017_1112_1278,0.5907265071228669
2017_1112_1291,0.85
2017_1112_1292,0.6193459256299197
2017_1112_1297,0.8156987402324325
2017_1112_1300,0.8202719462825285
2017_1112_1305,0.638671409260971
2017_1112_1308,0.7274801202983208
2017_1112_1309,0.8431379765330089
2017_1112_1314,0.42225549714835936
2017_1112_1315,0.8401875210168179
2017_1112_1321,0.6066589669102984
2017_1112_1323,0.5243412580085689
2017_1112_1329,0.5094414576518042
2017_1112_1332,0.48392001743675184
2017_1112_1343,0.6510633224289734
2017_1112_1344,0.6451624113965913
2017_1112_1345,0.4781666291801793
2017_1112_1348,0.6050362163763934
2017_1112_1355,0.85
2017_1112_1371,0.6296725199365885
2017_1112_1374,0.4626767377201764
2017_1112_1376,0.5842355049872466
2017_1112_1388,0.47197067259617814
2017_1112_1407,0.7960782110497622
2017_1112_1411,0.85
2017_1112_1413,0.85
2017_1112_1417,0.49690202170799236
2017_1112_1423,0.6526860729628784
2017_1112_1425,0.6534236868419262
2017_1112_1433,0.6243617000074446
2017_1112_1435,0.5958898042762012
2017_1112_1436,0.6602097345291654
2017_1112_1437,0.3813916882491137
2017_1112_1438,0.4420235491068392
2017_1112_1439,0.6150677651314429
2017_1112_1448,0.5805474355920077
2017_1112_1452,0.44010575302131505
2017_1112_1455,0.44585914127788756
2017_1112_1457,0.7671637469910901
2017_1112_1458,0.5066385249114227
2017_1112_1462,0.6094618996506799
2017_1116_1124,0.36118106796321564
2017_1116_1137,0.6014956697569693
2017_1116_1139,0.42166540604513025
2017_1116_1153,0.400864694655984
2017_1116_1166,0.4411384124519906
2017_1116_1173,0.49896734056933345
2017_1116_1181,0.3600008857567392
2017_1116_1190,0.5606318608577244
2017_1116_1195,0.6562266195823117
2017_1116_1196,0.340822924901498
2017_1116_1199,0.39466873807198305
2017_1116_1211,0.2425727562123391
2017_1116_1233,0.671126419939076
2017_1116_1235,0.3892103953670298
2017_1116_1240,0.7215792092659413
2017_1116_1242,0.34687135870968944
2017_1116_1243,0.4712330587171384
2017_1116_1245,0.7046140900478433
2017_1116_1246,0.3278409206302578
2017_1116_1257,0.33595467329978296
2017_1116_1266,0.4709380131655193
2017_1116_1268,0.5113592537373355
2017_1116_1274,0.47993690248990173
2017_1116_1276,0.39643901138169757
2017_1116_1277,0.5091464121001923
2017_1116_1278,0.485395245194855
2017_1116_1291,0.7925376644303339
2017_1116_1292,0.5140146637019073
2017_1116_1297,0.7103674783044157
2017_1116_1300,0.7149406843545116
2017_1116_1305,0.5333401473329582
2017_1116_1308,0.6221488583703059
2017_1116_1309,0.7378067146049915
2017_1116_1314,0.3169242352203512
2017_1116_1315,0.7348562590888006
2017_1116_1321,0.5013277049822862
2017_1116_1323,0.41900999608055844
2017_1116_1329,0.40411019572379403
2017_1116_1332,0.37858875550874227
2017_1116_1343,0.5457320605009601
2017_1116_1344,0.5398311494685781
2017_1116_1345,0.3728353672521699
2017_1116_1348,0.4997049544483812
2017_1116_1355,0.7497560594455649
2017_1116_1371,0.5243412580085757
2017_1116_1374,0.3573454757921674
2017_1116_1376,0.47890424305923485
2017_1116_1388,0.3666394106681689
2017_1116_1407,0.6907469491217457
2017_1116_1411,0.7841288662091895
2017_1116_1413,0.8003563715482399
2017_1116_1417,0.3915707597799825
2017_1116_1423,0.5473548110348652
2017_1116_1425,0.5480924249139129
2017_1116_1433,0.5190304380794318
2017_1116_1435,0.49055854234818924
2017_1116_1436,0.5548784726011521
2017_1116_1437,0.2760604263211064
2017_1116_1438,0.3366922871788306
2017_1116_1439,0.5097365032034303
2017_1116_1448,0.47521617366399616
2017_1116_1452,0.33477449109330654
2017_1116_1455,0.34052787934987894
2017_1116_1457,0.6618324850630743
2017_1116_1458,0.4013072629834127
2017_1116_1462,0.5041306377226675
2017_1124_1137,0.7403146017937502
2017_1124_1139,0.560484338081906
2017_1124_1153,0.5396836266927592
2017_1124_1166,0.5799573444887669
2017_1124_1173,0.6377862726061114
2017_1124_1181,0.4988198177935132
2017_1124_1190,0.6994507928945043
2017_1124_1195,0.7950455516190941
2017_1124_1196,0.47964185693827144
2017_1124_1199,0.533487670108758
2017_1124_1211,0.3813916882491097
2017_1124_1233,0.8099453519758588
2017_1124_1235,0.5280293274038046
2017_1124_1240,0.85
2017_1124_1242,0.485690290746463
2017_1124_1243,0.6100519907539156
2017_1124_1245,0.8434330220846272
2017_1124_1246,0.4666598526670308
2017_1124_1257,0.4747736053365562
2017_1124_1266,0.6097569452022965
2017_1124_1268,0.6501781857741138
2017_1124_1274,0.6187558345266791
2017_1124_1276,0.5352579434184725
2017_1124_1277,0.6479653441369705
2017_1124_1278,0.6242141772316325
2017_1124_1291,0.85
2017_1124_1292,0.6528335957386857
2017_1124_1297,0.8491864103411998
2017_1124_1300,0.85
2017_1124_1305,0.6721590793697372
2017_1124_1308,0.7609677904070875
2017_1124_1309,0.85
2017_1124_1314,0.45574316725712394
2017_1124_1315,0.85
2017_1124_1321,0.6401466370190642
2017_1124_1323,0.5578289281173341
2017_1124_1329,0.5429291277605692
2017_1124_1332,0.5174076875455168
2017_1124_1343,0.6845509925377394
2017_1124_1344,0.6786500815053573
2017_1124_1345,0.5116542992889443
2017_1124_1348,0.6385238864851591
2017_1124_1355,0.85
2017_1124_1371,0.6631601900453544
2017_1124_1374,0.4961644078289412
2017_1124_1376,0.6177231750960124
2017_1124_1388,0.505458342704943
2017_1124_1407,0.8295658811585294
2017_1124_1411,0.85
2017_1124_1413,0.85
2017_1124_1417,0.5303896918167574
2017_1124_1423,0.6861737430716445
2017_1124_1425,0.6869113569506923
2017_1124_1433,0.6578493701162105
2017_1124_1435,0.6293774743849669
2017_1124_1436,0.6936974046379316
2017_1124_1437,0.4148793583578779
2017_1124_1438,0.47551121921560396
2017_1124_1439,0.6485554352402088
2017_1124_1448,0.6140351057007735
2017_1124_1452,0.47359342313007974
2017_1124_1455,0.4793468113866523
2017_1124_1457,0.8006514170998571
2017_1124_1458,0.540126195020188
2017_1124_1462,0.6429495697594457
2017_1137_1139,0.3201697362881678
2017_1137_1153,0.29936902489902195
2017_1137_1166,0.3396427426950277
2017_1137_1173,0.3974716708123693
2017_1137_1181,0.25850521599977805
2017_1137_1190,0.45913619110075904
2017_1137_1195,0.5547309498253441
2017_1137_1196,0.23932725514453723
2017_1137_1199,0.2931730683150211
2017_1137_1211,0.15
2017_1137_1233,0.5696307501821081
2017_1137_1235,0.28771472561006795
2017_1137_1240,0.6200835395089724
2017_1137_1242,0.24537568895272854
2017_1137_1243,0.36973738896017483
2017_1137_1245,0.6031184202908748
2017_1137_1246,0.2263452508732973
2017_1137_1257,0.2344590035428223
2017_1137_1266,0.36944234340855575
2017_1137_1268,0.40986358398037104
2017_1137_1274,0.37844123273293795
2017_1137_1276,0.2949433416247356
2017_1137_1277,0.40765074234322785
2017_1137_1278,0.38389957543789116
2017_1137_1291,0.6910419946733636
2017_1137_1292,0.41251899394494285
2017_1137_1297,0.608871808547447
2017_1137_1300,0.613445014597543
2017_1137_1305,0.4318444775759933
2017_1137_1308,0.5206531886133392
2017_1137_1309,0.6363110448480224
2017_1137_1314,0.21542856546339093
2017_1137_1315,0.6333605893318315
2017_1137_1321,0.399832035225322
2017_1137_1323,0.317514326323596
2017_1137_1329,0.3026145259668319
2017_1137_1332,0.2770930857517807
2017_1137_1343,0.444236390743995
2017_1137_1344,0.4383354797116132
2017_1137_1345,0.2713396974952085
2017_1137_1348,0.39820928469141703
2017_1137_1355,0.6482603896885955
2017_1137_1371,0.422845588251611
2017_1137_1374,0.25584980603520624
2017_1137_1376,0.3774085733022711
2017_1137_1388,0.2651437409112076
2017_1137_1407,0.5892512793647776
2017_1137_1411,0.6826331964522194
2017_1137_1413,0.6988607017912694
2017_1137_1417,0.2900750900230207
2017_1137_1423,0.4458591412779
2017_1137_1425,0.44659675515694774
2017_1137_1433,0.41753476832246733
2017_1137_1435,0.38906287259122524
2017_1137_1436,0.4533828028441868
2017_1137_1437,0.174564756564147
2017_1137_1438,0.23519661742186992
2017_1137_1439,0.40824083344646606
2017_1137_1448,0.3737205039070326
2017_1137_1452,0.23327882133634587
2017_1137_1455,0.23903220959291813
2017_1137_1457,0.5603368153061068
2017_1137_1458,0.2998115932264506
2017_1137_1462,0.40263496796570336
2017_1139_1153,0.47919928861084865
2017_1139_1166,0.5194730064068558
2017_1139_1173,0.5773019345241996
2017_1139_1181,0.43833547971160314
2017_1139_1190,0.6389664548125917
2017_1139_1195,0.7345612135371803
2017_1139_1196,0.41915751885636165
2017_1139_1199,0.4730033320268475
2017_1139_1211,0.3209073501672011
2017_1139_1233,0.7494610138939448
2017_1139_1235,0.46754498932189414
2017_1139_1240,0.7999138032208111
2017_1139_1242,0.42520595266455313
2017_1139_1243,0.5495676526720041
2017_1139_1245,0.7829486840027129
2017_1139_1246,0.4061755145851212
2017_1139_1257,0.41428926725464654
2017_1139_1266,0.5492726071203851
2017_1139_1268,0.5896938476922018
2017_1139_1274,0.5582714964447676
2017_1139_1276,0.4747736053365621
2017_1139_1277,0.5874810060550586
2017_1139_1278,0.563729839149721
2017_1139_1291,0.85
2017_1139_1292,0.5923492576567737
2017_1139_1297,0.7887020722592853
2017_1139_1300,0.7932752783093813
2017_1139_1305,0.611674741287825
2017_1139_1308,0.7004834523251742
2017_1139_1309,0.8161413085598617
2017_1139_1314,0.39525882917521443
2017_1139_1315,0.8131908530436708
2017_1139_1321,0.5796622989371525
2017_1139_1323,0.4973445900354233
2017_1139_1329,0.4824447896786587
2017_1139_1332,0.4569233494636065
2017_1139_1343,0.6240666544558271
2017_1139_1344,0.618165743423445
2017_1139_1345,0.45116996120703406
2017_1139_1348,0.5780395484032473
2017_1139_1355,0.8280906534004352
2017_1139_1371,0.6026758519634423
2017_1139_1374,0.4356800697470313
2017_1139_1376,0.5572388370141007
2017_1139_1388,0.444974004623033
2017_1139_1407,0.7690815430766151
2017_1139_1411,0.85
2017_1139_1413,0.85
2017_1139_1417,0.469905353734847
2017_1139_1423,0.6256894049897321
2017_1139_1425,0.6264270188687799
2017_1139_1433,0.5973650320342984
2017_1139_1435,0.5688931363030553
2017_1139_1436,0.6332130665560193
2017_1139_1437,0.354395020275969
2017_1139_1438,0.4150268811336942
2017_1139_1439,0.5880710971582968
2017_1139_1448,0.553550767618862
2017_1139_1452,0.41310908504817007
2017_1139_1455,0.41886247330474247
2017_1139_1457,0.7401670790179433
2017_1139_1458,0.4796418569382773
2017_1139_1462,0.5824652316775338
2017_1153_1166,0.5402737177960009
2017_1153_1173,0.5981026459133449
2017_1153_1181,0.4591361911007478
2017_1153_1190,0.6597671662017373
2017_1153_1195,0.7553619249263261
2017_1153_1196,0.4399582302455062
2017_1153_1199,0.4938040434159924
2017_1153_1211,0.3417080615563453
2017_1153_1233,0.7702617252830909
2017_1153_1235,0.48834570071103894
2017_1153_1240,0.8207145146099574
2017_1153_1242,0.4460066640536978
2017_1153_1243,0.5703683640611493
2017_1153_1245,0.8037493953918591
2017_1153_1246,0.42697622597426577
2017_1153_1257,0.43508997864379106
2017_1153_1266,0.5700733185095302
2017_1153_1268,0.6104945590813473
2017_1153_1274,0.5790722078339128
2017_1153_1276,0.4955743167257069
2017_1153_1277,0.6082817174442039
2017_1153_1278,0.5845305505388662
2017_1153_1291,0.85
2017_1153_1292,0.613149969045919
2017_1153_1297,0.8095027836484315
2017_1153_1300,0.8140759896985276
2017_1153_1305,0.6324754526769703
2017_1153_1308,0.7212841637143199
2017_1153_1309,0.836942019949008
2017_1153_1314,0.4160595405643589
2017_1153_1315,0.8339915644328171
2017_1153_1321,0.6004630103262978
2017_1153_1323,0.5181453014245683
2017_1153_1329,0.5032455010678035
2017_1153_1332,0.4777240608527513
2017_1153_1343,0.6448673658449726
2017_1153_1344,0.6389664548125905
2017_1153_1345,0.4719706725961788
2017_1153_1348,0.5988402597923927
2017_1153_1355,0.8488913647895816
2017_1153_1371,0.6234765633525877
2017_1153_1374,0.45648078113617596
2017_1153_1376,0.578039548403246
2017_1153_1388,0.4657747160121777
2017_1153_1407,0.7898822544657613
2017_1153_1411,0.85
2017_1153_1413,0.85
2017_1153_1417,0.4907060651239918
2017_1153_1423,0.6464901163788777
2017_1153_1425,0.6472277302579253
2017_1153_1433,0.6181657434234438
2017_1153_1435,0.5896938476922006
2017_1153_1436,0.6540137779451648
2017_1153_1437,0.3751957316651133
2017_1153_1438,0.4358275925228387
2017_1153_1439,0.6088718085474422
2017_1153_1448,0.5743514790080071
2017_1153_1452,0.4339097964373146
2017_1153_1455,0.4396631846938871
2017_1153_1457,0.7609677904070893
2017_1153_1458,0.5004425683274222
2017_1153_1462,0.6032659430666791
2017_1166_1173,0.5578289281173402
2017_1166_1181,0.4188624733047443
2017_1166_1190,0.6194934484057321
2017_1166_1195,0.7150882071303203
2017_1166_1196,0.39968451244950287
2017_1166_1199,0.4535303256199886
2017_1166_1211,0.3014343437603427
2017_1166_1233,0.7299880074870848
2017_1166_1235,0.44807198291503525
2017_1166_1240,0.7804407968139508
2017_1166_1242,0.4057329462576944
2017_1166_1243,0.5300946462651449
2017_1166_1245,0.7634756775958527
2017_1166_1246,0.38670250817826246
2017_1166_1257,0.39481626084778776
2017_1166_1266,0.5297996007135258
2017_1166_1268,0.5702208412853425
2017_1166_1274,0.5387984900379084
2017_1166_1276,0.45530059892970315
2017_1166_1277,0.5680079996481991
2017_1166_1278,0.5442568327428617
2017_1166_1291,0.85
2017_1166_1292,0.5728762512499143
2017_1166_1297,0.769229065852425
2017_1166_1300,0.7738022719025212
2017_1166_1305,0.5922017348809654
2017_1166_1308,0.6810104459183143
2017_1166_1309,0.7966683021530013
2017_1166_1314,0.3757858227683558
2017_1166_1315,0.7937178466368102
2017_1166_1321,0.5601892925302929
2017_1166_1323,0.47787158362856424
2017_1166_1329,0.4629717832717997
2017_1166_1332,0.4374503430567476
2017_1166_1343,0.6045936480489674
2017_1166_1344,0.5986927370165854
2017_1166_1345,0.43169695480017517
2017_1166_1348,0.558566541996388
2017_1166_1355,0.8086176469935747
2017_1166_1371,0.5832028455565827
2017_1166_1374,0.41620706334017243
2017_1166_1376,0.5377658306072414
2017_1166_1388,0.4255009982161741
2017_1166_1407,0.7496085366697549
2017_1166_1411,0.8429904537571999
2017_1166_1413,0.85
2017_1166_1417,0.45043234732798804
2017_1166_1423,0.6062163985828725
2017_1166_1425,0.6069540124619204
2017_1166_1433,0.577892025627439
2017_1166_1435,0.5494201298961959
2017_1166_1436,0.6137400601491596
2017_1166_1437,0.33492201386911047
2017_1166_1438,0.3955538747268354
2017_1166_1439,0.5685980907514374
2017_1166_1448,0.5340777612120027
2017_1166_1452,0.39363607864131134
2017_1166_1455,0.3993894668978838
2017_1166_1457,0.7206940726110832
2017_1166_1458,0.4601688505314183
2017_1166_1462,0.5629922252706745
2017_1173_1181,0.36103354518740605
2017_1173_1190,0.5616645202883913
2017_1173_1195,0.6572592790129783
2017_1173_1196,0.34185558433216473
2017_1173_1199,0.3957013975026498
2017_1173_1211,0.24360541564300583
2017_1173_1233,0.6721590793697427
2017_1173_1235,0.39024305479769655
2017_1173_1240,0.7226118686966081
2017_1173_1242,0.3479040181403562
2017_1173_1243,0.47226571814780516
2017_1173_1245,0.7056467494785101
2017_1173_1246,0.32887358006092454
2017_1173_1257,0.3369873327304497
2017_1173_1266,0.4719706725961861
2017_1173_1268,0.5123919131680021
2017_1173_1274,0.4809695619205685
2017_1173_1276,0.39747167081236434
2017_1173_1277,0.5101790715308591
2017_1173_1278,0.48642790462552177
2017_1173_1291,0.7935703238610007
2017_1173_1292,0.5150473231325741
2017_1173_1297,0.7114001377350825
2017_1173_1300,0.7159733437851785
2017_1173_1305,0.534372806763625
2017_1173_1308,0.6231815178009728
2017_1173_1309,0.7388393740356584
2017_1173_1314,0.31795689465101795
2017_1173_1315,0.7358889185194675
2017_1173_1321,0.502360364412953
2017_1173_1323,0.42004265551122516
2017_1173_1329,0.4051428551544608
2017_1173_1332,0.37962141493940904
2017_1173_1343,0.546764719931627
2017_1173_1344,0.540863808899245
2017_1173_1345,0.3738680266828367
2017_1173_1348,0.5007376138790479
2017_1173_1355,0.7507887188762318
2017_1173_1371,0.5253739174392424
2017_1173_1374,0.3583781352228341
2017_1173_1376,0.4799369024899017
2017_1173_1388,0.3676720700988357
2017_1173_1407,0.6917796085524127
2017_1173_1411,0.7851615256398564
2017_1173_1413,0.8013890309789068
2017_1173_1417,0.39260341921064934
2017_1173_1423,0.5483874704655319
2017_1173_1425,0.5491250843445797
2017_1173_1433,0.5200630975100987
2017_1173_1435,0.491591201778856
2017_1173_1436,0.5559111320318189
2017_1173_1437,0.27709308575177316
2017_1173_1438,0.33772494660949737
2017_1173_1439,0.5107691626340971
2017_1173_1448,0.476248833094663
2017_1173_1452,0.33580715052397325
2017_1173_1455,0.3415605387805457
2017_1173_1457,0.6628651444937412
2017_1173_1458,0.40233992241407945
2017_1173_1462,0.5051632971533344
2017_1181_1190,0.7006309751009805
2017_1181_1195,0.7962257338255704
2017_1181_1196,0.4808220391447477
2017_1181_1199,0.5346678523152344
2017_1181_1211,0.38257187045558594
2017_1181_1233,0.8111255341823352
2017_1181_1235,0.5292095096102809
2017_1181_1240,0.85
2017_1181_1242,0.48687047295293934
2017_1181_1243,0.6112321729603919
2017_1181_1245,0.8446132042911035
2017_1181_1246,0.4678400348735071
2017_1181_1257,0.4759537875430325
2017_1181_1266,0.6109371274087728
2017_1181_1268,0.6513583679805901
2017_1181_1274,0.6199360167331556
2017_1181_1276,0.5364381256249489
2017_1181_1277,0.6491455263434468
2017_1181_1278,0.6253943594381088
2017_1181_1291,0.85
2017_1181_1292,0.654013777945162
2017_1181_1297,0.85
2017_1181_1300,0.85
2017_1181_1305,0.6733392615762134
2017_1181_1308,0.7621479726135638
2017_1181_1309,0.85
2017_1181_1314,0.4569233494636002
2017_1181_1315,0.85
2017_1181_1321,0.6413268192255406
2017_1181_1323,0.5590091103238104
2017_1181_1329,0.5441093099670455
2017_1181_1332,0.518587869751993
2017_1181_1343,0.6857311747442159
2017_1181_1344,0.6798302637118337
2017_1181_1345,0.5128344814954205
2017_1181_1348,0.6397040686916355
2017_1181_1355,0.85
2017_1181_1371,0.6643403722518306
2017_1181_1374,0.49734459003541753
2017_1181_1376,0.6189033573024886
2017_1181_1388,0.5066385249114194
2017_1181_1407,0.8307460633650057
2017_1181_1411,0.85
2017_1181_1413,0.85
2017_1181_1417,0.5315698740232337
2017_1181_1423,0.6873539252781209
2017_1181_1425,0.6880915391571687
2017_1181_1433,0.6590295523226868
2017_1181_1435,0.6305576565914434
2017_1181_1436,0.694877586844408
2017_1181_1437,0.41605954056435424
2017_1181_1438,0.47669140142208016
2017_1181_1439,0.6497356174466851
2017_1181_1448,0.6152152879072499
2017_1181_1452,0.47477360533655605
2017_1181_1455,0.4805269935931286
2017_1181_1457,0.8018315993063334
2017_1181_1458,0.5413063772266642
2017_1181_1462,0.644129751965922
2017_1190_1195,0.5955947587245882
2017_1190_1196,0.28019106404377864
2017_1190_1199,0.334036877214263
2017_1190_1211,0.18194089535462105
2017_1190_1233,0.6104945590813524
2017_1190_1235,0.3285785345093098
2017_1190_1240,0.6609473484082171
2017_1190_1242,0.28623949785197006
2017_1190_1243,0.4106011978594174
2017_1190_1245,0.6439822291901194
2017_1190_1246,0.26720905977253867
2017_1190_1257,0.2753228124420637
2017_1190_1266,0.4103061523077984
2017_1190_1268,0.45072739287961394
2017_1190_1274,0.41930504163218063
2017_1190_1276,0.3358071505239775
2017_1190_1277,0.44851455124247075
2017_1190_1278,0.4247633843371339
2017_1190_1291,0.7319058035726088
2017_1190_1292,0.45338280284418575
2017_1190_1297,0.6497356174466917
2017_1190_1300,0.6543088234967875
2017_1190_1305,0.4727082864752364
2017_1190_1308,0.5615169975125831
2017_1190_1309,0.6771748537472673
2017_1190_1314,0.2562923743626322
2017_1190_1315,0.6742243982310763
2017_1190_1321,0.4406958441245648
2017_1190_1323,0.3583781352228381
2017_1190_1329,0.34347833486607393
2017_1190_1332,0.3179568946510225
2017_1190_1343,0.4851001996432382
2017_1190_1344,0.4791992886108563
2017_1190_1345,0.3122035063944502
2017_1190_1348,0.43907309359065977
2017_1190_1355,0.6891241985878405
2017_1190_1371,0.463709397150854
2017_1190_1374,0.2967136149344478
2017_1190_1376,0.4182723822015138
2017_1190_1388,0.3060075498104493
2017_1190_1407,0.6301150882640221
2017_1190_1411,0.7234970053514647
2017_1190_1413,0.7397245106905147
2017_1190_1417,0.3309388989222626
2017_1190_1423,0.48672295017714323
2017_1190_1425,0.487460564056191
2017_1190_1433,0.45839857722171035
2017_1190_1435,0.429926681490468
2017_1190_1436,0.4942466117434301
2017_1190_1437,0.2154285654633879
2017_1190_1438,0.2760604263211114
2017_1190_1439,0.4491046423457089
2017_1190_1448,0.4145843128062751
2017_1190_1452,0.27414263023558727
2017_1190_1455,0.2798960184921596
2017_1190_1457,0.6012006242053509
2017_1190_1458,0.3406754021256926
2017_1190_1462,0.4434987768649462
2017_1195_1196,0.18459630531919932
2017_1195_1199,0.23844211848968258
2017_1195_1211,0.15
2017_1195_1233,0.5148998003567665
2017_1195_1235,0.2329837757847295
2017_1195_1240,0.5653525896836301
2017_1195_1242,0.1906447391273906
2017_1195_1243,0.3150064391348355
2017_1195_1245,0.5483874704655328
2017_1195_1246,0.17161430104795955
2017_1195_1257,0.17972805371748446
2017_1195_1266,0.31471139358321637
2017_1195_1268,0.3551326341550312
2017_1195_1274,0.32371028290759857
2017_1195_1276,0.24021239179939713
2017_1195_1277,0.3529197925178881
2017_1195_1278,0.3291686256125516
2017_1195_1291,0.6363110448480205
2017_1195_1292,0.35778804411960297
2017_1195_1297,0.554140858722105
2017_1195_1300,0.5587140647722008
2017_1195_1305,0.3771135277506532
2017_1195_1308,0.4659222387879981
2017_1195_1309,0.5815800950226799
2017_1195_1314,0.1606976156380533
2017_1195_1315,0.5786296395064892
2017_1195_1321,0.3451010853999823
2017_1195_1323,0.2627833764982572
2017_1195_1329,0.2478835761414933
2017_1195_1332,0.2223621359264424
2017_1195_1343,0.3895054409186548
2017_1195_1344,0.383604529886273
2017_1195_1345,0.2166087476698702
2017_1195_1348,0.3434783348660773
2017_1195_1355,0.593529439863253
2017_1195_1371,0.368114638426271
2017_1195_1374,0.20111885620986816
2017_1195_1376,0.3226776234769317
2017_1195_1388,0.21041279108586938
2017_1195_1407,0.5345203295394357
2017_1195_1411,0.6279022466268764
2017_1195_1413,0.6441297519659264
2017_1195_1417,0.2353441401976822
2017_1195_1423,0.3911281914525598
2017_1195_1425,0.3918658053316075
2017_1195_1433,0.36280381849712745
2017_1195_1435,0.33433192276588564
2017_1195_1436,0.3986518530188464
2017_1195_1437,0.15
2017_1195_1438,0.1804656675965321
2017_1195_1439,0.35350988362112623
2017_1195_1448,0.31898955408169316
2017_1195_1452,0.17854787151100807
2017_1195_1455,0.18430125976758022
2017_1195_1457,0.5056058654807654
2017_1195_1458,0.24508064340111207
2017_1195_1462,0.3479040181403636
2017_1196_1199,0.5538458131704742
2017_1196_1211,0.4017498313108252
2017_1196_1233,0.8303034950375762
2017_1196_1235,0.5483874704655207
2017_1196_1240,0.85
2017_1196_1242,0.506048433808179
2017_1196_1243,0.630410133815632
2017_1196_1245,0.85
2017_1196_1246,0.4870179957287467
2017_1196_1257,0.4951317483982721
2017_1196_1266,0.630115088264013
2017_1196_1268,0.6705363288358305
2017_1196_1274,0.6391139775883957
2017_1196_1276,0.5556160864801888
2017_1196_1277,0.6683234871986872
2017_1196_1278,0.6445723202933492
2017_1196_1291,0.85
2017_1196_1292,0.6731917388004023
2017_1196_1297,0.85
2017_1196_1300,0.85
2017_1196_1305,0.6925172224314537
2017_1196_1308,0.7813259334688046
2017_1196_1309,0.85
2017_1196_1314,0.4761013103188398
2017_1196_1315,0.85
2017_1196_1321,0.6605047800807808
2017_1196_1323,0.5781870711790503
2017_1196_1329,0.5632872708222855
2017_1196_1332,0.5377658306072328
2017_1196_1343,0.7049091355994563
2017_1196_1344,0.6990082245670741
2017_1196_1345,0.5320124423506604
2017_1196_1348,0.6588820295468758
2017_1196_1355,0.85
2017_1196_1371,0.6835183331070711
2017_1196_1374,0.5165225508906572
2017_1196_1376,0.6380813181577288
2017_1196_1388,0.5258164857666591
2017_1196_1407,0.8499240242202467
2017_1196_1411,0.85
2017_1196_1413,0.85
2017_1196_1417,0.5507478348784736
2017_1196_1423,0.7065318861333614
2017_1196_1425,0.7072695000124091
2017_1196_1433,0.6782075131779273
2017_1196_1435,0.6497356174466835
2017_1196_1436,0.7140555476996486
2017_1196_1437,0.4352375014195936
2017_1196_1438,0.4958693622773198
2017_1196_1439,0.6689135783019254
2017_1196_1448,0.63439324876249
2017_1196_1452,0.4939515661917957
2017_1196_1455,0.49970495444836827
2017_1196_1457,0.8210095601615743
2017_1196_1458,0.5604843380819041
2017_1196_1462,0.6633077128211624
2017_1199_1211,0.34790401814034566
2017_1199_1233,0.7764576818670919
2017_1199_1235,0.4945416572950395
2017_1199_1240,0.8269104711939583
2017_1199_1242,0.4522026206376983
2017_1199_1243,0.57656432064515
2017_1199_1245,0.8099453519758599
2017_1199_1246,0.4331721825582662
2017_1199_1257,0.4412859352277916
2017_1199_1266,0.5762692750935309
2017_1199_1268,0.6166905156653479
2017_1199_1274,0.5852681644179134
2017_1199_1276,0.5017702733097075
2017_1199_1277,0.6144776740282045
2017_1199_1278,0.5907265071228669
2017_1199_1291,0.85
2017_1199_1292,0.6193459256299197
2017_1199_1297,0.8156987402324325
2017_1199_1300,0.8202719462825285
2017_1199_1305,0.638671409260971
2017_1199_1308,0.7274801202983208
2017_1199_1309,0.8431379765330089
2017_1199_1314,0.42225549714835936
2017_1199_1315,0.8401875210168179
2017_1199_1321,0.6066589669102984
2017_1199_1323,0.5243412580085689
2017_1199_1329,0.5094414576518042
2017_1199_1332,0.48392001743675184
2017_1199_1343,0.6510633224289734
2017_1199_1344,0.6451624113965913
2017_1199_1345,0.4781666291801793
2017_1199_1348,0.6050362163763934
2017_1199_1355,0.85
2017_1199_1371,0.6296725199365885
2017_1199_1374,0.4626767377201764
2017_1199_1376,0.5842355049872466
2017_1199_1388,0.47197067259617814
2017_1199_1407,0.7960782110497622
2017_1199_1411,0.85
2017_1199_1413,0.85
2017_1199_1417,0.49690202170799236
2017_1199_1423,0.6526860729628784
2017_1199_1425,0.6534236868419262
2017_1199_1433,0.6243617000074446
2017_1199_1435,0.5958898042762012
2017_1199_1436,0.6602097345291654
2017_1199_1437,0.3813916882491137
2017_1199_1438,0.4420235491068392
2017_1199_1439,0.6150677651314429
2017_1199_1448,0.5805474355920077
2017_1199_1452,0.44010575302131505
2017_1199_1455,0.44585914127788756
2017_1199_1457,0.7671637469910901
2017_1199_1458,0.5066385249114227
2017_1199_1462,0.6094618996506799
2017_1211_1233,0.85
2017_1211_1235,0.6466376391546726
2017_1211_1240,0.85
2017_1211_1242,0.60429860249733
2017_1211_1243,0.7286603025047856
2017_1211_1245,0.85
2017_1211_1246,0.5852681644178973
2017_1211_1257,0.593381917087423
2017_1211_1266,0.7283652569531666
2017_1211_1268,0.7687864975249848
2017_1211_1274,0.7373641462775495
2017_1211_1276,0.6538662551693408
2017_1211_1277,0.7665736558878415
2017_1211_1278,0.7428224889825031
2017_1211_1291,0.85
2017_1211_1292,0.7714419074895569
2017_1211_1297,0.85
2017_1211_1300,0.85
2017_1211_1305,0.7907673911206087
2017_1211_1308,0.85
2017_1211_1309,0.85
2017_1211_1314,0.5743514790079902
2017_1211_1315,0.85
2017_1211_1321,0.7587549487699351
2017_1211_1323,0.6764372398682029
2017_1211_1329,0.6615374395114377
2017_1211_1332,0.6360159992963845
2017_1211_1343,0.8031593042886115
2017_1211_1344,0.7972583932562292
2017_1211_1345,0.630262611039812
2017_1211_1348,0.7571321982360301
2017_1211_1355,0.85
2017_1211_1371,0.7817685017962258
2017_1211_1374,0.6147727195798085
2017_1211_1376,0.7363314868468825
2017_1211_1388,0.6240666544558106
2017_1211_1407,0.85
2017_1211_1411,0.85
2017_1211_1413,0.85
2017_1211_1417,0.6489980035676256
2017_1211_1423,0.8047820548225165
2017_1211_1425,0.8055196687015643
2017_1211_1433,0.7764576818670818
2017_1211_1435,0.7479857861358374
2017_1211_1436,0.8123057163888039
2017_1211_1437,0.5334876701087432
2017_1211_1438,0.5941195309664706
2017_1211_1439,0.7671637469910798
2017_1211_1448,0.7326434174516436
2017_1211_1452,0.5922017348809464
2017_1211_1455,0.5979551231375192
2017_1211_1457,0.85
2017_1211_1458,0.6587345067710562
2017_1211_1462,0.7615578815103167
2017_1233_1235,0.21808397542796623
2017_1233_1240,0.5504527893268659
2017_1233_1242,0.17574493877062744
2017_1233_1243,0.3001066387780719
2017_1233_1245,0.5334876701087684
2017_1233_1246,0.15671450069119647
2017_1233_1257,0.16482825336072132
2017_1233_1266,0.29981159322645284
2017_1233_1268,0.3402328337982675
2017_1233_1274,0.30881048255083493
2017_1233_1276,0.2253125914426338
2017_1233_1277,0.3380199921611244
2017_1233_1278,0.31426882525578803
2017_1233_1291,0.621411244491256
2017_1233_1292,0.34288824376283933
2017_1233_1297,0.5392410583653408
2017_1233_1300,0.5438142644154365
2017_1233_1305,0.3622137273938894
2017_1233_1308,0.4510224384312341
2017_1233_1309,0.5666802946659155
2017_1233_1314,0.15
2017_1233_1315,0.5637298391497247
2017_1233_1321,0.3302012850432186
2017_1233_1323,0.24788357614149387
2017_1233_1329,0.23298377578473
2017_1233_1332,0.20746233556967916
2017_1233_1343,0.37460564056189105
2017_1233_1344,0.3687047295295093
2017_1233_1345,0.20170894731310696
2017_1233_1348,0.3285785345093137
2017_1233_1355,0.5786296395064886
2017_1233_1371,0.3532148380695073
2017_1233_1374,0.186219055853105
2017_1233_1376,0.3077778231201681
2017_1233_1388,0.1955129907291062
2017_1233_1407,0.5196205291826715
2017_1233_1411,0.613002446270112
2017_1233_1413,0.6292299516091617
2017_1233_1417,0.2204443398409189
2017_1233_1423,0.376228391095796
2017_1233_1425,0.3769660049748437
2017_1233_1433,0.34790401814036376
2017_1233_1435,0.3194321224091221
2017_1233_1436,0.3837520526620826
2017_1233_1437,0.15
2017_1233_1438,0.16556586723976896
2017_1233_1439,0.3386100832643626
2017_1233_1448,0.3040897537249296
2017_1233_1452,0.16364807115424493
2017_1233_1455,0.1694014594108171
2017_1233_1457,0.49070606512400117
2017_1233_1458,0.23018084304434874
2017_1233_1462,0.33300421778359995
2017_1235_1240,0.8323688138989116
2017_1235_1242,0.45766096334265116
2017_1235_1243,0.582022663350103
2017_1235_1245,0.8154036946808132
2017_1235_1246,0.43863052526321905
2017_1235_1257,0.4467442779327444
2017_1235_1266,0.5817276177984839
2017_1235_1268,0.6221488583703009
2017_1235_1274,0.5907265071228665
2017_1235_1276,0.5072286160146604
2017_1235_1277,0.6199360167331577
2017_1235_1278,0.5961848498278199
2017_1235_1291,0.85
2017_1235_1292,0.6248042683348728
2017_1235_1297,0.8211570829373858
2017_1235_1300,0.8257302889874818
2017_1235_1305,0.6441297519659241
2017_1235_1308,0.7329384630032739
2017_1235_1309,0.8485963192379623
2017_1235_1314,0.42771383985331224
2017_1235_1315,0.8456458637217713
2017_1235_1321,0.6121173096152515
2017_1235_1323,0.5297996007135218
2017_1235_1329,0.514899800356757
2017_1235_1332,0.4893783601417047
2017_1235_1343,0.6565216651339264
2017_1235_1344,0.6506207541015443
2017_1235_1345,0.4836249718851322
2017_1235_1348,0.6104945590813463
2017_1235_1355,0.85
2017_1235_1371,0.6351308626415414
2017_1235_1374,0.4681350804251293
2017_1235_1376,0.5896938476921996
2017_1235_1388,0.4774290153011311
2017_1235_1407,0.8015365537547154
2017_1235_1411,0.85
2017_1235_1413,0.85
2017_1235_1417,0.5023603644129452
2017_1235_1423,0.6581444156678314
2017_1235_1425,0.6588820295468792
2017_1235_1433,0.6298200427123977
2017_1235_1435,0.6013481469811542
2017_1235_1436,0.6656680772341186
2017_1235_1437,0.3868500309540665
2017_1235_1438,0.44748189181179204
2017_1235_1439,0.6205261078363958
2017_1235_1448,0.5860057782969608
2017_1235_1452,0.44556409572626793
2017_1235_1455,0.45131748398284044
2017_1235_1457,0.7726220896960433
2017_1235_1458,0.5120968676163756
2017_1235_1462,0.6149202423556329
2017_1240_1242,0.15
2017_1240_1243,0.24965384945120925
2017_1240_1245,0.4830348807819034
2017_1240_1246,0.15
2017_1240_1257,0.15
2017_1240_1266,0.24935880389959017
2017_1240_1268,0.28978004447140443
2017_1240_1274,0.2583576932239722
2017_1240_1276,0.17485980211577187
2017_1240_1277,0.2875672028342613
2017_1240_1278,0.2638160359289252
2017_1240_1291,0.5709584551643899
2017_1240_1292,0.2924354544359762
2017_1240_1297,0.4887882690384755
2017_1240_1300,0.4933614750885712
2017_1240_1305,0.3117609380670261
2017_1240_1308,0.4005696491043698
2017_1240_1309,0.51622750533905
2017_1240_1314,0.15
2017_1240_1315,0.5132770498228593
2017_1240_1321,0.2797484957163556
2017_1240_1323,0.1974307868146317
2017_1240_1329,0.182530986457868
2017_1240_1332,0.15700954624281743
2017_1240_1343,0.3241528512350276
2017_1240_1344,0.31825194020264586
2017_1240_1345,0.1512561579862453
2017_1240_1348,0.2781257451824507
2017_1240_1355,0.528176850179623
2017_1240_1371,0.30276204874264406
2017_1240_1374,0.15
2017_1240_1376,0.2573250337933054
2017_1240_1388,0.15
2017_1240_1407,0.4691677398558065
2017_1240_1411,0.562549656943246
2017_1240_1413,0.5787771622822956
2017_1240_1417,0.16999155051405707
2017_1240_1423,0.3257756017689325
2017_1240_1425,0.3265132156479802
2017_1240_1433,0.29745122881350056
2017_1240_1435,0.2689793330822592
2017_1240_1436,0.33329926333521903
2017_1240_1437,0.15
2017_1240_1438,0.15
2017_1240_1439,0.2881572939374995
2017_1240_1448,0.2536369643980668
2017_1240_1452,0.15
2017_1240_1455,0.15
2017_1240_1457,0.44025327579713647
2017_1240_1458,0.1797280537174868
2017_1240_1462,0.2825514284567369
2017_1242_1243,0.624361700007441
2017_1242_1245,0.85
2017_1242_1246,0.4809695619205558
2017_1242_1257,0.4890833145900812
2017_1242_1266,0.6240666544558218
2017_1242_1268,0.6644878950276394
2017_1242_1274,0.6330655437802045
2017_1242_1276,0.5495676526719977
2017_1242_1277,0.662275053390496
2017_1242_1278,0.638523886485158
2017_1242_1291,0.85
2017_1242_1292,0.6671433049922112
2017_1242_1297,0.85
2017_1242_1300,0.85
2017_1242_1305,0.6864687886232627
2017_1242_1308,0.7752774996606133
2017_1242_1309,0.85
2017_1242_1314,0.47005287651064886
2017_1242_1315,0.85
2017_1242_1321,0.6544563462725896
2017_1242_1323,0.5721386373708593
2017_1242_1329,0.5572388370140945
2017_1242_1332,0.531717396799042
2017_1242_1343,0.698860701791265
2017_1242_1344,0.6929597907588828
2017_1242_1345,0.5259640085424693
2017_1242_1348,0.6528335957386846
2017_1242_1355,0.85
2017_1242_1371,0.6774698992988799
2017_1242_1374,0.5104741170824663
2017_1242_1376,0.6320328843495376
2017_1242_1388,0.5197680519584681
2017_1242_1407,0.8438755904120554
2017_1242_1411,0.85
2017_1242_1413,0.85
2017_1242_1417,0.5446994010702826
2017_1242_1423,0.7004834523251701
2017_1242_1425,0.701221066204218
2017_1242_1433,0.672159079369736
2017_1242_1435,0.6436871836384924
2017_1242_1436,0.7080071138914573
2017_1242_1437,0.42918906761140274
2017_1242_1438,0.4898209284691289
2017_1242_1439,0.6628651444937342
2017_1242_1448,0.6283448149542988
2017_1242_1452,0.4879031323836047
2017_1242_1455,0.4936565206401773
2017_1242_1457,0.814961126353383
2017_1242_1458,0.554435904273713
2017_1242_1462,0.6572592790129712
2017_1243_1245,0.733381031330705
2017_1243_1246,0.3566078619131173
2017_1243_1257,0.36472161458264246
2017_1243_1266,0.49970495444837965
2017_1243_1268,0.540126195020196
2017_1243_1274,0.508703843772762
2017_1243_1276,0.4252059526645574
2017_1243_1277,0.5379133533830527
2017_1243_1278,0.5141621864777154
2017_1243_1291,0.8213046057131961
2017_1243_1292,0.5427816049847678
2017_1243_1297,0.7391344195872773
2017_1243_1300,0.7437076256373735
2017_1243_1305,0.5621070886158188
2017_1243_1308,0.6509157996531671
2017_1243_1309,0.7665736558878534
2017_1243_1314,0.3456911765032106
2017_1243_1315,0.7636232003716625
2017_1243_1321,0.5300946462651467
2017_1243_1323,0.44777693736341845
2017_1243_1329,0.432877137006654
2017_1243_1332,0.40735569679160205
2017_1243_1343,0.574499001783821
2017_1243_1344,0.568598090751439
2017_1243_1345,0.40160230853502965
2017_1243_1348,0.5284718957312418
2017_1243_1355,0.778523000728427
2017_1243_1371,0.5531081992914363
2017_1243_1374,0.386112417075027
2017_1243_1376,0.5076711843420952
2017_1243_1388,0.3954063519510286
2017_1243_1407,0.7195138904046074
2017_1243_1411,0.8128958074920518
2017_1243_1413,0.8291233128311022
2017_1243_1417,0.4203377010628424
2017_1243_1423,0.5761217523177259
2017_1243_1425,0.5768593661967737
2017_1243_1433,0.5477973793622926
2017_1243_1435,0.5193254836310497
2017_1243_1436,0.5836454138840128
2017_1243_1437,0.30482736760396556
2017_1243_1438,0.36545922846169016
2017_1243_1439,0.538503444486291
2017_1243_1448,0.5039831149468565
2017_1243_1452,0.363541432376166
2017_1243_1455,0.36929482063273844
2017_1243_1457,0.6905994263459359
2017_1243_1458,0.43007420426627263
2017_1243_1462,0.5328975790055281
2017_1245_1246,0.15
2017_1245_1257,0.15
2017_1245_1266,0.2663239231176873
2017_1245_1268,0.3067451636895017
2017_1245_1274,0.2753228124420693
2017_1245_1276,0.1918249213338687
2017_1245_1277,0.30453232205235853
2017_1245_1278,0.28078115514702234
2017_1245_1291,0.5879235743824881
2017_1245_1292,0.3094005736540734
2017_1245_1297,0.5057533882565733
2017_1245_1300,0.5103265943066692
2017_1245_1305,0.32872605728512344
2017_1245_1308,0.4175347683224675
2017_1245_1309,0.5331926245571481
2017_1245_1314,0.15
2017_1245_1315,0.5302421690409573
2017_1245_1321,0.29671361493445286
2017_1245_1323,0.2143959060327286
2017_1245_1329,0.19949610567596487
2017_1245_1332,0.17397466546091422
2017_1245_1343,0.341117970453125
2017_1245_1344,0.3352170594207432
2017_1245_1345,0.16822127720434207
2017_1245_1348,0.29509086440054794
2017_1245_1355,0.5451419693977211
2017_1245_1371,0.31972716796074135
2017_1245_1374,0.1527313857443402
2017_1245_1376,0.2742901530114025
2017_1245_1388,0.1620253206203413
2017_1245_1407,0.4861328590739044
2017_1245_1411,0.5795147761613443
2017_1245_1413,0.5957422815003939
2017_1245_1417,0.18695666973215389
2017_1245_1423,0.3427407209870299
2017_1245_1425,0.3434783348660776
2017_1245_1433,0.3144163480315978
2017_1245_1435,0.28594445230035637
2017_1245_1436,0.3502643825533165
2017_1245_1437,0.15
2017_1245_1438,0.15
2017_1245_1439,0.30512241315559674
2017_1245_1448,0.27060208361616395
2017_1245_1452,0.15
2017_1245_1455,0.15
2017_1245_1457,0.4572183950152342
2017_1245_1458,0.19669317293558364
2017_1245_1462,0.29951654767483415
2017_1246_1257,0.5081137526695113
2017_1246_1266,0.6430970925352525
2017_1246_1268,0.6835183331070701
2017_1246_1274,0.6520959818596352
2017_1246_1276,0.5685980907514281
2017_1246_1277,0.6813054914699268
2017_1246_1278,0.6575543245645887
2017_1246_1291,0.85
2017_1246_1292,0.686173743071642
2017_1246_1297,0.85
2017_1246_1300,0.85
2017_1246_1305,0.7054992267026936
2017_1246_1308,0.7943079377400445
2017_1246_1309,0.85
2017_1246_1314,0.48908331459007887
2017_1246_1315,0.85
2017_1246_1321,0.6734867843520205
2017_1246_1323,0.5911690754502898
2017_1246_1329,0.5762692750935248
2017_1246_1332,0.5507478348784721
2017_1246_1343,0.717891139870696
2017_1246_1344,0.7119902288383139
2017_1246_1345,0.5449944466218996
2017_1246_1348,0.6718640338181154
2017_1246_1355,0.85
2017_1246_1371,0.6965003373783109
2017_1246_1374,0.5295045551618965
2017_1246_1376,0.6510633224289684
2017_1246_1388,0.5387984900378984
2017_1246_1407,0.85
2017_1246_1411,0.85
2017_1246_1413,0.85
2017_1246_1417,0.5637298391497129
2017_1246_1423,0.7195138904046011
2017_1246_1425,0.7202515042836489
2017_1246_1433,0.6911895174491669
2017_1246_1435,0.6627176217179231
2017_1246_1436,0.7270375519708883
2017_1246_1437,0.44821950569083263
2017_1246_1438,0.508851366548559
2017_1246_1439,0.6818955825731651
2017_1246_1448,0.6473752530337294
2017_1246_1452,0.5069335704630348
2017_1246_1455,0.5126869587196075
2017_1246_1457,0.8339915644328144
2017_1246_1458,0.5734663423531434
2017_1246_1462,0.6762897170924019
2017_1257_1266,0.6349833398657277
2017_1257_1268,0.6754045804375454
2017_1257_1274,0.6439822291901105
2017_1257_1276,0.5604843380819035
2017_1257_1277,0.673191738800402
2017_1257_1278,0.649440571895064
2017_1257_1291,0.85
2017_1257_1292,0.6780599904021172
2017_1257_1297,0.85
2017_1257_1300,0.85
2017_1257_1305,0.6973854740331688
2017_1257_1308,0.7861941850705196
2017_1257_1309,0.85
2017_1257_1314,0.4809695619205544
2017_1257_1315,0.85
2017_1257_1321,0.6653730316824956
2017_1257_1323,0.5830553227807651
2017_1257_1329,0.5681555224240002
2017_1257_1332,0.5426340822089476
2017_1257_1343,0.7097773872011712
2017_1257_1344,0.703876476168789
2017_1257_1345,0.536880693952375
2017_1257_1348,0.6637502811485906
2017_1257_1355,0.85
2017_1257_1371,0.688386584708786
2017_1257_1374,0.5213908024923719
2017_1257_1376,0.6429495697594436
2017_1257_1388,0.5306847373683738
2017_1257_1407,0.85
2017_1257_1411,0.85
2017_1257_1413,0.85
2017_1257_1417,0.5556160864801882
2017_1257_1423,0.7114001377350763
2017_1257_1425,0.7121377516141241
2017_1257_1433,0.683075764779642
2017_1257_1435,0.6546038690483984
2017_1257_1436,0.7189237993013634
2017_1257_1437,0.4401057530213082
2017_1257_1438,0.5007376138790345
2017_1257_1439,0.6737818299036402
2017_1257_1448,0.6392615003642048
2017_1257_1452,0.49881981779351037
2017_1257_1455,0.5045732060500829
2017_1257_1457,0.8258778117632893
2017_1257_1458,0.5653525896836188
2017_1257_1462,0.6681759644228772
2017_1266_1268,0.540421240571815
2017_1266_1274,0.5089988893243811
2017_1266_1276,0.4255009982161765
2017_1266_1277,0.5382083989346718
2017_1266_1278,0.5144572320293345
2017_1266_1291,0.8215996512648152
2017_1266_1292,0.543076650536387
2017_1266_1297,0.7394294651388965
2017_1266_1300,0.7440026711889924
2017_1266_1305,0.5624021341674379
2017_1266_1308,0.6512108452047861
2017_1266_1309,0.7668687014394725
2017_1266_1314,0.34598622205482965
2017_1266_1315,0.7639182459232816
2017_1266_1321,0.5303896918167658
2017_1266_1323,0.44807198291503747
2017_1266_1329,0.433172182558273
2017_1266_1332,0.40765074234322113
2017_1266_1343,0.57479404733544
2017_1266_1344,0.5688931363030579
2017_1266_1345,0.40189735408664873
2017_1266_1348,0.5287669412828607
2017_1266_1355,0.778818046280046
2017_1266_1371,0.5534032448430554
2017_1266_1374,0.38640746262664605
2017_1266_1376,0.5079662298937142
2017_1266_1388,0.3957013975026476
2017_1266_1407,0.7198089359562264
2017_1266_1411,0.8131908530436709
2017_1266_1413,0.8294183583827213
2017_1266_1417,0.42063274661446143
2017_1266_1423,0.576416797869345
2017_1266_1425,0.5771544117483928
2017_1266_1433,0.5480924249139116
2017_1266_1435,0.5196205291826688
2017_1266_1436,0.5839404594356319
2017_1266_1437,0.30512241315558464
2017_1266_1438,0.3657542740133092
2017_1266_1439,0.5387984900379099
2017_1266_1448,0.5042781604984756
2017_1266_1452,0.36383647792778506
2017_1266_1455,0.3695898661843575
2017_1266_1457,0.6908944718975549
2017_1266_1458,0.43036924981789165
2017_1266_1462,0.5331926245571471
2017_1268_1274,0.46857764875256713
2017_1268_1276,0.38507975764436314
2017_1268_1277,0.49778715836285753
2017_1268_1278,0.4740359914575204
2017_1268_1291,0.7811784106929985
2017_1268_1292,0.5026554099645725
2017_1268_1297,0.6990082245670804
2017_1268_1300,0.7035814306171764
2017_1268_1305,0.5219808935956234
2017_1268_1308,0.6107896046329709
2017_1268_1309,0.7264474608676563
2017_1268_1314,0.305564981483017
2017_1268_1315,0.7234970053514654
2017_1268_1321,0.4899684512449515
2017_1268_1323,0.40765074234322396
2017_1268_1329,0.3927509419864596
2017_1268_1332,0.3672295017714079
2017_1268_1343,0.5343728067636253
2017_1268_1344,0.5284718957312433
2017_1268_1345,0.36147611351483555
2017_1268_1348,0.48834570071104655
2017_1268_1355,0.7383968057082296
2017_1268_1371,0.512982004271241
2017_1268_1374,0.34598622205483304
2017_1268_1376,0.46754498932190025
2017_1268_1388,0.35528015693083453
2017_1268_1407,0.6793876953844107
2017_1268_1411,0.7727696124718543
2017_1268_1413,0.7889971178109045
2017_1268_1417,0.3802115060426481
2017_1268_1423,0.5359955572975305
2017_1268_1425,0.536733171176578
2017_1268_1433,0.5076711843420971
2017_1268_1435,0.4791992886108546
2017_1268_1436,0.5435192188638173
2017_1268_1437,0.26470117258377224
2017_1268_1438,0.32533303344149633
2017_1268_1439,0.49837724946609574
2017_1268_1448,0.4638569199266616
2017_1268_1452,0.3234152373559722
2017_1268_1455,0.3291686256125446
2017_1268_1457,0.6504732313257393
2017_1268_1458,0.38994800924607825
2017_1268_1462,0.49277138398533293
2017_1274_1276,0.4165021088917947
2017_1274_1277,0.5292095096102898
2017_1274_1278,0.5054583427049525
2017_1274_1291,0.8126007619404326
2017_1274_1292,0.5340777612120049
2017_1274_1297,0.7304305758145141
2017_1274_1300,0.73500378186461
2017_1274_1305,0.5534032448430558
2017_1274_1308,0.6422119558804039
2017_1274_1309,0.7578698121150901
2017_1274_1314,0.336987332730448
2017_1274_1315,0.7549193565988992
2017_1274_1321,0.5213908024923837
2017_1274_1323,0.43907309359065566
2017_1274_1329,0.4241732932338912
2017_1274_1332,0.3986518530188394
2017_1274_1343,0.5657951580110578
2017_1274_1344,0.5598942469786758
2017_1274_1345,0.392898464762267
2017_1274_1348,0.5197680519584787
2017_1274_1355,0.7698191569556636
2017_1274_1371,0.5444043555186734
2017_1274_1374,0.37740857330226435
2017_1274_1376,0.4989673405693324
2017_1274_1388,0.3867025081782659
2017_1274_1407,0.7108100466318442
2017_1274_1411,0.8041919637192884
2017_1274_1413,0.8204194690583387
2017_1274_1417,0.4116338572900796
2017_1274_1423,0.5674179085449629
2017_1274_1425,0.5681555224240107
2017_1274_1433,0.5390935355895295
2017_1274_1435,0.5106216398582868
2017_1274_1436,0.5749415701112499
2017_1274_1437,0.29612352383120305
2017_1274_1438,0.3567553846889275
2017_1274_1439,0.529799600713528
2017_1274_1448,0.4952792711740936
2017_1274_1452,0.35483758860340336
2017_1274_1455,0.3605909768599758
2017_1274_1457,0.6818955825731725
2017_1274_1458,0.42137036049350984
2017_1274_1462,0.5241937352327651
2017_1276_1277,0.6127074007184902
2017_1276_1278,0.5889562338131524
2017_1276_1291,0.85
2017_1276_1292,0.6175756523202053
2017_1276_1297,0.8139284669227179
2017_1276_1300,0.818501672972814
2017_1276_1305,0.6369011359512566
2017_1276_1308,0.7257098469886064
2017_1276_1309,0.8413677032232945
2017_1276_1314,0.42048522383864506
2017_1276_1315,0.8384172477071035
2017_1276_1321,0.604888693600584
2017_1276_1323,0.5225709846988544
2017_1276_1329,0.5076711843420898
2017_1276_1332,0.4821497441270374
2017_1276_1343,0.6492930491192589
2017_1276_1344,0.6433921380868768
2017_1276_1345,0.4763963558704649
2017_1276_1348,0.6032659430666789
2017_1276_1355,0.85
2017_1276_1371,0.627902246626874
2017_1276_1374,0.460906464410462
2017_1276_1376,0.5824652316775322
2017_1276_1388,0.4702003992864638
2017_1276_1407,0.7943079377400477
2017_1276_1411,0.85
2017_1276_1413,0.85
2017_1276_1417,0.49513174839827795
2017_1276_1423,0.6509157996531639
2017_1276_1425,0.6516534135322117
2017_1276_1433,0.62259142669773
2017_1276_1435,0.5941195309664868
2017_1276_1436,0.6584394612194511
2017_1276_1437,0.3796214149393993
2017_1276_1438,0.4402532757971248
2017_1276_1439,0.6132974918217284
2017_1276_1448,0.5787771622822934
2017_1276_1452,0.4383354797116007
2017_1276_1455,0.4440888679681732
2017_1276_1457,0.7653934736813757
2017_1276_1458,0.5048682516017083
2017_1276_1462,0.6076916263409654
2017_1277_1278,0.4762488330946635
2017_1277_1291,0.7833912523301417
2017_1277_1292,0.5048682516017158
2017_1277_1297,0.7012210662042238
2017_1277_1300,0.7057942722543196
2017_1277_1305,0.5241937352327665
2017_1277_1308,0.6130024462701141
2017_1277_1309,0.7286603025047996
2017_1277_1314,0.30777782312016
2017_1277_1315,0.7257098469886086
2017_1277_1321,0.4921812928820946
2017_1277_1323,0.40986358398036704
2017_1277_1329,0.3949637836236027
2017_1277_1332,0.369442343408551
2017_1277_1343,0.5365856484007685
2017_1277_1344,0.5306847373683866
2017_1277_1345,0.36368895515197863
2017_1277_1348,0.49055854234818963
2017_1277_1355,0.7406096473453729
2017_1277_1371,0.5151948459083842
2017_1277_1374,0.3481990636919761
2017_1277_1376,0.4697578309590434
2017_1277_1388,0.35749299856797756
2017_1277_1407,0.6816005370215538
2017_1277_1411,0.7749824541089975
2017_1277_1413,0.7912099594480477
2017_1277_1417,0.38242434767979117
2017_1277_1423,0.5382083989346734
2017_1277_1425,0.5389460128137213
2017_1277_1433,0.5098840259792403
2017_1277_1435,0.48141213024799767
2017_1277_1436,0.5457320605009605
2017_1277_1437,0.26691401422091526
2017_1277_1438,0.32754587507863936
2017_1277_1439,0.5005900911032389
2017_1277_1448,0.4660697615638047
2017_1277_1452,0.32562807899311524
2017_1277_1455,0.33138146724968764
2017_1277_1457,0.6526860729628826
2017_1277_1458,0.39216085088322133
2017_1277_1462,0.494984225622476
2017_1278_1291,0.8071424192354794
2017_1278_1292,0.5286194185070519
2017_1278_1297,0.7249722331095608
2017_1278_1300,0.7295454391596569
2017_1278_1305,0.5479449021381028
2017_1278_1308,0.6367536131754509
2017_1278_1309,0.7524114694101369
2017_1278_1314,0.3315289900254952
2017_1278_1315,0.7494610138939458
2017_1278_1321,0.5159324597874307
2017_1278_1323,0.4336147508857028
2017_1278_1329,0.4187149505289383
2017_1278_1332,0.3931935103138865
2017_1278_1343,0.5603368153061048
2017_1278_1344,0.5544359042737228
2017_1278_1345,0.3874401220573141
2017_1278_1348,0.5143097092535257
2017_1278_1355,0.7643608142507101
2017_1278_1371,0.5389460128137202
2017_1278_1374,0.37195023059731147
2017_1278_1376,0.4935089978643794
2017_1278_1388,0.3812441654733131
2017_1278_1407,0.705351703926891
2017_1278_1411,0.798733621014335
2017_1278_1413,0.8149611263533854
2017_1278_1417,0.4061755145851268
2017_1278_1423,0.5619595658400098
2017_1278_1425,0.5626971797190575
2017_1278_1433,0.5336351928845766
2017_1278_1435,0.5051632971533337
2017_1278_1436,0.5694832274062969
2017_1278_1437,0.2906651811262503
2017_1278_1438,0.3512970419839747
2017_1278_1439,0.5243412580085749
2017_1278_1448,0.4898209284691407
2017_1278_1452,0.3493792458984506
2017_1278_1455,0.35513263415502294
2017_1278_1457,0.6764372398682195
2017_1278_1458,0.41591201778855696
2017_1278_1462,0.5187353925278122
2017_1291_1292,0.22147699927158676
2017_1291_1297,0.4178298138740832
2017_1291_1300,0.42240301992417884
2017_1291_1305,0.2408024829026364
2017_1291_1308,0.3296111939399788
2017_1291_1309,0.4452690501746574
2017_1291_1314,0.15
2017_1291_1315,0.4423185946584666
2017_1291_1321,0.20879004055196645
2017_1291_1323,0.15
2017_1291_1329,0.15
2017_1291_1332,0.15
2017_1291_1343,0.2531943960706377
2017_1291_1344,0.24729348503825607
2017_1291_1345,0.15
2017_1291_1348,0.20716729001806153
2017_1291_1355,0.45721839501523004
2017_1291_1371,0.2318035935782545
2017_1291_1374,0.15
2017_1291_1376,0.18636657862891648
2017_1291_1388,0.15
2017_1291_1407,0.3982092846914145
2017_1291_1411,0.4915912017788526
2017_1291_1413,0.5078187071179019
2017_1291_1417,0.15
2017_1291_1423,0.2548171466045426
2017_1291_1425,0.2555547604835903
2017_1291_1433,0.2264927736491111
2017_1291_1435,0.19802087791787013
2017_1291_1436,0.26234080817082905
2017_1291_1437,0.15
2017_1291_1438,0.15
2017_1291_1439,0.21719883877311016
2017_1291_1448,0.182678509233678
2017_1291_1452,0.15
2017_1291_1455,0.15
2017_1291_1457,0.3692948206327449
2017_1291_1458,0.15
2017_1291_1462,0.21159297329234766
2017_1292_1297,0.6963528146025086
2017_1292_1300,0.7009260206526046
2017_1292_1305,0.5193254836310516
2017_1292_1308,0.6081341946683991
2017_1292_1309,0.7237920509030845
2017_1292_1314,0.30290957151844533
2017_1292_1315,0.7208415953868934
2017_1292_1321,0.4873130412803798
2017_1292_1323,0.40499533237865226
2017_1292_1329,0.39009553202188796
2017_1292_1332,0.36457409180683625
2017_1292_1343,0.5317173967990536
2017_1292_1344,0.5258164857666716
2017_1292_1345,0.3588207035502639
2017_1292_1348,0.4856902907464748
2017_1292_1355,0.7357413957436578
2017_1292_1371,0.5103265943066692
2017_1292_1374,0.3433308120902614
2017_1292_1376,0.46488957935732855
2017_1292_1388,0.3526247469662629
2017_1292_1407,0.6767322854198389
2017_1292_1411,0.7701142025072824
2017_1292_1413,0.7863417078463326
2017_1292_1417,0.37755609607807644
2017_1292_1423,0.5333401473329586
2017_1292_1425,0.5340777612120063
2017_1292_1433,0.5050157743775255
2017_1292_1435,0.47654387864628284
2017_1292_1436,0.5408638088992456
2017_1292_1437,0.26204576261920065
2017_1292_1438,0.3226776234769247
2017_1292_1439,0.495721839501524
2017_1292_1448,0.46120150996208986
2017_1292_1452,0.32075982739140063
2017_1292_1455,0.326513215647973
2017_1292_1457,0.6478178213611675
2017_1292_1458,0.38729259928150656
2017_1292_1462,0.4901159740207612
2017_1297_1300,0.5045732060500968
2017_1297_1305,0.3229726690285513
2017_1297_1308,0.4117813800658952
2017_1297_1309,0.5274392363005758
2017_1297_1314,0.15
2017_1297_1315,0.524488780784385
2017_1297_1321,0.2909602266778808
2017_1297_1323,0.2086425177761566
2017_1297_1329,0.19374271741939286
2017_1297_1332,0.16822127720434227
2017_1297_1343,0.3353645821965528
2017_1297_1344,0.3294636711641711
2017_1297_1345,0.16246788894777014
2017_1297_1348,0.2893374761439758
2017_1297_1355,0.5393885811411486
2017_1297_1371,0.3139737797041693
2017_1297_1374,0.15
2017_1297_1376,0.2685367647548304
2017_1297_1388,0.1562719323637694
2017_1297_1407,0.48037947081733207
2017_1297_1411,0.5737613879047717
2017_1297_1413,0.5899888932438213
2017_1297_1417,0.18120328147558193
2017_1297_1423,0.3369873327304577
2017_1297_1425,0.3377249466095054
2017_1297_1433,0.3086629597750257
2017_1297_1435,0.28019106404378424
2017_1297_1436,0.34451099429674426
2017_1297_1437,0.15
2017_1297_1438,0.15
2017_1297_1439,0.2993690248990246
2017_1297_1448,0.2648486953595919
2017_1297_1452,0.15
2017_1297_1455,0.15
2017_1297_1457,0.4514650067586619
2017_1297_1458,0.19093978467901168
2017_1297_1462,0.29376315941826203
2017_1300_1305,0.3183994629784555
2017_1300_1308,0.4072081740157993
2017_1300_1309,0.5228660302504798
2017_1300_1314,0.15
2017_1300_1315,0.519915574734289
2017_1300_1321,0.286387020627785
2017_1300_1323,0.20406931172606094
2017_1300_1329,0.18916951136929722
2017_1300_1332,0.16364807115424662
2017_1300_1343,0.330791376146457
2017_1300_1344,0.32489046511407527
2017_1300_1345,0.1578946828976745
2017_1300_1348,0.28476427009388006
2017_1300_1355,0.5348153750910526
2017_1300_1371,0.3094005736540734
2017_1300_1374,0.15
2017_1300_1376,0.26396355870473465
2017_1300_1388,0.15169872631367376
2017_1300_1407,0.4758062647672361
2017_1300_1411,0.5691881818546757
2017_1300_1413,0.5854156871937253
2017_1300_1417,0.17663007542548625
2017_1300_1423,0.33241412668036185
2017_1300_1425,0.3331517405594096
2017_1300_1433,0.3040897537249299
2017_1300_1435,0.2756178579936885
2017_1300_1436,0.3399377882466485
2017_1300_1437,0.15
2017_1300_1438,0.15
2017_1300_1439,0.29479581884892886
2017_1300_1448,0.2602754893094962
2017_1300_1452,0.15
2017_1300_1455,0.15
2017_1300_1457,0.446891800708566
2017_1300_1458,0.186366578628916
2017_1300_1462,0.2891899533681663
2017_1305_1308,0.5888087110373488
2017_1305_1309,0.7044665672720336
2017_1305_1314,0.2835840878873962
2017_1305_1315,0.7015161117558427
2017_1305_1321,0.4679875576493299
2017_1305_1323,0.3856698487476027
2017_1305_1329,0.37077004839083844
2017_1305_1332,0.34524860817578684
2017_1305_1343,0.5123919131680036
2017_1305_1344,0.5064910021356216
2017_1305_1345,0.33949521991921455
2017_1305_1348,0.46636480711542494
2017_1305_1355,0.7164159121126069
2017_1305_1371,0.49100111067561925
2017_1305_1374,0.3240053284592121
2017_1305_1376,0.44556409572627875
2017_1305_1388,0.3332992633352136
2017_1305_1407,0.6574068017887882
2017_1305_1411,0.7507887188762313
2017_1305_1413,0.7670162242152816
2017_1305_1417,0.35823061244702703
2017_1305_1423,0.5140146637019085
2017_1305_1425,0.5147522775809563
2017_1305_1433,0.4856902907464755
2017_1305_1435,0.45721839501523304
2017_1305_1436,0.5215383252681954
2017_1305_1437,0.24272027898815168
2017_1305_1438,0.3033521398458755
2017_1305_1439,0.4763963558704741
2017_1305_1448,0.44187602633104006
2017_1305_1452,0.3014343437603514
2017_1305_1455,0.30718773201692373
2017_1305_1457,0.628492337730117
2017_1305_1458,0.36796711565045714
2017_1305_1462,0.47079049038971127
2017_1308_1309,0.6156578562346856
2017_1308_1314,0.19477537685005597
2017_1308_1315,0.6127074007184947
2017_1308_1321,0.37917884661198625
2017_1308_1323,0.29686113771026057
2017_1308_1329,0.2819613373534966
2017_1308_1332,0.2564398971384455
2017_1308_1343,0.4235832021306591
2017_1308_1344,0.41768229109827726
2017_1308_1345,0.25068650888187327
2017_1308_1348,0.3775560960780813
2017_1308_1355,0.6276072010752587
2017_1308_1371,0.40219239963827513
2017_1308_1374,0.2351966174218711
2017_1308_1376,0.35675538468893553
2017_1308_1388,0.24449055229787242
2017_1308_1407,0.568598090751441
2017_1308_1411,0.6619800078388824
2017_1308_1413,0.6782075131779324
2017_1308_1417,0.2694219014096854
2017_1308_1423,0.42520595266456407
2017_1308_1425,0.42594356654361176
2017_1308_1433,0.3968815797091315
2017_1308_1435,0.36840968397788953
2017_1308_1436,0.43272961423085077
2017_1308_1437,0.15391156795081223
2017_1308_1438,0.2145434288085349
2017_1308_1439,0.3875876448331303
2017_1308_1448,0.3530673152936969
2017_1308_1452,0.21262563272301085
2017_1308_1455,0.21837902097958306
2017_1308_1457,0.5396836266927704
2017_1308_1458,0.2791584046131153
2017_1308_1462,0.38198177935236755
2017_1309_1314,0.15
2017_1309_1315,0.497049544483809
2017_1309_1321,0.26352099037730614
2017_1309_1323,0.18120328147558246
2017_1309_1329,0.16630348111881882
2017_1309_1332,0.15
2017_1309_1343,0.30792534589597786
2017_1309_1344,0.3020244348635962
2017_1309_1345,0.15
2017_1309_1348,0.2618982398434012
2017_1309_1355,0.5119493448405725
2017_1309_1371,0.28653454340359447
2017_1309_1374,0.15
2017_1309_1376,0.24109752845425594
2017_1309_1388,0.15
2017_1309_1407,0.45294023451675636
2017_1309_1411,0.5463221516041956
2017_1309_1413,0.562549656943245
2017_1309_1417,0.1537640451750079
2017_1309_1423,0.3095480964298828
2017_1309_1425,0.31028571030893054
2017_1309_1433,0.281223723474451
2017_1309_1435,0.2527518277432097
2017_1309_1436,0.3170717579961694
2017_1309_1437,0.15
2017_1309_1438,0.15
2017_1309_1439,0.27192978859844996
2017_1309_1448,0.23740945905901745
2017_1309_1452,0.15
2017_1309_1455,0.15
2017_1309_1457,0.42402577045808637
2017_1309_1458,0.1635005483784376
2017_1309_1462,0.2663239231176874
2017_1314_1315,0.85
2017_1314_1321,0.6844034697619265
2017_1314_1323,0.6020857608601956
2017_1314_1329,0.5871859605034306
2017_1314_1332,0.561664520288378
2017_1314_1343,0.7288078252806021
2017_1314_1344,0.72290691424822
2017_1314_1345,0.5559111320318053
2017_1314_1348,0.6827807192280215
2017_1314_1355,0.85
2017_1314_1371,0.7074170227882169
2017_1314_1374,0.5404212405718023
2017_1314_1376,0.6619800078388743
2017_1314_1388,0.5497151754478041
2017_1314_1407,0.85
2017_1314_1411,0.85
2017_1314_1413,0.85
2017_1314_1417,0.5746465245596186
2017_1314_1423,0.7304305758145072
2017_1314_1425,0.7311681896935549
2017_1314_1433,0.7021062028590729
2017_1314_1435,0.6736343071278291
2017_1314_1436,0.7379542373807944
2017_1314_1437,0.45913619110073817
2017_1314_1438,0.5197680519584648
2017_1314_1439,0.692812267983071
2017_1314_1448,0.6582919384436354
2017_1314_1452,0.5178502558729405
2017_1314_1455,0.5236036441295131
2017_1314_1457,0.8449082498427208
2017_1314_1458,0.5843830277630493
2017_1314_1462,0.6872064025023079
2017_1315_1321,0.26647144589349697
2017_1315_1323,0.18415373699177323
2017_1315_1329,0.1692539366350096
2017_1315_1332,0.15
2017_1315_1343,0.31087580141216875
2017_1315_1344,0.3049748903797871
2017_1315_1345,0.15
2017_1315_1348,0.26484869535959205
2017_1315_1355,0.5148998003567635
2017_1315_1371,0.2894849989197853
2017_1315_1374,0.15
2017_1315_1376,0.24404798397044675
2017_1315_1388,0.15
2017_1315_1407,0.4558906900329473
2017_1315_1411,0.5492726071203865
2017_1315_1413,0.565500112459436
2017_1315_1417,0.1567145006911987
2017_1315_1423,0.3124985519460737
2017_1315_1425,0.31323616582512137
2017_1315_1433,0.2841741789906418
2017_1315_1435,0.25570228325940053
2017_1315_1436,0.32002221351236027
2017_1315_1437,0.15
2017_1315_1438,0.15
2017_1315_1439,0.2748802441146408
2017_1315_1448,0.24035991457520822
2017_1315_1452,0.15
2017_1315_1455,0.15
2017_1315_1457,0.42697622597427726
2017_1315_1458,0.16645100389462836
2017_1315_1462,0.2692743786338782
2017_1321_1323,0.4176822910982726
2017_1321_1329,0.40278249074150824
2017_1321_1332,0.3772610505264565
2017_1321_1343,0.5444043555186743
2017_1321_1344,0.5385034444862923
2017_1321_1345,0.371507662269884
2017_1321_1348,0.4983772494660953
2017_1321_1355,0.7484283544632789
2017_1321_1371,0.5230135530262897
2017_1321_1374,0.3560177708098815
2017_1321_1376,0.477576538076949
2017_1321_1388,0.36531170568588306
2017_1321_1407,0.6894192441394599
2017_1321_1411,0.7828011612269037
2017_1321_1413,0.799028666565954
2017_1321_1417,0.39024305479769666
2017_1321_1423,0.5460271060525792
2017_1321_1425,0.546764719931627
2017_1321_1433,0.517702733097146
2017_1321_1435,0.48923083736590334
2017_1321_1436,0.5535507676188661
2017_1321_1437,0.2747327213388206
2017_1321_1438,0.3353645821965448
2017_1321_1439,0.5084087982211446
2017_1321_1448,0.4738884686817103
2017_1321_1452,0.3334467861110207
2017_1321_1455,0.33920017436759303
2017_1321_1457,0.6605047800807885
2017_1321_1458,0.39997955800112683
2017_1321_1462,0.5028029327403817
2017_1323_1329,0.4851001996432304
2017_1323_1332,0.4595787594281782
2017_1323_1343,0.6267220644203988
2017_1323_1344,0.6208211533880168
2017_1323_1345,0.4538253711716057
2017_1323_1348,0.5806949583678191
2017_1323_1355,0.830746063365007
2017_1323_1371,0.605331261928014
2017_1323_1374,0.4383354797116029
2017_1323_1376,0.5598942469786724
2017_1323_1388,0.4476294145876046
2017_1323_1407,0.771736953041187
2017_1323_1411,0.85
2017_1323_1413,0.85
2017_1323_1417,0.47256076369941863
2017_1323_1423,0.6283448149543038
2017_1323_1425,0.6290824288333517
2017_1323_1433,0.6000204419988702
2017_1323_1435,0.571548546267627
2017_1323_1436,0.635868476520591
2017_1323_1437,0.35705043024054056
2017_1323_1438,0.4176822910982658
2017_1323_1439,0.5907265071228686
2017_1323_1448,0.5562061775834337
2017_1323_1452,0.41576449501274165
2017_1323_1455,0.42151788326931416
2017_1323_1457,0.7428224889825151
2017_1323_1458,0.48229726690284896
2017_1323_1462,0.5851206416421056
2017_1329_1332,0.47447855978494147
2017_1329_1343,0.6416218647771625
2017_1329_1344,0.6357209537447805
2017_1329_1345,0.468725171528369
2017_1329_1348,0.5955947587245827
2017_1329_1355,0.8456458637217716
2017_1329_1371,0.6202310622847778
2017_1329_1374,0.4532352800683661
2017_1329_1376,0.574794047335436
2017_1329_1388,0.46252921494436783
2017_1329_1407,0.7866367533979512
2017_1329_1411,0.85
2017_1329_1413,0.85
2017_1329_1417,0.487460564056182
2017_1329_1423,0.6432446153110677
2017_1329_1425,0.6439822291901156
2017_1329_1433,0.6149202423556339
2017_1329_1435,0.5864483466243906
2017_1329_1436,0.6507682768773547
2017_1329_1437,0.37195023059730353
2017_1329_1438,0.43258209145502896
2017_1329_1439,0.6056263074796322
2017_1329_1448,0.5711059779401974
2017_1329_1452,0.43066429536950485
2017_1329_1455,0.4364176836260773
2017_1329_1457,0.7577222893392792
2017_1329_1458,0.4971970672596123
2017_1329_1462,0.6000204419988693
2017_1332_1343,0.6671433049922135
2017_1332_1344,0.6612423939598314
2017_1332_1345,0.4942466117434189
2017_1332_1348,0.6211161989396333
2017_1332_1355,0.85
2017_1332_1371,0.6457525024998284
2017_1332_1374,0.47875672028341587
2017_1332_1376,0.6003154875504865
2017_1332_1388,0.4880506551594177
2017_1332_1407,0.8121581936130027
2017_1332_1411,0.85
2017_1332_1413,0.85
2017_1332_1417,0.512982004271232
2017_1332_1423,0.6687660555261186
2017_1332_1425,0.6695036694051663
2017_1332_1433,0.6404416825706846
2017_1332_1435,0.6119697868394411
2017_1332_1436,0.6762897170924055
2017_1332_1437,0.3974716708123529
2017_1332_1438,0.45810353167007867
2017_1332_1439,0.6311477476946828
2017_1332_1448,0.5966274181552477
2017_1332_1452,0.45618573558455444
2017_1332_1455,0.461939123841127
2017_1332_1457,0.7832437295543306
2017_1332_1458,0.5227185074746623
2017_1332_1462,0.6255418822139198
2017_1343_1344,0.4940990889676201
2017_1343_1345,0.32710330675121346
2017_1343_1348,0.45397289394742346
2017_1343_1355,0.7040239989446048
2017_1343_1371,0.4786091975076177
2017_1343_1374,0.311613415291211
2017_1343_1376,0.4331721825582774
2017_1343_1388,0.32090735016721245
2017_1343_1407,0.6450148886207863
2017_1343_1411,0.7383968057082292
2017_1343_1413,0.7546243110472793
2017_1343_1417,0.3458386992790259
2017_1343_1423,0.501622750533907
2017_1343_1425,0.5023603644129547
2017_1343_1433,0.47329837757847404
2017_1343_1435,0.4448264818472316
2017_1343_1436,0.5091464121001938
2017_1343_1437,0.23032836582015082
2017_1343_1438,0.29096022667787447
2017_1343_1439,0.46400444270247265
2017_1343_1448,0.4294841131630387
2017_1343_1452,0.2890424305923504
2017_1343_1455,0.2947958188489227
2017_1343_1457,0.6161004245621151
2017_1343_1458,0.35557520248245594
2017_1343_1462,0.45839857722170985
2017_1344_1345,0.3330042177835949
2017_1344_1348,0.4598738049798051
2017_1344_1355,0.7099249099769868
2017_1344_1371,0.48451010853999943
2017_1344_1374,0.3175143263235925
2017_1344_1376,0.439073093590659
2017_1344_1388,0.32680826119959394
2017_1344_1407,0.6509157996531681
2017_1344_1411,0.7442977167406112
2017_1344_1413,0.7605252220796613
2017_1344_1417,0.35173961031140744
2017_1344_1423,0.5075236615662887
2017_1344_1425,0.5082612754453365
2017_1344_1433,0.47919928861085564
2017_1344_1435,0.4507273928796133
2017_1344_1436,0.5150473231325755
2017_1344_1437,0.2362292768525322
2017_1344_1438,0.2968611377102559
2017_1344_1439,0.4699053537348543
2017_1344_1448,0.43538502419542036
2017_1344_1452,0.29494334162473185
2017_1344_1455,0.30069672988130414
2017_1344_1457,0.6220013355944969
2017_1344_1458,0.3614761135148375
2017_1344_1462,0.46429948825409156
2017_1345_1348,0.6268695871962054
2017_1345_1355,0.85
2017_1345_1371,0.6515058907564006
2017_1345_1374,0.4845101085399878
2017_1345_1376,0.6060688758070586
2017_1345_1388,0.4938040434159896
2017_1345_1407,0.8179115818695751
2017_1345_1411,0.85
2017_1345_1413,0.85
2017_1345_1417,0.5187353925278039
2017_1345_1423,0.6745194437826906
2017_1345_1425,0.6752570576617385
2017_1345_1433,0.6461950708272567
2017_1345_1435,0.6177231750960132
2017_1345_1436,0.6820431053489778
2017_1345_1437,0.40322505906892475
2017_1345_1438,0.4638569199266505
2017_1345_1439,0.636901135951255
2017_1345_1448,0.6023808064118197
2017_1345_1452,0.4619391238411264
2017_1345_1455,0.4676925120976989
2017_1345_1457,0.788997117810903
2017_1345_1458,0.5284718957312343
2017_1345_1462,0.6312952704704919
2017_1348_1355,0.750051104997184
2017_1348_1371,0.5246363035601947
2017_1348_1374,0.35764052134378643
2017_1348_1376,0.479199288610854
2017_1348_1388,0.36693445621978793
2017_1348_1407,0.6910419946733648
2017_1348_1411,0.7844239117608087
2017_1348_1413,0.800651417099859
2017_1348_1417,0.3918658053316016
2017_1348_1423,0.5476498565864842
2017_1348_1425,0.5483874704655319
2017_1348_1433,0.5193254836310509
2017_1348_1435,0.49085358789980826
2017_1348_1436,0.5551735181527712
2017_1348_1437,0.27635547187272547
2017_1348_1438,0.3369873327304497
2017_1348_1439,0.5100315487550495
2017_1348_1448,0.47551121921561523
2017_1348_1452,0.33506953664492556
2017_1348_1455,0.34082292490149796
2017_1348_1457,0.6621275306146934
2017_1348_1458,0.4016023085350317
2017_1348_1462,0.5044256832742866
2017_1355_1371,0.27458519856302166
2017_1355_1374,0.15
2017_1355_1376,0.22914818361368317
2017_1355_1388,0.15
2017_1355_1407,0.44099088967618305
2017_1355_1411,0.5343728067636221
2017_1355_1413,0.5506003121026715
2017_1355_1417,0.15
2017_1355_1423,0.29759875158930993
2017_1355_1425,0.2983363654683576
2017_1355_1433,0.26927437863387815
2017_1355_1435,0.24080248290263695
2017_1355_1436,0.30512241315559646
2017_1355_1437,0.15
2017_1355_1438,0.15
2017_1355_1439,0.25998044375787716
2017_1355_1448,0.22546011421844467
2017_1355_1452,0.15
2017_1355_1455,0.15
2017_1355_1457,0.4120764256175132
2017_1355_1458,0.15155120353786505
2017_1355_1462,0.25437457827711457
2017_1371_1374,0.3330042177835938
2017_1371_1376,0.45456298505066073
2017_1371_1388,0.3422981526595953
2017_1371_1407,0.6664056911131705
2017_1371_1411,0.7597876082006139
2017_1371_1413,0.776015113539664
2017_1371_1417,0.36722950177140884
2017_1371_1423,0.5230135530262906
2017_1371_1425,0.5237511669053384
2017_1371_1433,0.49468918007085755
2017_1371_1435,0.466217284339615
2017_1371_1436,0.5305372145925776
2017_1371_1437,0.25171916831253327
2017_1371_1438,0.31235102917025714
2017_1371_1439,0.48539524519485605
2017_1371_1448,0.450874915655422
2017_1371_1452,0.3104332330847331
2017_1371_1455,0.31618662134130543
2017_1371_1457,0.6374912270544992
2017_1371_1458,0.37696600497483895
2017_1371_1462,0.4797893797140933
2017_1374_1376,0.6215587672670604
2017_1374_1388,0.5092939348759911
2017_1374_1407,0.8334014733295775
2017_1374_1411,0.85
2017_1374_1413,0.85
2017_1374_1417,0.5342252839878054
2017_1374_1423,0.6900093352426926
2017_1374_1425,0.6907469491217404
2017_1374_1433,0.6616849622872585
2017_1374_1435,0.633213066556015
2017_1374_1436,0.6975329968089797
2017_1374_1437,0.4187149505289258
2017_1374_1438,0.47934681138665186
2017_1374_1439,0.6523910274112569
2017_1374_1448,0.6178706978718215
2017_1374_1452,0.47742901530112763
2017_1374_1455,0.4831824035577002
2017_1374_1457,0.8044870092709053
2017_1374_1458,0.5439617871912358
2017_1374_1462,0.6467851619304938
2017_1376_1388,0.3877351676089327
2017_1376_1407,0.711842706062511
2017_1376_1411,0.8052246231499551
2017_1376_1413,0.8214521284890056
2017_1376_1417,0.4126665167207464
2017_1376_1423,0.5684505679756297
2017_1376_1425,0.5691881818546775
2017_1376_1433,0.5401261950201963
2017_1376_1435,0.5116542992889535
2017_1376_1436,0.5759742295419166
2017_1376_1437,0.29715618326186977
2017_1376_1438,0.35778804411959425
2017_1376_1439,0.5308322601441948
2017_1376_1448,0.4963119306047604
2017_1376_1452,0.3558702480340701
2017_1376_1455,0.36162363629064254
2017_1376_1457,0.6829282420038395
2017_1376_1458,0.4224030199241766
2017_1376_1462,0.5252263946634319
2017_1388_1407,0.8241075384535761
2017_1388_1411,0.85
2017_1388_1413,0.85
2017_1388_1417,0.5249313491118045
2017_1388_1423,0.6807154003666914
2017_1388_1425,0.6814530142457392
2017_1388_1433,0.6523910274112574
2017_1388_1435,0.623919131680014
2017_1388_1436,0.6882390619329787
2017_1388_1437,0.4094210156529252
2017_1388_1438,0.4700528765106511
2017_1388_1439,0.6430970925352557
2017_1388_1448,0.6085767629958205
2017_1388_1452,0.4681350804251269
2017_1388_1455,0.4738884686816995
2017_1388_1457,0.7951930743949038
2017_1388_1458,0.534667852315235
2017_1388_1462,0.6374912270544928
2017_1407_1411,0.5933819170874418
2017_1407_1413,0.6096094224264915
2017_1407_1417,0.20082381065825042
2017_1407_1423,0.3566078619131268
2017_1407_1425,0.35734547579217457
2017_1407_1433,0.3282834889576947
2017_1407_1435,0.2998115932264532
2017_1407_1436,0.36413152347941347
2017_1407_1437,0.15
2017_1407_1438,0.15
2017_1407_1439,0.3189895540816936
2017_1407_1448,0.28446922454226076
2017_1407_1452,0.15
2017_1407_1455,0.15
2017_1407_1457,0.4710855359413315
2017_1407_1458,0.2105603138616802
2017_1407_1462,0.313383688600931
2017_1411_1413,0.5162275053390464
2017_1411_1417,0.15
2017_1411_1423,0.2632259448256865
2017_1411_1425,0.26396355870473426
2017_1411_1433,0.23490157187025495
2017_1411_1435,0.20642967613901395
2017_1411_1436,0.270749606391973
2017_1411_1437,0.15
2017_1411_1438,0.15
2017_1411_1439,0.225607636994254
2017_1411_1448,0.1910873074548218
2017_1411_1452,0.15
2017_1411_1455,0.15
2017_1411_1457,0.377703618853889
2017_1411_1458,0.15
2017_1411_1462,0.2200017715134915
2017_1413_1417,0.15
2017_1413_1423,0.24699843948663686
2017_1413_1425,0.24773605336568458
2017_1413_1433,0.2186740665312054
2017_1413_1435,0.1902021707999645
2017_1413_1436,0.25452210105292333
2017_1413_1437,0.15
2017_1413_1438,0.15
2017_1413_1439,0.2093801316552045
2017_1413_1448,0.1748598021157724
2017_1413_1452,0.15
2017_1413_1455,0.15
2017_1413_1457,0.36147611351483894
2017_1413_1458,0.15
2017_1413_1462,0.203774266174442
2017_1417_1423,0.6557840512548787
2017_1417_1425,0.6565216651339265
2017_1417_1433,0.6274596782994448
2017_1417_1435,0.5989877825682015
2017_1417_1436,0.663307712821166
2017_1417_1437,0.38448966654111394
2017_1417_1438,0.4451215273988395
2017_1417_1439,0.6181657434234432
2017_1417_1448,0.5836454138840081
2017_1417_1452,0.44320373131331536
2017_1417_1455,0.4489571195698878
2017_1417_1457,0.7702617252830906
2017_1417_1458,0.509736503203423
2017_1417_1462,0.6125598779426802
2017_1423_1425,0.5007376138790498
2017_1423_1433,0.4716756270445691
2017_1423_1435,0.4432037313133267
2017_1423_1436,0.5075236615662888
2017_1423_1437,0.22870561528624594
2017_1423_1438,0.2893374761439696
2017_1423_1439,0.46238169216856767
2017_1423_1448,0.42786136262913377
2017_1423_1452,0.28741968005844554
2017_1423_1455,0.2931730683150178
2017_1423_1457,0.6144776740282101
2017_1423_1458,0.353952451948551
2017_1423_1462,0.45677582668780486
2017_1425_1433,0.47093801316552136
2017_1425_1435,0.44246611743427894
2017_1425_1436,0.5067860476872411
2017_1425_1437,0.2279680014071983
2017_1425_1438,0.2885998622649219
2017_1425_1439,0.46164407828952
2017_1425_1448,0.42712374875008613
2017_1425_1452,0.28668206617939784
2017_1425_1455,0.29243545443597013
2017_1425_1457,0.6137400601491624
2017_1425_1458,0.3532148380695033
2017_1425_1462,0.45603821280875717
2017_1433_1435,0.4715281042687585
2017_1433_1436,0.535848034521721
2017_1433_1437,0.25702998824167655
2017_1433_1438,0.3176618490994005
2017_1433_1439,0.4907060651239996
2017_1433_1448,0.4561857355845655
2017_1433_1452,0.3157440530138764
2017_1433_1455,0.32149744127044877
2017_1433_1457,0.642802046983643
2017_1433_1458,0.3822768249039823
2017_1433_1462,0.48510019964323675
2017_1435_1436,0.5643199302529629
2017_1435_1437,0.28550188397291654
2017_1435_1438,0.34613374483064085
2017_1435_1439,0.519177960855241
2017_1435_1448,0.4846576313158067
2017_1435_1452,0.3442159487451168
2017_1435_1455,0.34996933700168914
2017_1435_1457,0.6712739427148853
2017_1435_1458,0.41074872063522305
2017_1435_1462,0.5135720953744782
2017_1436_1437,0.22118195371995975
2017_1436_1438,0.28181381457768323
2017_1436_1439,0.4548580306022811
2017_1436_1448,0.42033770106284724
2017_1436_1452,0.27989601849215917
2017_1436_1455,0.2856494067487315
2017_1436_1457,0.6069540124619233
2017_1436_1458,0.3464287903822646
2017_1436_1462,0.4492521651215183
2017_1437_1438,0.5606318608577061
2017_1437_1439,0.733676076882314
2017_1437_1448,0.6991557473428782
2017_1437_1452,0.5587140647721819
2017_1437_1455,0.5644674530287546
2017_1437_1457,0.85
2017_1437_1458,0.6252468366622913
2017_1437_1462,0.7280702114015509
2017_1438_1439,0.6730442160245926
2017_1438_1448,0.6385238864851572
2017_1438_1452,0.49808220391446273
2017_1438_1455,0.5038355921710352
2017_1438_1457,0.8251401978842418
2017_1438_1458,0.5646149758045712
2017_1438_1462,0.6674383505438295
2017_1439_1448,0.46547967046056654
2017_1439_1452,0.3250379878898771
2017_1439_1455,0.3307913761464495
2017_1439_1457,0.6520959818596443
2017_1439_1458,0.3915707597799832
2017_1439_1462,0.49439413451923786
2017_1448_1452,0.35955831742930855
2017_1448_1455,0.36531170568588095
2017_1448_1457,0.6866163113990781
2017_1448_1458,0.4260910893194151
2017_1448_1462,0.5289144640586705
2017_1452_1455,0.5057533882565592
2017_1452_1457,0.8270579939697658
2017_1452_1458,0.5665327718900951
2017_1452_1462,0.6693561466293535
2017_1455_1457,0.8213046057131935
2017_1455_1458,0.5607793836335231
2017_1455_1462,0.6636027583727814
2017_1457_1458,0.23947477792034963
2017_1457_1462,0.342298152659601
2017_1458_1462,0.6028233747392505
