"Id","pred"
"2017_1112_1116",0.561552741662803
"2017_1112_1124",0.492897253227167
"2017_1112_1137",0.850670568261448
"2017_1112_1139",0.48574628485286
"2017_1112_1153",0.533279395740592
"2017_1112_1166",0.55165737363491
"2017_1112_1173",0.555374572946568
"2017_1112_1181",0.469849492184953
"2017_1112_1190",0.674993827605119
"2017_1112_1195",0.881878170571773
"2017_1112_1196",0.539959478589849
"2017_1112_1199",0.492256821226595
"2017_1112_1211",0.52604127818234
"2017_1112_1233",0.892604262040277
"2017_1112_1235",0.507542659243758
"2017_1112_1240",0.917372223174147
"2017_1112_1242",0.463916868503304
"2017_1112_1243",0.679078179275286
"2017_1112_1245",0.887700609261216
"2017_1112_1246",0.45838817351107
"2017_1112_1257",0.479931384215767
"2017_1112_1266",0.651806857921133
"2017_1112_1268",0.583693270872168
"2017_1112_1274",0.615076460011567
"2017_1112_1276",0.593580266715562
"2017_1112_1277",0.655649436333687
"2017_1112_1278",0.596193465565107
"2017_1112_1291",0.987404955181293
"2017_1112_1292",0.623086771359614
"2017_1112_1297",0.909370821493246
"2017_1112_1300",0.961991582091004
"2017_1112_1305",0.671949080468461
"2017_1112_1308",0.832083295330602
"2017_1112_1309",0.975602831654204
"2017_1112_1314",0.456616655672735
"2017_1112_1315",0.957098206784551
"2017_1112_1321",0.627600467188441
"2017_1112_1323",0.497402501487299
"2017_1112_1329",0.596572530217661
"2017_1112_1332",0.572141661120634
"2017_1112_1343",0.651376320871593
"2017_1112_1344",0.705211679869238
"2017_1112_1345",0.471624444793623
"2017_1112_1348",0.615956980850914
"2017_1112_1355",0.946272059113133
"2017_1112_1371",0.654644323358254
"2017_1112_1374",0.496296316390003
"2017_1112_1376",0.688304636541662
"2017_1112_1388",0.49861100109498
"2017_1112_1407",0.903083102518817
"2017_1112_1411",0.977552566950468
"2017_1112_1413",0.985285079156797
"2017_1112_1417",0.523720365590968
"2017_1112_1423",0.745791313036691
"2017_1112_1425",0.668431962574479
"2017_1112_1433",0.616351399381132
"2017_1112_1435",0.601331893166308
"2017_1112_1436",0.652110006060886
"2017_1112_1437",0.449659615336447
"2017_1112_1438",0.525053760794074
"2017_1112_1439",0.619035510051505
"2017_1112_1448",0.672264013572966
"2017_1112_1452",0.477065885154277
"2017_1112_1455",0.516540538548354
"2017_1112_1457",0.916874644729058
"2017_1112_1458",0.511359274620179
"2017_1112_1462",0.802635028834184
"2017_1116_1124",0.429141174380735
"2017_1116_1137",0.814610824851626
"2017_1116_1139",0.422132821417009
"2017_1116_1153",0.469189322069827
"2017_1116_1166",0.48768488622875
"2017_1116_1173",0.491446695497316
"2017_1116_1181",0.406641631887325
"2017_1116_1190",0.616380297378543
"2017_1116_1195",0.851825074020216
"2017_1116_1196",0.475892407250079
"2017_1116_1199",0.428512501346466
"2017_1116_1211",0.461951564121508
"2017_1116_1233",0.864763347383074
"2017_1116_1235",0.443572387036253
"2017_1116_1240",0.894933530476878
"2017_1116_1242",0.400891459382148
"2017_1116_1243",0.62078334154766
"2017_1116_1245",0.858838879807822
"2017_1116_1246",0.395547898846814
"2017_1116_1257",0.416452160813666
"2017_1116_1266",0.591560135908009
"2017_1116_1268",0.520338233402609
"2017_1116_1274",0.552845240327643
"2017_1116_1276",0.530523271368524
"2017_1116_1277",0.595652801559092
"2017_1116_1278",0.533223811379209
"2017_1116_1291",0.98252790710086
"2017_1116_1292",0.561226181208322
"2017_1116_1297",0.885141709683357
"2017_1116_1300",0.950343650187523
"2017_1116_1305",0.613104049979466
"2017_1116_1308",0.792744917763391
"2017_1116_1309",0.9675240149358
"2017_1116_1314",0.393838775137867
"2017_1116_1315",0.944199184340161
"2017_1116_1321",0.565963899963525
"2017_1116_1323",0.433569353125675
"2017_1116_1329",0.533615843980498
"2017_1116_1332",0.50850295392283
"2017_1116_1343",0.591102084084793
"2017_1116_1344",0.64917889297484
"2017_1116_1345",0.408365269745223
"2017_1116_1348",0.553764821398172
"2017_1116_1355",0.93066483712768
"2017_1116_1371",0.594581487642505
"2017_1116_1374",0.432481173595085
"2017_1116_1376",0.630764232100822
"2017_1116_1388",0.434758865336384
"2017_1116_1407",0.87747739395525
"2017_1116_1411",0.969995803518463
"2017_1116_1413",0.979825562015102
"2017_1116_1417",0.459636312259027
"2017_1116_1423",0.69404949791277
"2017_1116_1425",0.609325956777887
"2017_1116_1433",0.554176870866998
"2017_1116_1435",0.538544473906372
"2017_1116_1436",0.591882718758353
"2017_1116_1437",0.387141145197945
"2017_1116_1438",0.460966126846482
"2017_1116_1439",0.556983174718829
"2017_1116_1448",0.613442688133851
"2017_1116_1452",0.413658817353944
"2017_1116_1455",0.45249097601781
"2017_1116_1457",0.894323345660843
"2017_1116_1458",0.447350485542386
"2017_1116_1462",0.758549371988153
"2017_1124_1137",0.853136873630232
"2017_1124_1139",0.490562048319291
"2017_1124_1153",0.538069865597976
"2017_1124_1166",0.556415397548931
"2017_1124_1173",0.560124499336138
"2017_1124_1181",0.474654817513008
"2017_1124_1190",0.679208194321811
"2017_1124_1195",0.883915006350309
"2017_1124_1196",0.544739615653225
"2017_1124_1199",0.497074123514199
"2017_1124_1211",0.530841059900865
"2017_1124_1233",0.894485236133246
"2017_1124_1235",0.512357330005837
"2017_1124_1240",0.918877182432798
"2017_1124_1242",0.468715868122392
"2017_1124_1243",0.683264864838849
"2017_1124_1245",0.889653362206182
"2017_1124_1246",0.463180088408481
"2017_1124_1257",0.484744429305875
"2017_1124_1266",0.656166634626744
"2017_1124_1268",0.588364569952406
"2017_1124_1274",0.619625683207781
"2017_1124_1276",0.598217067394392
"2017_1124_1277",0.659986495744807
"2017_1124_1278",0.600820539153762
"2017_1124_1291",0.987725289612319
"2017_1124_1292",0.627598958576084
"2017_1124_1297",0.910999711168726
"2017_1124_1300",0.962762502982479
"2017_1124_1305",0.6761836798245
"2017_1124_1308",0.834788392375844
"2017_1124_1309",0.976135352149996
"2017_1124_1314",0.461406057598133
"2017_1124_1315",0.957953181846056
"2017_1124_1321",0.632090733183557
"2017_1124_1323",0.502219895642579
"2017_1124_1329",0.601198171677639
"2017_1124_1332",0.576848648243886
"2017_1124_1343",0.655738608732281
"2017_1124_1344",0.70920660638716
"2017_1124_1345",0.476431405889097
"2017_1124_1348",0.62050224977891
"2017_1124_1355",0.94730988787094
"2017_1124_1371",0.658987377967478
"2017_1124_1374",0.501113774543931
"2017_1124_1376",0.692426513101553
"2017_1124_1388",0.503428272911218
"2017_1124_1407",0.904807734836621
"2017_1124_1411",0.978050384255967
"2017_1124_1413",0.985643900395317
"2017_1124_1417",0.528522718120365
"2017_1124_1423",0.74943834862432
"2017_1124_1425",0.672689505236674
"2017_1124_1433",0.620894887681997
"2017_1124_1435",0.60593909775832
"2017_1124_1436",0.656468010489285
"2017_1124_1437",0.454438007705556
"2017_1124_1438",0.529854660996005
"2017_1124_1439",0.623566726954424
"2017_1124_1448",0.676496536120835
"2017_1124_1452",0.481877124104985
"2017_1124_1455",0.521349567429783
"2017_1124_1457",0.918387379129683
"2017_1124_1458",0.516171922554741
"2017_1124_1462",0.80569242788449
"2017_1137_1139",0.138690542563112
"2017_1137_1153",0.16402791008359
"2017_1137_1166",0.174781761948969
"2017_1137_1173",0.177028542496699
"2017_1137_1181",0.130927649199381
"2017_1137_1190",0.265514180774957
"2017_1137_1195",0.563763039469447
"2017_1137_1196",0.16787009983987
"2017_1137_1199",0.141966931000745
"2017_1137_1211",0.159947538699999
"2017_1137_1233",0.589319391364044
"2017_1137_1235",0.149892816892771
"2017_1137_1240",0.655119648658151
"2017_1137_1242",0.128113553652
"2017_1137_1243",0.269218875040697
"2017_1137_1245",0.577434683953736
"2017_1137_1246",0.125530216455037
"2017_1137_1257",0.135812574085215
"2017_1137_1266",0.245481467653217
"2017_1137_1268",0.194998905070026
"2017_1137_1274",0.216860155126226
"2017_1137_1276",0.201651992902624
"2017_1137_1277",0.248688716051209
"2017_1137_1278",0.203445350629755
"2017_1137_1291",0.915103793509591
"2017_1137_1292",0.222804661718462
"2017_1137_1297",0.632736878874359
"2017_1137_1300",0.804815386805531
"2017_1137_1305",0.262787992459748
"2017_1137_1308",0.463349135136324
"2017_1137_1309",0.861100808388695
"2017_1137_1314",0.124710311593898
"2017_1137_1315",0.785972827145251
"2017_1137_1321",0.226224413638833
"2017_1137_1323",0.144597892604327
"2017_1137_1329",0.203706727733204
"2017_1137_1332",0.187480551736369
"2017_1137_1343",0.245124787752075
"2017_1137_1344",0.29429860924351
"2017_1137_1345",0.131778187063351
"2017_1137_1348",0.217505958406034
"2017_1137_1355",0.746628195027312
"2017_1137_1371",0.247845621536477
"2017_1137_1374",0.144029174416939
"2017_1137_1376",0.277794874841121
"2017_1137_1388",0.145221190518652
"2017_1137_1407",0.615926251041628
"2017_1137_1411",0.869668400830177
"2017_1137_1413",0.905013685800451
"2017_1137_1417",0.158656971229553
"2017_1137_1423",0.338652405172345
"2017_1137_1425",0.25967591810229
"2017_1137_1433",0.217795843059526
"2017_1137_1435",0.207015455335116
"2017_1137_1436",0.245732932857289
"2017_1137_1437",0.121526613988685
"2017_1137_1438",0.159397374828072
"2017_1137_1439",0.219778582196931
"2017_1137_1448",0.2630685852948
"2017_1137_1452",0.134410790861512
"2017_1137_1455",0.154718020044321
"2017_1137_1457",0.653693954888337
"2017_1137_1458",0.151924675924999
"2017_1137_1462",0.415080863118805
"2017_1139_1153",0.545169150337907
"2017_1139_1166",0.563460580113065
"2017_1139_1173",0.567156477912526
"2017_1139_1181",0.481797176584418
"2017_1139_1190",0.685412844313527
"2017_1139_1195",0.88688538264159
"2017_1139_1196",0.551821388590161
"2017_1139_1199",0.504226812287295
"2017_1139_1211",0.537956538502002
"2017_1139_1233",0.897226969628329
"2017_1139_1235",0.519501025872714
"2017_1139_1240",0.921068350293424
"2017_1139_1242",0.475850798461527
"2017_1139_1243",0.689427598550134
"2017_1139_1245",0.892500359823794
"2017_1139_1246",0.470306322852419
"2017_1139_1257",0.491894901625263
"2017_1139_1266",0.662592246515258
"2017_1139_1268",0.595271063387948
"2017_1139_1274",0.626341913170812
"2017_1139_1276",0.605069413213881
"2017_1139_1277",0.666377490686543
"2017_1139_1278",0.607657681906523
"2017_1139_1291",0.988190198380774
"2017_1139_1292",0.634258040467006
"2017_1139_1297",0.913372184301058
"2017_1139_1300",0.963882654200849
"2017_1139_1305",0.682418994276027
"2017_1139_1308",0.838742319422146
"2017_1139_1309",0.976908626918688
"2017_1139_1314",0.468529143524995
"2017_1139_1315",0.959195741233639
"2017_1139_1321",0.638716079436772
"2017_1139_1323",0.509371007061058
"2017_1139_1329",0.608033078178571
"2017_1139_1332",0.583811636428985
"2017_1139_1343",0.662168049628947
"2017_1139_1344",0.715079986964762
"2017_1139_1345",0.483575605080961
"2017_1139_1348",0.627212368265399
"2017_1139_1355",0.948818938444311
"2017_1139_1371",0.665387504634665
"2017_1139_1374",0.508265349312704
"2017_1139_1376",0.698491265440294
"2017_1139_1388",0.51057880036608
"2017_1139_1407",0.907320378627099
"2017_1139_1411",0.978773202217153
"2017_1139_1413",0.986164716218103
"2017_1139_1417",0.53564277625252
"2017_1139_1423",0.754790241233121
"2017_1139_1425",0.67895962152169
"2017_1139_1433",0.6276022549496
"2017_1139_1435",0.612745260366959
"2017_1139_1436",0.662890920312386
"2017_1139_1437",0.461547026779991
"2017_1139_1438",0.536972124531708
"2017_1139_1439",0.630255147161657
"2017_1139_1448",0.682728701886878
"2017_1139_1452",0.489025867724861
"2017_1139_1455",0.528481905507394
"2017_1139_1457",0.920589917374117
"2017_1139_1458",0.523311348944869
"2017_1139_1462",0.810167341701574
"2017_1153_1166",0.51623079434001
"2017_1153_1173",0.519987486880153
"2017_1153_1181",0.434528326424811
"2017_1153_1190",0.642992468646216
"2017_1153_1195",0.865882519318061
"2017_1153_1196",0.504433978398314
"2017_1153_1199",0.456723000885822
"2017_1153_1211",0.490448023750371
"2017_1153_1233",0.877806479931041
"2017_1153_1235",0.471942839975374
"2017_1153_1240",0.90548403216585
"2017_1153_1242",0.428674940152974
"2017_1153_1243",0.64726615956479
"2017_1153_1245",0.872350554722341
"2017_1153_1246",0.423228691013536
"2017_1153_1257",0.44449754912702
"2017_1153_1266",0.61882415547981
"2017_1153_1268",0.548735438356499
"2017_1153_1274",0.580861841266013
"2017_1153_1276",0.558826070135908
"2017_1153_1277",0.622818404214806
"2017_1153_1278",0.561497767709354
"2017_1153_1291",0.984844892641652
"2017_1153_1292",0.589107334933831
"2017_1153_1297",0.896520678886431
"2017_1153_1300",0.955856550617008
"2017_1153_1305",0.639809795578967
"2017_1153_1308",0.811012664402896
"2017_1153_1309",0.971355384022174
"2017_1153_1314",0.421485343355256
"2017_1153_1315",0.95029980492534
"2017_1153_1321",0.593761751010666
"2017_1153_1323",0.461839276042743
"2017_1153_1329",0.561885480727234
"2017_1153_1332",0.536981242117395
"2017_1153_1343",0.618376895052127
"2017_1153_1344",0.674728843677647
"2017_1153_1345",0.436281433222566
"2017_1153_1348",0.581767305165754
"2017_1153_1355",0.938034518224248
"2017_1153_1371",0.621773199171985
"2017_1153_1374",0.460738797668188
"2017_1153_1376",0.656938591303002
"2017_1153_1388",0.463041926178878
"2017_1153_1407",0.889491785189376
"2017_1153_1411",0.97358062499074
"2017_1153_1413",0.982418450883973
"2017_1153_1417",0.488121071903812
"2017_1153_1423",0.717780017209407
"2017_1153_1425",0.636136772110964
"2017_1153_1433",0.582172969374887
"2017_1153_1435",0.566756939817479
"2017_1153_1436",0.619139111488583
"2017_1153_1437",0.414647145585485
"2017_1153_1438",0.489457753386723
"2017_1153_1439",0.584934805483167
"2017_1153_1448",0.640138867623362
"2017_1153_1452",0.441661252162075
"2017_1153_1455",0.480932049493287
"2017_1153_1457",0.904926019070238
"2017_1153_1458",0.475753039323018
"2017_1153_1462",0.778934547623672
"2017_1166_1173",0.501477350546674
"2017_1166_1181",0.416382344484468
"2017_1166_1190",0.625816887525436
"2017_1166_1195",0.856892012786074
"2017_1166_1196",0.485912092362602
"2017_1166_1199",0.438382025478288
"2017_1166_1211",0.471945339256685
"2017_1166_1233",0.869468833804058
"2017_1166_1235",0.453508732996908
"2017_1166_1240",0.898747584901978
"2017_1166_1242",0.410592048138245
"2017_1166_1243",0.630176985895215
"2017_1166_1245",0.863711430330543
"2017_1166_1246",0.405208862515303
"2017_1166_1257",0.426255312540529
"2017_1166_1266",0.601210890174243
"2017_1166_1268",0.530339168690068
"2017_1166_1274",0.56273510603327
"2017_1166_1276",0.54049823594306
"2017_1166_1277",0.605271510681961
"2017_1166_1278",0.543190537421589
"2017_1166_1291",0.983370470391493
"2017_1166_1292",0.571074118546064
"2017_1166_1297",0.88925252433365
"2017_1166_1300",0.952344067101018
"2017_1166_1305",0.622571627769686
"2017_1166_1308",0.799302813086133
"2017_1166_1309",0.96891587657581
"2017_1166_1314",0.403486589076533
"2017_1166_1315",0.946411946068022
"2017_1166_1321",0.575785728728606
"2017_1166_1323",0.443463302358906
"2017_1166_1329",0.54358132695358
"2017_1166_1332",0.518523928993986
"2017_1166_1343",0.600756344444453
"2017_1166_1344",0.658259802675275
"2017_1166_1345",0.418117501699228
"2017_1166_1348",0.56365035240495
"2017_1166_1355",0.933335461887577
"2017_1166_1371",0.604208709878454
"2017_1166_1374",0.442370036567554
"2017_1166_1376",0.6400550077391
"2017_1166_1388",0.444658267997414
"2017_1166_1407",0.881815502412572
"2017_1166_1411",0.971298315380362
"2017_1166_1413",0.980768285770051
"2017_1166_1417",0.469624310862108
"2017_1166_1423",0.702510326485061
"2017_1166_1425",0.618828243170059
"2017_1166_1433",0.564060438303031
"2017_1166_1435",0.548493310667847
"2017_1166_1436",0.601530994144519
"2017_1166_1437",0.396735205135155
"2017_1166_1438",0.470957494658612
"2017_1166_1439",0.56685301914069
"2017_1166_1448",0.62290710126769
"2017_1166_1452",0.423444963073541
"2017_1166_1455",0.462458498153378
"2017_1166_1457",0.898156101676086
"2017_1166_1458",0.457300800324401
"2017_1166_1462",0.765850138531648
"2017_1173_1181",0.412720806106715
"2017_1173_1190",0.622287758338389
"2017_1173_1195",0.855007847343861
"2017_1173_1196",0.482152051583431
"2017_1173_1199",0.43467404868462
"2017_1173_1211",0.468193745599338
"2017_1173_1233",0.86771962328585
"2017_1173_1235",0.449777023966435
"2017_1173_1240",0.897330787055591
"2017_1173_1242",0.406945079833765
"2017_1173_1243",0.626664293784286
"2017_1173_1245",0.861899856264517
"2017_1173_1246",0.401576316952907
"2017_1173_1257",0.422571186559434
"2017_1173_1266",0.597599487727496
"2017_1173_1268",0.526590229286845
"2017_1173_1274",0.559030736756501
"2017_1173_1276",0.536759959805882
"2017_1173_1277",0.601672458183486
"2017_1173_1278",0.539455594558821
"2017_1173_1291",0.983058146090025
"2017_1173_1292",0.567386206715648
"2017_1173_1297",0.887725128467784
"2017_1173_1300",0.951601969987269
"2017_1173_1305",0.619030627642195
"2017_1173_1308",0.796860740285879
"2017_1173_1309",0.968399749820141
"2017_1173_1314",0.39985883627615
"2017_1173_1315",0.945590953472244
"2017_1173_1321",0.572108018402354
"2017_1173_1323",0.439746608138058
"2017_1173_1329",0.539846885588605
"2017_1173_1332",0.514766393684943
"2017_1173_1343",0.597143589724804
"2017_1173_1344",0.654866398245727
"2017_1173_1345",0.414451787602665
"2017_1173_1348",0.559947689657397
"2017_1173_1355",0.932344266507875
"2017_1173_1371",0.600606378129689
"2017_1173_1374",0.438655154289527
"2017_1173_1376",0.636581625529465
"2017_1173_1388",0.440939633208907
"2017_1173_1407",0.880203355803949
"2017_1173_1411",0.970815349872763
"2017_1173_1413",0.980418810878409
"2017_1173_1417",0.465874673799857
"2017_1173_1423",0.699352080256418
"2017_1173_1425",0.615273935035302
"2017_1173_1433",0.560358548162623
"2017_1173_1435",0.544765554881712
"2017_1173_1436",0.597920547652819
"2017_1173_1437",0.393127074043649
"2017_1173_1438",0.467206714486107
"2017_1173_1439",0.563156521559433
"2017_1173_1448",0.61936731391162
"2017_1173_1452",0.41976697710583
"2017_1173_1455",0.458715895550027
"2017_1173_1457",0.896732335812871
"2017_1173_1458",0.453564189839702
"2017_1173_1462",0.763129177751917
"2017_1181_1190",0.698990831106038
"2017_1181_1195",0.893270249407576
"2017_1181_1196",0.567504997928498
"2017_1181_1199",0.520135215307418
"2017_1181_1211",0.553734383880479
"2017_1181_1233",0.90311496898765
"2017_1181_1235",0.535367672117102
"2017_1181_1240",0.925764062428765
"2017_1181_1242",0.491760181151
"2017_1181_1243",0.702909029916861
"2017_1181_1245",0.898616978998182
"2017_1181_1246",0.486204231340359
"2017_1181_1257",0.507815986432743
"2017_1181_1266",0.676682435621662
"2017_1181_1268",0.610507113170495
"2017_1181_1274",0.641117130518697
"2017_1181_1276",0.620172769002931
"2017_1181_1277",0.680387037628418
"2017_1181_1278",0.622724040944211
"2017_1181_1291",0.989180611735048
"2017_1181_1292",0.6488971782799
"2017_1181_1297",0.918459901455029
"2017_1181_1300",0.966274086145184
"2017_1181_1305",0.696067729844688
"2017_1181_1308",0.847277700135141
"2017_1181_1309",0.978557606758017
"2017_1181_1314",0.48442256528486
"2017_1181_1315",0.961849603832964
"2017_1181_1321",0.653275254570935
"2017_1181_1323",0.525268562629615
"2017_1181_1329",0.623094003847841
"2017_1181_1332",0.599188073587377
"2017_1181_1343",0.676267168846344
"2017_1181_1344",0.727899092302436
"2017_1181_1345",0.499494607995813
"2017_1181_1348",0.64197299262811
"2017_1181_1355",0.952044931935222
"2017_1181_1371",0.679418308572747
"2017_1181_1374",0.524165512102254
"2017_1181_1376",0.711747638372318
"2017_1181_1388",0.52647333538837
"2017_1181_1407",0.912711576393898
"2017_1181_1411",0.980314330912356
"2017_1181_1413",0.987274429043278
"2017_1181_1417",0.551434050815719
"2017_1181_1423",0.766429930918112
"2017_1181_1425",0.692688772045548
"2017_1181_1433",0.642356313268911
"2017_1181_1435",0.627736530664444
"2017_1181_1436",0.676974808839962
"2017_1181_1437",0.477419015958147
"2017_1181_1438",0.552755763865577
"2017_1181_1439",0.64496404093754
"2017_1181_1448",0.69637016833258
"2017_1181_1452",0.504947203637084
"2017_1181_1455",0.544310573059736
"2017_1181_1457",0.92531019630731
"2017_1181_1458",0.539163094870709
"2017_1181_1462",0.819851918544328
"2017_1190_1195",0.77917059998897
"2017_1190_1196",0.35862792644714
"2017_1190_1199",0.315662881103805
"2017_1190_1211",0.345794106536054
"2017_1190_1233",0.796772645396199
"2017_1190_1235",0.329120690619516
"2017_1190_1240",0.838818346690464
"2017_1190_1242",0.291445708191634
"2017_1190_1243",0.502382892446552
"2017_1190_1245",0.788681305846148
"2017_1190_1246",0.286828745895516
"2017_1190_1257",0.305015578586139
"2017_1190_1266",0.471770456298187
"2017_1190_1268",0.400658884901501
"2017_1190_1274",0.432520294083572
"2017_1190_1276",0.4105371911673
"2017_1190_1277",0.476005587765198
"2017_1190_1278",0.413172242387357
"2017_1190_1291",0.969441763241529
"2017_1190_1292",0.440894527550855
"2017_1190_1297",0.825015951339406
"2017_1190_1300",0.919895614241866
"2017_1190_1305",0.494254028868574
"2017_1190_1308",0.701887887817191
"2017_1190_1309",0.946110043297849
"2017_1190_1314",0.285356610734175
"2017_1190_1315",0.910647329263433
"2017_1190_1321",0.445658057173532
"2017_1190_1323",0.320161515402658
"2017_1190_1329",0.413555323429686
"2017_1190_1332",0.38929731044083
"2017_1190_1343",0.471297500336387
"2017_1190_1344",0.53297903588167
"2017_1190_1345",0.297939953239405
"2017_1190_1348",0.433435890118409
"2017_1190_1355",0.890507529927314
"2017_1190_1371",0.47489536269571
"2017_1190_1374",0.319191736436698
"2017_1190_1376",0.513039872012726
"2017_1190_1388",0.321222684634432
"2017_1190_1407",0.814318023373132
"2017_1190_1411",0.949925346335568
"2017_1190_1413",0.965208799459576
"2017_1190_1417",0.343678424744301
"2017_1190_1423",0.583125301500505
"2017_1190_1425",0.490277055764495
"2017_1190_1433",0.433846412916367
"2017_1190_1435",0.418383471438393
"2017_1190_1436",0.472103660874279
"2017_1190_1437",0.279608981650798
"2017_1190_1438",0.344893068377938
"2017_1190_1439",0.436646590122556
"2017_1190_1448",0.494611208727256
"2017_1190_1452",0.302565793159579
"2017_1190_1455",0.337176936198353
"2017_1190_1457",0.837953776966661
"2017_1190_1458",0.33252556772553
"2017_1190_1462",0.659346571972248
"2017_1195_1196",0.132753636709383
"2017_1195_1199",0.111245644912482
"2017_1195_1211",0.126147387997229
"2017_1195_1233",0.52388701910124
"2017_1195_1235",0.117798782963856
"2017_1195_1240",0.592921938220025
"2017_1195_1242",0.0998501848845702
"2017_1195_1243",0.219504819693864
"2017_1195_1245",0.511672175028609
"2017_1195_1246",0.0977333843146288
"2017_1195_1257",0.106174053884753
"2017_1195_1266",0.198805853176478
"2017_1195_1268",0.155564099488126
"2017_1195_1274",0.174161304675226
"2017_1195_1276",0.161203279208518
"2017_1195_1277",0.201588700522784
"2017_1195_1278",0.162726402384782
"2017_1195_1291",0.891263005676562
"2017_1195_1292",0.179251999614075
"2017_1195_1297",0.569167460379524
"2017_1195_1300",0.759418007099759
"2017_1195_1305",0.213873586811771
"2017_1195_1308",0.398179637807462
"2017_1195_1309",0.825674941742312
"2017_1195_1314",0.0970620859206874
"2017_1195_1315",0.737699737728627
"2017_1195_1321",0.182187158422136
"2017_1195_1323",0.113418215776012
"2017_1195_1329",0.162948502495325
"2017_1195_1332",0.149213009560853
"2017_1195_1343",0.198496637292727
"2017_1195_1344",0.24163498913607
"2017_1195_1345",0.102857411939791
"2017_1195_1348",0.17471364858849
"2017_1195_1355",0.693074775746061
"2017_1195_1371",0.200856751415201
"2017_1195_1374",0.11294835686683
"2017_1195_1376",0.227041843250045
"2017_1195_1388",0.113933311540036
"2017_1195_1407",0.551511908576828
"2017_1195_1411",0.835946191550951
"2017_1195_1413",0.878853862229457
"2017_1195_1417",0.12507358829729
"2017_1195_1423",0.281443282314811
"2017_1195_1425",0.211154781132656
"2017_1195_1433",0.174961637321293
"2017_1195_1435",0.165762429307892
"2017_1195_1436",0.199023887461018
"2017_1195_1437",0.0944578736977897
"2017_1195_1438",0.125689551257035
"2017_1195_1439",0.176658743222587
"2017_1195_1448",0.214118923050122
"2017_1195_1452",0.105020944512271
"2017_1195_1455",0.12180028293589
"2017_1195_1457",0.591400384091051
"2017_1195_1458",0.119482675664344
"2017_1195_1462",0.352123759801966
"2017_1196_1199",0.450054713445565
"2017_1196_1211",0.483731322562011
"2017_1196_1233",0.874834129905693
"2017_1196_1235",0.465245356890328
"2017_1196_1240",0.903085675688144
"2017_1196_1242",0.42209206218854
"2017_1196_1243",0.641107378943568
"2017_1196_1245",0.86926992773061
"2017_1196_1246",0.416667142267244
"2017_1196_1257",0.437861455337092
"2017_1196_1266",0.612468094558528
"2017_1196_1268",0.54207524560167
"2017_1196_1274",0.574308963642511
"2017_1196_1276",0.552193742901497
"2017_1196_1277",0.616487469535956
"2017_1196_1278",0.554873713706836
"2017_1196_1291",0.984321953814174
"2017_1196_1292",0.582590752432325
"2017_1196_1297",0.8939319120757
"2017_1196_1300",0.95460902654695
"2017_1196_1305",0.633595161764476
"2017_1196_1308",0.806824866066343
"2017_1196_1309",0.970489592746696
"2017_1196_1314",0.414930947818923
"2017_1196_1315",0.948918590776104
"2017_1196_1321",0.587267236782763
"2017_1196_1323",0.455159826819691
"2017_1196_1329",0.55526265848023
"2017_1196_1332",0.53029532742258
"2017_1196_1343",0.612018073012785
"2017_1196_1344",0.66880115041633
"2017_1196_1345",0.429671346932018
"2017_1196_1348",0.575218238341655
"2017_1196_1355",0.93636413257262
"2017_1196_1371",0.61543560817516
"2017_1196_1374",0.454061634113776
"2017_1196_1376",0.650856645308402
"2017_1196_1388",0.456360051268918
"2017_1196_1407",0.886756734052202
"2017_1196_1411",0.972770710598937
"2017_1196_1413",0.981833112268991
"2017_1196_1417",0.481405804491133
"2017_1196_1423",0.712295068276348
"2017_1196_1425",0.629895705380668
"2017_1196_1433",0.575625623850926
"2017_1196_1435",0.560150267148817
"2017_1196_1436",0.612785001251405
"2017_1196_1437",0.408122332564291
"2017_1196_1438",0.482741627790772
"2017_1196_1439",0.578399409062179
"2017_1196_1448",0.633926636780086
"2017_1196_1452",0.435033739427513
"2017_1196_1455",0.474222998084999
"2017_1196_1457",0.902515682047917
"2017_1196_1458",0.469050137969682
"2017_1196_1462",0.77424806551546
"2017_1199_1211",0.531478770413624
"2017_1199_1233",0.894733217943615
"2017_1199_1235",0.512997269915286
"2017_1199_1240",0.919075488189264
"2017_1199_1242",0.469354316377733
"2017_1199_1243",0.68381931737139
"2017_1199_1245",0.889910833703092
"2017_1199_1246",0.463817669027235
"2017_1199_1257",0.485384528328612
"2017_1199_1266",0.656744343259469
"2017_1199_1268",0.588984451605172
"2017_1199_1274",0.620228964118719
"2017_1199_1276",0.598832242200002
"2017_1199_1277",0.660561147404728
"2017_1199_1278",0.60143438945379
"2017_1199_1291",0.987767437380491
"2017_1199_1292",0.628197226575987
"2017_1199_1297",0.911214383160763
"2017_1199_1300",0.962863990533006
"2017_1199_1305",0.676744562267727
"2017_1199_1308",0.835145479059969
"2017_1199_1309",0.976205435525849
"2017_1199_1314",0.462043327847863
"2017_1199_1315",0.958065746253061
"2017_1199_1321",0.632686037761314
"2017_1199_1323",0.50286033539097
"2017_1199_1329",0.601811827055687
"2017_1199_1332",0.577473418661919
"2017_1199_1343",0.656316655382046
"2017_1199_1344",0.709735371542802
"2017_1199_1345",0.477070808606094
"2017_1199_1348",0.621104995066161
"2017_1199_1355",0.947446557564036
"2017_1199_1371",0.65956283621911
"2017_1199_1374",0.501754237843413
"2017_1199_1376",0.692972276319914
"2017_1199_1388",0.504068679962637
"2017_1199_1407",0.905035054873597
"2017_1199_1411",0.978115897767346
"2017_1199_1413",0.985691114140263
"2017_1199_1417",0.52916080162271
"2017_1199_1423",0.74992065348549
"2017_1199_1425",0.673253468534198
"2017_1199_1433",0.621497391808295
"2017_1199_1435",0.606550245600712
"2017_1199_1436",0.657045480574875
"2017_1199_1437",0.455073907056504
"2017_1199_1438",0.530492533479857
"2017_1199_1439",0.6241675696352
"2017_1199_1448",0.677057139751148
"2017_1199_1452",0.482517021872372
"2017_1199_1455",0.521988635382625
"2017_1199_1457",0.918586711489871
"2017_1199_1458",0.5168115417787
"2017_1199_1462",0.806096270970498
"2017_1211_1233",0.880955134406015
"2017_1211_1235",0.479195945304819
"2017_1211_1240",0.908020826378867
"2017_1211_1242",0.435820737458118
"2017_1211_1243",0.653872557215403
"2017_1211_1245",0.875614876816711
"2017_1211_1246",0.430353446494858
"2017_1211_1257",0.451694913084707
"2017_1211_1266",0.625652728074601
"2017_1211_1268",0.55591808643065
"2017_1211_1274",0.587916415414739
"2017_1211_1276",0.565974741307648
"2017_1211_1277",0.629618505029194
"2017_1211_1278",0.568636483875616
"2017_1211_1291",0.985395635144665
"2017_1211_1292",0.596119688998947
"2017_1211_1297",0.8992602090371
"2017_1211_1300",0.957172475384258
"2017_1211_1305",0.646478810099405
"2017_1211_1308",0.81546500249458
"2017_1211_1309",0.972267876719509
"2017_1211_1314",0.428603006868067
"2017_1211_1315",0.951757190092882
"2017_1211_1321",0.600748588594593
"2017_1211_1323",0.469076829353728
"2017_1211_1329",0.569022718889759
"2017_1211_1332",0.544196242315292
"2017_1211_1343",0.625208600237961
"2017_1211_1344",0.681077867627293
"2017_1211_1345",0.443453796035035
"2017_1211_1348",0.588817429471384
"2017_1211_1355",0.939798197756139
"2017_1211_1371",0.628580836624425
"2017_1211_1374",0.467974307595068
"2017_1211_1376",0.663459138555238
"2017_1211_1388",0.470281634062711
"2017_1211_1407",0.89238722523183
"2017_1211_1411",0.974434123506611
"2017_1211_1413",0.983034992176653
"2017_1211_1417",0.495387037927211
"2017_1211_1423",0.723641087473711
"2017_1211_1425",0.642835490408059
"2017_1211_1433",0.58922108514384
"2017_1211_1435",0.573874887356514
"2017_1211_1436",0.625965471430315
"2017_1211_1437",0.421735321594099
"2017_1211_1438",0.496724119463528
"2017_1211_1439",0.591969001290768
"2017_1211_1448",0.646805184153647
"2017_1211_1452",0.448850418798269
"2017_1211_1455",0.488194129895464
"2017_1211_1457",0.907475562717513
"2017_1211_1458",0.48301050761021
"2017_1211_1462",0.783925769981889
"2017_1233_1235",0.106750066936373
"2017_1233_1240",0.567425315725647
"2017_1233_1242",0.0901869469794074
"2017_1233_1243",0.20171722853219
"2017_1233_1245",0.485482393039194
"2017_1233_1246",0.088237380030365
"2017_1233_1257",0.0960160249151041
"2017_1233_1266",0.182235034378458
"2017_1233_1268",0.141791266341328
"2017_1233_1274",0.159142872853408
"2017_1233_1276",0.14704603463484
"2017_1233_1277",0.184849655995838
"2017_1233_1278",0.14846633050107
"2017_1233_1291",0.88042627113469
"2017_1233_1292",0.163903700656065
"2017_1233_1297",0.543326906390159
"2017_1233_1300",0.739693528544728
"2017_1233_1305",0.196409120073337
"2017_1233_1308",0.373268457313811
"2017_1233_1309",0.809928260594958
"2017_1233_1314",0.0876192848673296
"2017_1233_1315",0.716882771616861
"2017_1233_1321",0.166650840220026
"2017_1233_1323",0.102702267733557
"2017_1233_1329",0.1486734720381
"2017_1233_1332",0.135880094881032
"2017_1233_1343",0.181944599646842
"2017_1233_1344",0.222635018762914
"2017_1233_1345",0.0929579831921054
"2017_1233_1348",0.159659194858703
"2017_1233_1355",0.670336087140973
"2017_1233_1371",0.184161814503267
"2017_1233_1374",0.102268307801212
"2017_1233_1376",0.208831042168072
"2017_1233_1388",0.103178054172751
"2017_1233_1407",0.525491663017098
"2017_1233_1411",0.820904020012284
"2017_1233_1413",0.867013037307662
"2017_1233_1417",0.113479930591425
"2017_1233_1423",0.260494641495139
"2017_1233_1425",0.19384843865047
"2017_1233_1433",0.159891028936846
"2017_1233_1435",0.151298663972883
"2017_1233_1436",0.182439836367824
"2017_1233_1437",0.0852222356151349
"2017_1233_1438",0.114050194057957
"2017_1233_1439",0.16147788505323
"2017_1233_1448",0.196640255470794
"2017_1233_1452",0.0949525988453563
"2017_1233_1455",0.110450633972363
"2017_1233_1457",0.565878203679823
"2017_1233_1458",0.10830696857976
"2017_1233_1462",0.328460394832292
"2017_1235_1240",0.914227307161641
"2017_1235_1242",0.45414513261677
"2017_1235_1243",0.670447935265283
"2017_1235_1245",0.88362688640678
"2017_1235_1246",0.448633934456344
"2017_1235_1257",0.47012210709464
"2017_1235_1266",0.642833810973636
"2017_1235_1268",0.574116392453917
"2017_1235_1274",0.605733130883572
"2017_1235_1276",0.58406874924593
"2017_1235_1277",0.646721184362109
"2017_1235_1278",0.586700485388455
"2017_1235_1291",0.986732850998317
"2017_1235_1292",0.613815267252435
"2017_1235_1297",0.905968492171477
"2017_1235_1300",0.960376450357755
"2017_1235_1305",0.663223626428823
"2017_1235_1308",0.826458057348746
"2017_1235_1309",0.974486291260311
"2017_1235_1314",0.446868515123848
"2017_1235_1315",0.955307479790862
"2017_1235_1321",0.61837162709967
"2017_1235_1323",0.487574584280999
"2017_1235_1329",0.587082282859693
"2017_1235_1332",0.562497975925648
"2017_1235_1343",0.642398326507213
"2017_1235_1344",0.69696440140888
"2017_1235_1345",0.461832200956028
"2017_1235_1348",0.606621303689027
"2017_1235_1355",0.944099701519273
"2017_1235_1371",0.645704243270255
"2017_1235_1374",0.486468888011444
"2017_1235_1376",0.67980350276906
"2017_1235_1388",0.488782656757496
"2017_1235_1407",0.899482092376917
"2017_1235_1411",0.976508671970507
"2017_1235_1413",0.984532316355662
"2017_1235_1417",0.513908429173308
"2017_1235_1423",0.738244727576627
"2017_1235_1425",0.659660997280476
"2017_1235_1433",0.607019169305858
"2017_1235_1435",0.591876903371525
"2017_1235_1436",0.643140451322844
"2017_1235_1437",0.43993773417217
"2017_1235_1438",0.515244046085776
"2017_1235_1439",0.609727058392556
"2017_1235_1448",0.663542681799309
"2017_1235_1452",0.467261889227586
"2017_1235_1455",0.506718981677877
"2017_1235_1457",0.91371357135642
"2017_1235_1458",0.501533228562424
"2017_1235_1462",0.796287906374919
"2017_1240_1242",0.0679719461377004
"2017_1240_1243",0.15918200314992
"2017_1240_1245",0.416042634728058
"2017_1240_1246",0.0664217432629941
"2017_1240_1257",0.0726157688363739
"2017_1240_1266",0.142882975762111
"2017_1240_1268",0.109548742388789
"2017_1240_1274",0.123768110822888
"2017_1240_1276",0.113842041978464
"2017_1240_1277",0.145061174546856
"2017_1240_1278",0.115004384226596
"2017_1240_1291",0.846964637901953
"2017_1240_1292",0.127690988407207
"2017_1240_1297",0.473314380170976
"2017_1240_1300",0.682081844976605
"2017_1240_1305",0.154725397633509
"2017_1240_1308",0.309896569093357
"2017_1240_1309",0.762650230039832
"2017_1240_1314",0.0659305713867336
"2017_1240_1315",0.656616955255203
"2017_1240_1321",0.129958835064289
"2017_1240_1323",0.0779587950277028
"2017_1240_1329",0.115173973142724
"2017_1240_1332",0.104732460268542
"2017_1240_1343",0.14264119489489
"2017_1240_1344",0.176860494316821
"2017_1240_1345",0.0701778841103684
"2017_1240_1348",0.124193106722374
"2017_1240_1355",0.605679762151397
"2017_1240_1371",0.144487869011081
"2017_1240_1374",0.0776114833757993
"2017_1240_1376",0.165173309644632
"2017_1240_1388",0.0783396666039392
"2017_1240_1407",0.455462679552404
"2017_1240_1411",0.775544794296058
"2017_1240_1413",0.830646647426982
"2017_1240_1417",0.0866082464437386
"2017_1240_1423",0.209336441171938
"2017_1240_1425",0.152579727864467
"2017_1240_1433",0.124383969875801
"2017_1240_1435",0.117324754031723
"2017_1240_1436",0.143053490249223
"2017_1240_1437",0.0640271471630628
"2017_1240_1438",0.0870671785440541
"2017_1240_1439",0.125690979035954
"2017_1240_1448",0.154919208304708
"2017_1240_1452",0.0717675873205287
"2017_1240_1455",0.0841725068625679
"2017_1240_1457",0.496138370543407
"2017_1240_1458",0.0824510560250886
"2017_1240_1462",0.269237188211402
"2017_1242_1243",0.707864563041004
"2017_1242_1245",0.900827764719058
"2017_1242_1246",0.492157189402032
"2017_1242_1257",0.51376667017965
"2017_1242_1266",0.681873395782812
"2017_1242_1268",0.616152096635703
"2017_1242_1274",0.646577063850654
"2017_1242_1276",0.625763967593906
"2017_1242_1277",0.685546650204547
"2017_1242_1278",0.628300326966179
"2017_1242_1291",0.989535788975228
"2017_1242_1292",0.654303225045418
"2017_1242_1297",0.920295648539874
"2017_1242_1300",0.967133395400795
"2017_1242_1305",0.701087705584325
"2017_1242_1308",0.850376429774021
"2017_1242_1309",0.979149501149976
"2017_1242_1314",0.490374745149187
"2017_1242_1315",0.962803577664653
"2017_1242_1321",0.658649757568503
"2017_1242_1323",0.531201628290007
"2017_1242_1329",0.628668102563878
"2017_1242_1332",0.604890583410418
"2017_1242_1343",0.681461603775772
"2017_1242_1344",0.732601071390107
"2017_1242_1345",0.505448728971608
"2017_1242_1348",0.647427133917624
"2017_1242_1355",0.953205553176791
"2017_1242_1371",0.684586178955839
"2017_1242_1374",0.530100108360305
"2017_1242_1376",0.71661675048768
"2017_1242_1388",0.532404665025382
"2017_1242_1407",0.914657792787397
"2017_1242_1411",0.980867428304543
"2017_1242_1413",0.987672454708936
"2017_1242_1417",0.557314324558805
"2017_1242_1423",0.770685194678991
"2017_1242_1425",0.69773978749334
"2017_1242_1433",0.647807849545494
"2017_1242_1435",0.63328264742727
"2017_1242_1436",0.682163317818694
"2017_1242_1437",0.483366710232211
"2017_1242_1438",0.558632532081543
"2017_1242_1439",0.650397676484716
"2017_1242_1448",0.701387340380699
"2017_1242_1452",0.510899434505547
"2017_1242_1455",0.550208351735884
"2017_1242_1457",0.927012355235792
"2017_1242_1458",0.545072064539937
"2017_1242_1462",0.823376182776892
"2017_1243_1245",0.785533962151926
"2017_1243_1246",0.282982885764019
"2017_1243_1257",0.301035615293948
"2017_1243_1266",0.46711660199463
"2017_1243_1268",0.396169602000407
"2017_1243_1274",0.427934642814321
"2017_1243_1276",0.406014104558859
"2017_1243_1277",0.471347711839288
"2017_1243_1278",0.408640734467768
"2017_1243_1291",0.968809430140094
"2017_1243_1292",0.436289641979875
"2017_1243_1297",0.822276941905158
"2017_1243_1300",0.918453283937637
"2017_1243_1305",0.489586268306551
"2017_1243_1308",0.697962141879763
"2017_1243_1309",0.945084893147324
"2017_1243_1314",0.281522125315766
"2017_1243_1315",0.90906391727519
"2017_1243_1321",0.441043363408606
"2017_1243_1323",0.316078943369046
"2017_1243_1329",0.409022612127297
"2017_1243_1332",0.384851266073259
"2017_1243_1343",0.46664413552745
"2017_1243_1344",0.528330372176678
"2017_1243_1345",0.294010750901175
"2017_1243_1348",0.428848012272865
"2017_1243_1355",0.888627878743854
"2017_1243_1371",0.470238478102437
"2017_1243_1374",0.315115487153664
"2017_1243_1376",0.508374567529427
"2017_1243_1388",0.317133232766627
"2017_1243_1407",0.811453723000431
"2017_1243_1411",0.948963044857154
"2017_1243_1413",0.964503693679207
"2017_1243_1417",0.339452888511223
"2017_1243_1423",0.57858246932021
"2017_1243_1425",0.485610419326081
"2017_1243_1433",0.429257546599638
"2017_1243_1435",0.413836048201085
"2017_1243_1436",0.467449466585503
"2017_1243_1437",0.275819651161239
"2017_1243_1438",0.340660688819207
"2017_1243_1439",0.432051144146474
"2017_1243_1448",0.489943375310826
"2017_1243_1452",0.298603201161956
"2017_1243_1455",0.332988932793067
"2017_1243_1457",0.835371945079375
"2017_1243_1458",0.328365350372821
"2017_1243_1462",0.6551404138245
"2017_1245_1246",0.0925750237506653
"2017_1245_1257",0.100658154762637
"2017_1245_1266",0.189845234346819
"2017_1245_1268",0.148101901871247
"2017_1245_1274",0.166031063762288
"2017_1245_1276",0.153534755990577
"2017_1245_1277",0.192538257407022
"2017_1245_1278",0.155002711819173
"2017_1245_1291",0.885594290700415
"2017_1245_1292",0.170945097649524
"2017_1245_1297",0.555433849933509
"2017_1245_1300",0.749031783608095
"2017_1245_1305",0.204436193293599
"2017_1245_1308",0.384832183324622
"2017_1245_1309",0.817410595391898
"2017_1245_1314",0.091932472206311
"2017_1245_1315",0.726726472331584
"2017_1245_1321",0.173779612371984
"2017_1245_1323",0.107601248617987
"2017_1245_1329",0.155216787411959
"2017_1245_1332",0.141987094551933
"2017_1245_1343",0.18954604872008
"2017_1245_1344",0.23138082867115
"2017_1245_1345",0.0974811373830206
"2017_1245_1348",0.1665641107028
"2017_1245_1355",0.681062177251587
"2017_1245_1371",0.191829856401612
"2017_1245_1374",0.107150754826908
"2017_1245_1376",0.217207046153491
"2017_1245_1388",0.108095140712374
"2017_1245_1407",0.537671074735636
"2017_1245_1411",0.828055654660238
"2017_1245_1413",0.872656020449977
"2017_1245_1417",0.11878345953421
"2017_1245_1423",0.270158038856391
"2017_1245_1425",0.201801677981349
"2017_1245_1433",0.166803445794347
"2017_1245_1435",0.157929485747086
"2017_1245_1436",0.19005620204052
"2017_1245_1437",0.0894402133864454
"2017_1245_1438",0.119374802832684
"2017_1245_1439",0.168441500702432
"2017_1245_1448",0.204673961124596
"2017_1245_1452",0.0995534621330748
"2017_1245_1455",0.115641636551098
"2017_1245_1457",0.577850491038052
"2017_1245_1458",0.113417784844031
"2017_1245_1462",0.339417632231487
"2017_1246_1257",0.519316604806881
"2017_1246_1266",0.686678452216019
"2017_1246_1268",0.621392829989335
"2017_1246_1274",0.651639095267851
"2017_1246_1276",0.630952533284347
"2017_1246_1277",0.690321903609126
"2017_1246_1278",0.633474466076094
"2017_1246_1291",0.989860060192048
"2017_1246_1292",0.65931356257385
"2017_1246_1297",0.921976866162344
"2017_1246_1300",0.967918719388431
"2017_1246_1305",0.705730490641259
"2017_1246_1308",0.853223220998079
"2017_1246_1309",0.979690143033265
"2017_1246_1314",0.495931893873307
"2017_1246_1315",0.963675584963989
"2017_1246_1321",0.663629890474501
"2017_1246_1323",0.536730812120519
"2017_1246_1329",0.633840126903861
"2017_1246_1332",0.610187394783445
"2017_1246_1343",0.686269965360523
"2017_1246_1344",0.736943618072616
"2017_1246_1345",0.511003938433517
"2017_1246_1348",0.652483602844214
"2017_1246_1355",0.954266909000865
"2017_1246_1371",0.689369280815608
"2017_1246_1374",0.535630991452109
"2017_1246_1376",0.721116875610532
"2017_1246_1388",0.537931933185097
"2017_1246_1407",0.916440631065283
"2017_1246_1411",0.9813725937434
"2017_1246_1413",0.988035876215125
"2017_1246_1417",0.562787904810641
"2017_1246_1423",0.774608474069007
"2017_1246_1425",0.702411980714983
"2017_1246_1433",0.652861817201771
"2017_1246_1435",0.638427644603751
"2017_1246_1436",0.686966042915107
"2017_1246_1437",0.488921414141854
"2017_1246_1438",0.564102526288447
"2017_1246_1439",0.655434464498049
"2017_1246_1448",0.706027470121515
"2017_1246_1452",0.51645152497722
"2017_1246_1455",0.555699973784277
"2017_1246_1457",0.928570760676626
"2017_1246_1458",0.550575372781659
"2017_1246_1462",0.826617830778796
"2017_1257_1266",0.667777129856672
"2017_1257_1268",0.600862953557931
"2017_1257_1274",0.631771230029706
"2017_1257_1276",0.610614718130982
"2017_1257_1277",0.671533455401896
"2017_1257_1278",0.613189960548523
"2017_1257_1291",0.988559212754839
"2017_1257_1292",0.639639007895485
"2017_1257_1297",0.915262440822148
"2017_1257_1300",0.964772851686313
"2017_1257_1305",0.68744528846862
"2017_1257_1308",0.841904503554913
"2017_1257_1309",0.977522752671099
"2017_1257_1314",0.474333413051319
"2017_1257_1315",0.960183452140026
"2017_1257_1321",0.644068581055658
"2017_1257_1323",0.515186115569252
"2017_1257_1329",0.613563442521177
"2017_1257_1332",0.589452530837906
"2017_1257_1343",0.667356133792516
"2017_1257_1344",0.719806720017774
"2017_1257_1345",0.489392660472811
"2017_1257_1348",0.632636506237761
"2017_1257_1355",0.950019113211324
"2017_1257_1371",0.670551094615488
"2017_1257_1374",0.514081159132217
"2017_1257_1376",0.703376101478208
"2017_1257_1388",0.516393079575399
"2017_1257_1407",0.909322928336765
"2017_1257_1411",0.979347201606673
"2017_1257_1413",0.986578148352128
"2017_1257_1417",0.541424960590087
"2017_1257_1423",0.759088661471974
"2017_1257_1425",0.684014852852356
"2017_1257_1433",0.633024062213256
"2017_1257_1435",0.618251056751775
"2017_1257_1436",0.668073545146054
"2017_1257_1437",0.467341875085286
"2017_1257_1438",0.542751813964224
"2017_1257_1439",0.63566091454226
"2017_1257_1448",0.687752379322944
"2017_1257_1452",0.494845022620662
"2017_1257_1455",0.534276156322511
"2017_1257_1457",0.922344138527338
"2017_1257_1458",0.529112872127766
"2017_1257_1462",0.813751362943636
"2017_1266_1268",0.425899546960233
"2017_1266_1274",0.458204474360865
"2017_1266_1276",0.435937781898395
"2017_1266_1277",0.501959052624368
"2017_1266_1278",0.438612083249689
"2017_1266_1291",0.972767533154939
"2017_1266_1292",0.466660598507065
"2017_1266_1297",0.839663763969265
"2017_1266_1300",0.9275248857538
"2017_1266_1305",0.520206049507165
"2017_1266_1308",0.72318563194724
"2017_1266_1309",0.951516300253271
"2017_1266_1314",0.307217717947167
"2017_1266_1315",0.919031782946628
"2017_1266_1321",0.471464298147311
"2017_1266_1323",0.343339149387612
"2017_1266_1329",0.439000750986423
"2017_1266_1332",0.414329004945322
"2017_1266_1343",0.497240400637421
"2017_1266_1344",0.558706113085755
"2017_1266_1345",0.320306929750196
"2017_1266_1348",0.45912972446555
"2017_1266_1355",0.900483759673236
"2017_1266_1371",0.500846741305841
"2017_1266_1374",0.342336187844527
"2017_1266_1376",0.538920299453136
"2017_1266_1388",0.344436399214395
"2017_1266_1407",0.82965489768
"2017_1266_1411",0.9549979396612
"2017_1266_1413",0.968919119602196
"2017_1266_1417",0.36759966846923
"2017_1266_1423",0.60811771736911
"2017_1266_1425",0.516235123622022
"2017_1266_1433",0.459544519939985
"2017_1266_1435",0.443896713354585
"2017_1266_1436",0.498048689159531
"2017_1266_1437",0.301227714869277
"2017_1266_1438",0.368849542521782
"2017_1266_1439",0.462372918521878
"2017_1266_1448",0.520562530191764
"2017_1266_1452",0.325110209561032
"2017_1266_1455",0.360904309892436
"2017_1266_1457",0.851740336610429
"2017_1266_1458",0.356108757216975
"2017_1266_1462",0.682279770748185
"2017_1268_1274",0.530380129492372
"2017_1268_1276",0.507929154653151
"2017_1268_1277",0.573684039471767
"2017_1268_1278",0.510640596579691
"2017_1268_1291",0.980505109973922
"2017_1268_1292",0.538832413144237
"2017_1268_1297",0.875396663290564
"2017_1268_1300",0.945561187682871
"2017_1268_1305",0.591432221547459
"2017_1268_1308",0.777383398081813
"2017_1268_1309",0.964189001423462
"2017_1268_1314",0.372361208430978
"2017_1268_1315",0.938913285622076
"2017_1268_1321",0.543616011926939
"2017_1268_1323",0.41143285946644
"2017_1268_1329",0.511034319270228
"2017_1268_1332",0.485868092997156
"2017_1268_1343",0.5690649279511
"2017_1268_1344",0.628296056351006
"2017_1268_1345",0.386615340279179
"2017_1268_1348",0.531306926446185
"2017_1268_1355",0.92429639199648
"2017_1268_1371",0.572596288600198
"2017_1268_1374",0.410359108450379
"2017_1268_1376",0.609449053743207
"2017_1268_1388",0.412606833562069
"2017_1268_1407",0.867203732244841
"2017_1268_1411",0.966873875267661
"2017_1268_1413",0.977563099384486
"2017_1268_1417",0.437215457982083
"2017_1268_1423",0.67448043327131
"2017_1268_1425",0.587585174049523
"2017_1268_1433",0.531722258151152
"2017_1268_1435",0.51598652333011
"2017_1268_1436",0.56985702988819
"2017_1268_1437",0.3658013132826
"2017_1268_1438",0.438533927190153
"2017_1268_1439",0.534551721444933
"2017_1268_1448",0.591777166438898
"2017_1268_1452",0.39181863174613
"2017_1268_1455",0.43013634603739
"2017_1268_1457",0.885226644329739
"2017_1268_1458",0.425048981288833
"2017_1268_1462",0.741522885349239
"2017_1274_1276",0.475234465435151
"2017_1274_1277",0.54144067218885
"2017_1274_1278",0.47794260984985
"2017_1274_1291",0.97726133702869
"2017_1274_1292",0.506211302103743
"2017_1274_1297",0.860125421661077
"2017_1274_1300",0.937950624979134
"2017_1274_1305",0.559502587532128
"2017_1274_1308",0.753819983604601
"2017_1274_1309",0.958860086745368
"2017_1274_1314",0.34217346513726
"2017_1274_1315",0.930513839986087
"2017_1274_1321",0.511028163597588
"2017_1274_1323",0.38005742951287
"2017_1274_1329",0.478336009155092
"2017_1274_1332",0.453269494974011
"2017_1274_1343",0.536753392907933
"2017_1274_1344",0.597282816815093
"2017_1274_1345",0.355951323154846
"2017_1274_1348",0.498645391370864
"2017_1274_1355",0.914209131292193
"2017_1274_1371",0.540336368436547
"2017_1274_1374",0.379011345900475
"2017_1274_1376",0.577922436849959
"2017_1274_1388",0.38120147695097
"2017_1274_1407",0.85113292120346
"2017_1274_1411",0.961882500263717
"2017_1274_1413",0.973937342338354
"2017_1274_1417",0.405260758791911
"2017_1274_1423",0.645126303393599
"2017_1274_1425",0.55558053998524
"2017_1274_1433",0.499062575147593
"2017_1274_1435",0.483287515110432
"2017_1274_1436",0.53755678996749
"2017_1274_1437",0.335849251017449
"2017_1274_1438",0.406554011032707
"2017_1274_1439",0.501905833195519
"2017_1274_1448",0.559854446898878
"2017_1274_1452",0.360993027786929
"2017_1274_1455",0.398324388559509
"2017_1274_1457",0.870940727427584
"2017_1274_1458",0.393347240915887
"2017_1274_1462",0.715608437198875
"2017_1276_1277",0.563668613371087
"2017_1276_1278",0.500427456415452
"2017_1276_1291",0.979534388239088
"2017_1276_1292",0.528668456399824
"2017_1276_1297",0.870781259387373
"2017_1276_1300",0.943276133888672
"2017_1276_1305",0.581529829608164
"2017_1276_1308",0.770197104881671
"2017_1276_1309",0.962591819566131
"2017_1276_1314",0.362818634110011
"2017_1276_1315",0.936389791150091
"2017_1276_1321",0.533466691399009
"2017_1276_1323",0.401548050110509
"2017_1276_1329",0.500821430080904
"2017_1276_1332",0.47566393993496
"2017_1276_1343",0.559024227297584
"2017_1276_1344",0.618709372511234
"2017_1276_1345",0.376934038584272
"2017_1276_1348",0.521123641440901
"2017_1276_1355",0.921261647847504
"2017_1276_1371",0.562574756678185
"2017_1276_1374",0.400482102689456
"2017_1276_1376",0.599687291115508
"2017_1276_1388",0.402713595976638
"2017_1276_1407",0.862342970417487
"2017_1276_1411",0.965378240784557
"2017_1276_1413",0.976477763426216
"2017_1276_1417",0.427170521231363
"2017_1276_1423",0.66544408989756
"2017_1276_1425",0.577656134803961
"2017_1276_1433",0.521539922062534
"2017_1276_1435",0.50577784434622
"2017_1276_1436",0.559820541937438
"2017_1276_1437",0.356327927636043
"2017_1276_1438",0.428482209644434
"2017_1276_1439",0.524376216094595
"2017_1276_1448",0.581877221902745
"2017_1276_1452",0.382090656715144
"2017_1276_1455",0.420130160552138
"2017_1276_1457",0.880912988378594
"2017_1276_1458",0.41507308328532
"2017_1276_1462",0.733593664038093
"2017_1277_1278",0.434429413051972
"2017_1277_1291",0.97224543418616
"2017_1277_1292",0.462434257791246
"2017_1277_1297",0.837336970064996
"2017_1277_1300",0.926322358594509
"2017_1277_1305",0.515968397112932
"2017_1277_1308",0.719767917054516
"2017_1277_1309",0.950665982808557
"2017_1277_1314",0.303583934278066
"2017_1277_1315",0.91770922638962
"2017_1277_1321",0.467233078910563
"2017_1277_1323",0.33949802789587
"2017_1277_1329",0.434817298579416
"2017_1277_1332",0.410205064569412
"2017_1277_1343",0.492996005990893
"2017_1277_1344",0.554518889785542
"2017_1277_1345",0.316593078707581
"2017_1277_1348",0.454912563223326
"2017_1277_1355",0.898907527018729
"2017_1277_1371",0.496602252180021
"2017_1277_1374",0.338500246587014
"2017_1277_1376",0.534701033501825
"2017_1277_1388",0.34058964825516
"2017_1277_1407",0.827216503017151
"2017_1277_1411",0.954200349775541
"2017_1277_1413",0.968336451349048
"2017_1277_1417",0.363643289544422
"2017_1277_1423",0.604067167967105
"2017_1277_1425",0.51199505922639
"2017_1277_1433",0.455326804448831
"2017_1277_1435",0.43970383361976
"2017_1277_1436",0.493804235993274
"2017_1277_1437",0.297632441850367
"2017_1277_1438",0.364887748545127
"2017_1277_1439",0.458151574907753
"2017_1277_1448",0.51632511982702
"2017_1277_1452",0.321368383037215
"2017_1277_1455",0.356977811078258
"2017_1277_1457",0.849552678188923
"2017_1277_1458",0.352204563784704
"2017_1277_1462",0.67858656513749
"2017_1278_1291",0.979270299197428
"2017_1278_1292",0.525964849895671
"2017_1278_1297",0.869532384054972
"2017_1278_1300",0.942655592686581
"2017_1278_1305",0.578888799010207
"2017_1278_1308",0.768262297226053
"2017_1278_1309",0.962157664421658
"2017_1278_1314",0.360301430829875
"2017_1278_1315",0.935704732038124
"2017_1278_1321",0.530766327198392
"2017_1278_1323",0.398935468814917
"2017_1278_1329",0.498108607612618
"2017_1278_1332",0.472956866185974
"2017_1278_1343",0.556349331794442
"2017_1278_1344",0.616147772189024
"2017_1278_1345",0.374378420508699
"2017_1278_1348",0.518415920440495
"2017_1278_1355",0.920438417388794
"2017_1278_1371",0.559904491932262
"2017_1278_1374",0.397871724244018
"2017_1278_1376",0.597081395108642
"2017_1278_1388",0.400098633369719
"2017_1278_1407",0.86102825618847
"2017_1278_1411",0.964971632614311
"2017_1278_1413",0.976182537853477
"2017_1278_1417",0.424512186145824
"2017_1278_1423",0.663023884777212
"2017_1278_1425",0.575008511822151
"2017_1278_1433",0.518832396733653
"2017_1278_1435",0.503065464307708
"2017_1278_1436",0.557146661830601
"2017_1278_1437",0.353829794311181
"2017_1278_1438",0.425821904213324
"2017_1278_1439",0.52167012139324
"2017_1278_1448",0.579236798024721
"2017_1278_1452",0.379522049705255
"2017_1278_1455",0.417483020250758
"2017_1278_1457",0.879745174133311
"2017_1278_1458",0.41243462824969
"2017_1278_1462",0.731462731046
"2017_1291_1292",0.019077485077848
"2017_1291_1297",0.136054400463944
"2017_1291_1300",0.277723955931763
"2017_1291_1305",0.0255256785966681
"2017_1291_1308",0.0698365854380337
"2017_1291_1309",0.365979585139383
"2017_1291_1314",0.00546661820617285
"2017_1291_1315",0.254954664603388
"2017_1291_1321",0.01960626983265
"2017_1291_1323",0.00800335422963938
"2017_1291_1329",0.016197520056676
"2017_1291_1332",0.0138439499496849
"2017_1291_1343",0.0226038842645177
"2017_1291_1344",0.0310509303318591
"2017_1291_1345",0.00635638049926886
"2017_1291_1348",0.0182661362586586
"2017_1291_1355",0.2149501992842
"2017_1291_1371",0.0230461880810292
"2017_1291_1374",0.0079293665994871
"2017_1291_1376",0.0281051092496199
"2017_1291_1388",0.00808454225130002
"2017_1291_1407",0.127467789165998
"2017_1291_1411",0.382985850619931
"2017_1291_1413",0.467917858599735
"2017_1291_1417",0.00986039411246891
"2017_1291_1423",0.0395895836966688
"2017_1291_1425",0.0250021159704666
"2017_1291_1433",0.0183102758161412
"2017_1291_1435",0.0166877852928306
"2017_1291_1436",0.0227025047932069
"2017_1291_1437",0.00506996990397598
"2017_1291_1438",0.00995970967468221
"2017_1291_1439",0.0186129470974109
"2017_1291_1448",0.0255730726921367
"2017_1291_1452",0.00669107765991251
"2017_1291_1455",0.00933461329446809
"2017_1291_1457",0.147638099211787
"2017_1291_1458",0.00896436127735418
"2017_1291_1462",0.0568472874552076
"2017_1292_1297",0.855919870198281
"2017_1292_1300",0.935829411268906
"2017_1292_1305",0.551114971749143
"2017_1292_1308",0.747437352769004
"2017_1292_1309",0.957370030647962
"2017_1292_1314",0.334515858975577
"2017_1292_1315",0.928175427665398
"2017_1292_1321",0.502533603263018
"2017_1292_1323",0.37204948164626
"2017_1292_1329",0.469857172505013
"2017_1292_1332",0.444850478638188
"2017_1292_1343",0.528296175210666
"2017_1292_1344",0.589086863469794
"2017_1292_1345",0.348155476357806
"2017_1292_1348",0.490148477510526
"2017_1292_1355",0.911407877052014
"2017_1292_1371",0.531887832850797
"2017_1292_1374",0.371011814878217
"2017_1292_1376",0.569616387335834
"2017_1292_1388",0.373184405859588
"2017_1292_1407",0.846713340676616
"2017_1292_1411",0.960486178009401
"2017_1292_1413",0.972921169119206
"2017_1292_1417",0.397071649905045
"2017_1292_1423",0.637309829116221
"2017_1292_1425",0.547178471587202
"2017_1292_1433",0.490565575534268
"2017_1292_1435",0.474801760938212
"2017_1292_1436",0.529101444935299
"2017_1292_1437",0.328259237071519
"2017_1292_1438",0.398356727446218
"2017_1292_1439",0.493408555554087
"2017_1292_1448",0.551468177700586
"2017_1292_1452",0.353149685783855
"2017_1292_1455",0.390180993589914
"2017_1292_1457",0.866999929738378
"2017_1292_1458",0.385238588074382
"2017_1292_1462",0.708630881161807
"2017_1297_1300",0.70289125482041
"2017_1297_1305",0.168403785547367
"2017_1297_1308",0.331330388519354
"2017_1297_1309",0.779952423949538
"2017_1297_1314",0.0729195851988939
"2017_1297_1315",0.678293364510379
"2017_1297_1321",0.141939154095781
"2017_1297_1323",0.0859521229540484
"2017_1297_1329",0.126079048426326
"2017_1297_1332",0.114850304877343
"2017_1297_1343",0.155507141708125
"2017_1297_1344",0.191947915934157
"2017_1297_1345",0.0775250763230256
"2017_1297_1348",0.135759597404706
"2017_1297_1355",0.628737197719163
"2017_1297_1371",0.15747995251031
"2017_1297_1374",0.085576246599164
"2017_1297_1376",0.17952950154259
"2017_1297_1388",0.0863642897010318
"2017_1297_1407",0.479791032645114
"2017_1297_1411",0.792179066648295
"2017_1297_1413",0.844099809637619
"2017_1297_1417",0.0953046308926205
"2017_1297_1423",0.226307042953932
"2017_1297_1425",0.166116092362837
"2017_1297_1433",0.135964271766853
"2017_1297_1435",0.128389117663175
"2017_1297_1436",0.155947660871382
"2017_1297_1437",0.0708543872842768
"2017_1297_1438",0.095800420080663
"2017_1297_1439",0.13736565193105
"2017_1297_1448",0.168610377252213
"2017_1297_1452",0.0792478447952637
"2017_1297_1455",0.0926725231519769
"2017_1297_1457",0.520542026986581
"2017_1297_1458",0.0908115255545961
"2017_1297_1462",0.289113207051166
"2017_1300_1305",0.0744786219154505
"2017_1300_1308",0.169715209060712
"2017_1300_1309",0.597184969999432
"2017_1300_1314",0.0272619759562151
"2017_1300_1315",0.468974075700291
"2017_1300_1321",0.0608304298855998
"2017_1300_1323",0.0333873054168464
"2017_1300_1329",0.0528642559031232
"2017_1300_1332",0.0473177158952083
"2017_1300_1343",0.067771060005771
"2017_1300_1344",0.087010262967321
"2017_1300_1345",0.029415666464765
"2017_1300_1348",0.0577079699595915
"2017_1300_1355",0.414899462795065
"2017_1300_1371",0.0687900856292553
"2017_1300_1374",0.0332092995032406
"2017_1300_1376",0.0803536046169445
"2017_1300_1388",0.033582590010123
"2017_1300_1407",0.277761225151683
"2017_1300_1411",0.614437497165654
"2017_1300_1413",0.692885641278051
"2017_1300_1417",0.0378424578581415
"2017_1300_1423",0.105993058428586
"2017_1300_1425",0.073280822630564
"2017_1300_1433",0.0578110068750951
"2017_1300_1435",0.0540148594356579
"2017_1300_1436",0.0679983848697257
"2017_1300_1437",0.026300051841904
"2017_1300_1438",0.0380800371818711
"2017_1300_1439",0.0585171903297562
"2017_1300_1448",0.0745869605577221
"2017_1300_1452",0.0302243444290627
"2017_1300_1455",0.0365835466948052
"2017_1300_1457",0.311981131659616
"2017_1300_1458",0.0356958595473829
"2017_1300_1462",0.1429993978897
"2017_1305_1308",0.704779306608299
"2017_1305_1309",0.946859276217508
"2017_1305_1314",0.288218260869757
"2017_1305_1315",0.911805870140495
"2017_1305_1321",0.449084567739591
"2017_1305_1323",0.323204962219921
"2017_1305_1329",0.416924377746763
"2017_1305_1332",0.392604482276782
"2017_1305_1343",0.474749925058747
"2017_1305_1344",0.5364212515881
"2017_1305_1345",0.300871124422712
"2017_1305_1348",0.436843805880858
"2017_1305_1355",0.891883699131691
"2017_1305_1371",0.478350005772541
"2017_1305_1374",0.322230562932248
"2017_1305_1376",0.516496589024428
"2017_1305_1388",0.324271157961696
"2017_1305_1407",0.816420161809979
"2017_1305_1411",0.95062856114858
"2017_1305_1413",0.965723815506465
"2017_1305_1417",0.346826107495103
"2017_1305_1423",0.586483819894463
"2017_1305_1425",0.49373724966478
"2017_1305_1433",0.437255018684815
"2017_1305_1435",0.421762944938777
"2017_1305_1436",0.475556612983903
"2017_1305_1437",0.282437446525904
"2017_1305_1438",0.348045727836865
"2017_1305_1439",0.440059781081856
"2017_1305_1448",0.498071815811415
"2017_1305_1452",0.305521440900166
"2017_1305_1455",0.340297301052173
"2017_1305_1457",0.839847190973592
"2017_1305_1458",0.335625685599046
"2017_1305_1462",0.662448696197438
"2017_1308_1309",0.877037813318903
"2017_1308_1314",0.14130206794653
"2017_1308_1315",0.808366301863157
"2017_1308_1321",0.251658915020724
"2017_1308_1323",0.16316965548998
"2017_1308_1329",0.227448857249992
"2017_1308_1332",0.209908887464291
"2017_1308_1343",0.271863336680492
"2017_1308_1344",0.323938159403976
"2017_1308_1345",0.149087625698763
"2017_1308_1348",0.242303169293083
"2017_1308_1355",0.771870264516407
"2017_1308_1371",0.274763198604709
"2017_1308_1374",0.162546011049469
"2017_1308_1376",0.306539439987198
"2017_1308_1388",0.163853036602133
"2017_1308_1407",0.647917897509535
"2017_1308_1411",0.884785632337115
"2017_1308_1413",0.916571009991963
"2017_1308_1417",0.178554964745647
"2017_1308_1423",0.370308516868332
"2017_1308_1425",0.287346581591674
"2017_1308_1433",0.242614607726251
"2017_1308_1435",0.231015765645285
"2017_1308_1436",0.272511686582792
"2017_1308_1437",0.137790031978992
"2017_1308_1438",0.179363533498499
"2017_1308_1439",0.244744097173598
"2017_1308_1448",0.290947635079876
"2017_1308_1452",0.151983594995142
"2017_1308_1455",0.174250554151992
"2017_1308_1457",0.684171170635991
"2017_1308_1458",0.171195160432287
"2017_1308_1462",0.448907141905433
"2017_1309_1314",0.0155680495159312
"2017_1309_1315",0.370913987119213
"2017_1309_1321",0.038924610362137
"2017_1309_1323",0.0197916193264912
"2017_1309_1329",0.0333349844290745
"2017_1309_1332",0.0294604734905681
"2017_1309_1343",0.0438187286022892
"2017_1309_1344",0.05750365830747
"2017_1309_1345",0.0170511414573728
"2017_1309_1348",0.0367301644858505
"2017_1309_1355",0.321089488959716
"2017_1309_1371",0.044539182886448
"2017_1309_1374",0.019668640299442
"2017_1309_1376",0.0527488988385876
"2017_1309_1388",0.01992655220466
"2017_1309_1407",0.203346452476986
"2017_1309_1411",0.515783288812348
"2017_1309_1413",0.601233705795516
"2017_1309_1417",0.0228742373119956
"2017_1309_1423",0.0711796307016729
"2017_1309_1425",0.0477199623803307
"2017_1309_1433",0.0368025059015021
"2017_1309_1435",0.034140511199617
"2017_1309_1436",0.0439794057691058
"2017_1309_1437",0.0149063169057881
"2017_1309_1438",0.023038877114443
"2017_1309_1439",0.0372984445095196
"2017_1309_1448",0.0486468804101364
"2017_1309_1452",0.0176085604677547
"2017_1309_1455",0.0220022547327348
"2017_1309_1457",0.231635042732345
"2017_1309_1458",0.0213878330894954
"2017_1309_1462",0.0983484160659373
"2017_1314_1315",0.963951599699851
"2017_1314_1321",0.665219870067354
"2017_1314_1323",0.538502502299083
"2017_1314_1329",0.63549277901031
"2017_1314_1332",0.61188106659133
"2017_1314_1343",0.687804109721326
"2017_1314_1344",0.73832713088151
"2017_1314_1345",0.512785276567582
"2017_1314_1348",0.654098468948728
"2017_1314_1355",0.954602948739588
"2017_1314_1371",0.690895230432187
"2017_1314_1374",0.537403281808572
"2017_1314_1376",0.722551242414905
"2017_1314_1388",0.539702948753862
"2017_1314_1407",0.917005716009815
"2017_1314_1411",0.981532411400053
"2017_1314_1413",0.988150828740911
"2017_1314_1417",0.564540472660186
"2017_1314_1423",0.775857061727311
"2017_1314_1425",0.70390199055313
"2017_1314_1433",0.654475867012662
"2017_1314_1435",0.640071444745087
"2017_1314_1436",0.688498358368272
"2017_1314_1437",0.490703713738727
"2017_1314_1438",0.565853880123137
"2017_1314_1439",0.657042909328442
"2017_1314_1448",0.707507101354645
"2017_1314_1452",0.518231585979704
"2017_1314_1455",0.557458674628049
"2017_1314_1457",0.929064537681021
"2017_1314_1458",0.552338074287882
"2017_1314_1462",0.82764795064733
"2017_1315_1321",0.0686098843797375
"2017_1315_1323",0.038275195268929
"2017_1315_1329",0.0598245285780731
"2017_1315_1332",0.053697891896971
"2017_1315_1343",0.0762508349351923
"2017_1315_1344",0.09736632016559
"2017_1315_1345",0.0338688093375153
"2017_1315_1348",0.0651682954594415
"2017_1315_1355",0.443134616963439
"2017_1315_1371",0.0773716331260412
"2017_1315_1374",0.0380777926767216
"2017_1315_1376",0.0900712599379938
"2017_1315_1388",0.0384917498040922
"2017_1315_1407",0.301680669735889
"2017_1315_1411",0.641304071964484
"2017_1315_1413",0.716844283803367
"2017_1315_1417",0.0432131118482385
"2017_1315_1423",0.118107276426204
"2017_1315_1425",0.0823076765323085
"2017_1315_1433",0.0652819035205287
"2017_1315_1435",0.0610944690484613
"2017_1315_1436",0.0765008865359716
"2017_1315_1437",0.0304092590295616
"2017_1315_1438",0.0434762898202964
"2017_1315_1439",0.0660604642797473
"2017_1315_1448",0.0837423557926885
"2017_1315_1452",0.0347663423062214
"2017_1315_1455",0.0418183097548947
"2017_1315_1457",0.33739225711622
"2017_1315_1458",0.040834553881522
"2017_1315_1462",0.158277515505656
"2017_1321_1323",0.367537186215678
"2017_1321_1329",0.465055246921506
"2017_1321_1332",0.440088608003872
"2017_1321_1343",0.523491971886206
"2017_1321_1344",0.584416401893342
"2017_1321_1345",0.343768139707645
"2017_1321_1348",0.485331251815932
"2017_1321_1355",0.909784802255088
"2017_1321_1371",0.527087668872612
"2017_1321_1374",0.366504504879501
"2017_1321_1376",0.564887953550714
"2017_1321_1388",0.368666703624399
"2017_1321_1407",0.844161113351044
"2017_1321_1411",0.959675087982431
"2017_1321_1413",0.972330520657505
"2017_1321_1417",0.392451279524181
"2017_1321_1423",0.632844490994126
"2017_1321_1425",0.5424009281319
"2017_1321_1433",0.48574819712512
"2017_1321_1435",0.469994686080098
"2017_1321_1436",0.524298105117113
"2017_1321_1437",0.323992149170311
"2017_1321_1438",0.393731436484384
"2017_1321_1439",0.488590309908918
"2017_1321_1448",0.546698558911635
"2017_1321_1452",0.348734475293331
"2017_1321_1455",0.385588057638738
"2017_1321_1457",0.864721810008591
"2017_1321_1458",0.380666419560103
"2017_1321_1462",0.704630076472288
"2017_1323_1329",0.596872746937413
"2017_1323_1332",0.572447026835462
"2017_1323_1343",0.651659716626667
"2017_1323_1344",0.705471454138879
"2017_1323_1345",0.471935747656551
"2017_1323_1348",0.616252081201711
"2017_1323_1355",0.946339828885595
"2017_1323_1371",0.654926485737752
"2017_1323_1374",0.496608434026412
"2017_1323_1376",0.688572586771227
"2017_1323_1388",0.498923119321076
"2017_1323_1407",0.90319563577259
"2017_1323_1411",0.977585091870226
"2017_1323_1413",0.985308525908311
"2017_1323_1417",0.524031654102982
"2017_1323_1423",0.746028633303392
"2017_1323_1425",0.668708635992429
"2017_1323_1433",0.616646386159618
"2017_1323_1435",0.60163093817738
"2017_1323_1436",0.652393127172614
"2017_1323_1437",0.449968948866815
"2017_1323_1438",0.525364962435181
"2017_1323_1439",0.619329713914588
"2017_1323_1448",0.672539079486956
"2017_1323_1452",0.477377494786071
"2017_1323_1455",0.516852220614244
"2017_1323_1457",0.91697337518939
"2017_1323_1458",0.511671162928262
"2017_1323_1462",0.80283417743788
"2017_1329_1332",0.472563834008887
"2017_1329_1343",0.555960579904081
"2017_1329_1344",0.615775216925441
"2017_1329_1345",0.374007819863883
"2017_1329_1348",0.518022578225464
"2017_1329_1355",0.920318247917793
"2017_1329_1371",0.55951639637899
"2017_1329_1374",0.397493074961198
"2017_1329_1376",0.596702484791557
"2017_1329_1388",0.39971930891108
"2017_1329_1407",0.86083648059756
"2017_1329_1411",0.964912246946046
"2017_1329_1413",0.97613941394468
"2017_1329_1417",0.424126456217578
"2017_1329_1423",0.662671694586519
"2017_1329_1425",0.574623636805732
"2017_1329_1433",0.518439080963721
"2017_1329_1435",0.502671518377815
"2017_1329_1436",0.556758053768303
"2017_1329_1437",0.353467619836345
"2017_1329_1438",0.425435882269138
"2017_1329_1439",0.521276999966643
"2017_1329_1448",0.578852949912687
"2017_1329_1452",0.379149542298844
"2017_1329_1455",0.417098947363325
"2017_1329_1457",0.879574788232751
"2017_1329_1458",0.412051838880418
"2017_1329_1462",0.731152379813118
"2017_1332_1343",0.580638773517888
"2017_1332_1344",0.639290561581249
"2017_1332_1345",0.397951053427541
"2017_1332_1348",0.543083215939813
"2017_1332_1355",0.927689628830725
"2017_1332_1371",0.584144539516343
"2017_1332_1374",0.421900410671158
"2017_1332_1376",0.620662458547566
"2017_1332_1388",0.424164871554994
"2017_1332_1407",0.872665330171798
"2017_1332_1411",0.968540103420566
"2017_1332_1413",0.978771124042391
"2017_1332_1417",0.448925951639145
"2017_1332_1423",0.684802820839182
"2017_1332_1425",0.599012139696449
"2017_1332_1433",0.54349703064421
"2017_1332_1435",0.527807709946984
"2017_1332_1436",0.581425233391211
"2017_1332_1437",0.376913428653264
"2017_1332_1438",0.450250999500524
"2017_1332_1439",0.54631573844508
"2017_1332_1448",0.603166551982799
"2017_1332_1452",0.403203904987749
"2017_1332_1455",0.441808755615883
"2017_1332_1457",0.89006603346792
"2017_1332_1458",0.436691144389959
"2017_1332_1462",0.750528683277657
"2017_1343_1344",0.559173417990016
"2017_1343_1345",0.320723221403218
"2017_1343_1348",0.45960123176582
"2017_1343_1355",0.900658567319042
"2017_1343_1371",0.501320940858414
"2017_1343_1374",0.342765991367061
"2017_1343_1376",0.53939135158916
"2017_1343_1388",0.344867397345881
"2017_1343_1407",0.829925674724285
"2017_1343_1411",0.955086305085913
"2017_1343_1413",0.968983657132168
"2017_1343_1417",0.368042761491975
"2017_1343_1423",0.608569358746375
"2017_1343_1425",0.516708695019856
"2017_1343_1433",0.460016085620326
"2017_1343_1435",0.444365636837981
"2017_1343_1436",0.498522909052715
"2017_1343_1437",0.301630855703318
"2017_1343_1438",0.36929323184009
"2017_1343_1439",0.462844865356295
"2017_1343_1448",0.521035767555257
"2017_1343_1452",0.325529600144907
"2017_1343_1455",0.361344110450766
"2017_1343_1457",0.851983171112223
"2017_1343_1458",0.356546097807141
"2017_1343_1462",0.68269100638373
"2017_1344_1345",0.268945483953175
"2017_1344_1348",0.39904162010621
"2017_1344_1355",0.875606854167361
"2017_1344_1371",0.439812217051669
"2017_1344_1374",0.289038172948111
"2017_1344_1376",0.477733446982196
"2017_1344_1388",0.290964339537104
"2017_1344_1407",0.791828493737523
"2017_1344_1411",0.942238899495089
"2017_1344_1413",0.959565681681268
"2017_1344_1417",0.312331597047828
"2017_1344_1423",0.548455446568284
"2017_1344_1425",0.455056168219625
"2017_1344_1433",0.399443068086518
"2017_1344_1435",0.384352832692396
"2017_1344_1436",0.437052388576958
"2017_1344_1437",0.251705683443286
"2017_1344_1438",0.313491040169964
"2017_1344_1439",0.402182542068871
"2017_1344_1448",0.459363122428677
"2017_1344_1452",0.273309310151918
"2017_1344_1455",0.306132002197703
"2017_1344_1457",0.817621925542471
"2017_1344_1458",0.301703253997877
"2017_1344_1462",0.626947834379136
"2017_1345_1348",0.640335477859766
"2017_1345_1355",0.951693224314715
"2017_1345_1371",0.677864997310362
"2017_1345_1374",0.522390044849555
"2017_1345_1376",0.710282705328792
"2017_1345_1388",0.52469872224589
"2017_1345_1407",0.912122499513746
"2017_1345_1411",0.980146582076027
"2017_1345_1413",0.987153686803796
"2017_1345_1417",0.549673392267419
"2017_1345_1423",0.765147581798774
"2017_1345_1425",0.691169979478455
"2017_1345_1433",0.640719561778116
"2017_1345_1435",0.626072113354288
"2017_1345_1436",0.675415408540273
"2017_1345_1437",0.47564213111679
"2017_1345_1438",0.550996085015294
"2017_1345_1439",0.643332536193601
"2017_1345_1448",0.69486138556544
"2017_1345_1452",0.503167489771802
"2017_1345_1455",0.542545051383105
"2017_1345_1457",0.924794796228493
"2017_1345_1458",0.537394496885721
"2017_1345_1462",0.818788160056657
"2017_1348_1355",0.913906034997048
"2017_1348_1371",0.53941203344383
"2017_1348_1374",0.378131975500825
"2017_1348_1376",0.577014697999859
"2017_1348_1388",0.380320234977638
"2017_1348_1407",0.850653820297796
"2017_1348_1411",0.961731633226911
"2017_1348_1413",0.97382758851753
"2017_1348_1417",0.404361241102014
"2017_1348_1423",0.644273763639098
"2017_1348_1425",0.554661701996231
"2017_1348_1433",0.498131806841771
"2017_1348_1435",0.482357547036337
"2017_1348_1436",0.536631634166263
"2017_1348_1437",0.335013842674924
"2017_1348_1438",0.405653629567117
"2017_1348_1439",0.500975112336245
"2017_1348_1448",0.558937452305609
"2017_1348_1452",0.360130371635926
"2017_1348_1455",0.397429710227733
"2017_1348_1457",0.870513780924819
"2017_1348_1458",0.392456249513432
"2017_1348_1462",0.714848985742672
"2017_1355_1371",0.0961066044598928
"2017_1355_1374",0.0488498228253984
"2017_1355_1376",0.111195229613722
"2017_1355_1388",0.0493522229065001
"2017_1355_1407",0.350116921713806
"2017_1355_1411",0.690020823132057
"2017_1355_1413",0.759255065450617
"2017_1355_1417",0.0550753999557806
"2017_1355_1423",0.144191880124941
"2017_1355_1425",0.101981797726344
"2017_1355_1433",0.0816593562577565
"2017_1355_1435",0.076636302523324
"2017_1355_1436",0.0950687829952641
"2017_1355_1437",0.0395251561530737
"2017_1355_1438",0.0553940473657986
"2017_1355_1439",0.0825921977703187
"2017_1355_1448",0.103686911759293
"2017_1355_1452",0.0448273472602622
"2017_1355_1455",0.0533859602628046
"2017_1355_1457",0.388245704524742
"2017_1355_1458",0.0521937296203022
"2017_1355_1462",0.190731866678682
"2017_1371_1374",0.339503607769394
"2017_1371_1376",0.535807305271308
"2017_1371_1388",0.341595862615962
"2017_1371_1407",0.827858112796855
"2017_1371_1411",0.954410540294414
"2017_1371_1413",0.968490029321258
"2017_1371_1417",0.364678471485058
"2017_1371_1423",0.605130099735001
"2017_1371_1425",0.513106476877906
"2017_1371_1433",0.456431600600815
"2017_1371_1435",0.440801914974813
"2017_1371_1436",0.494916557492547
"2017_1371_1437",0.298572381881394
"2017_1371_1438",0.365924363090208
"2017_1371_1439",0.459257359509211
"2017_1371_1448",0.517435900380821
"2017_1371_1452",0.322346921768505
"2017_1371_1455",0.35800509124644
"2017_1371_1457",0.850128467837814
"2017_1371_1458",0.353225948666641
"2017_1371_1462",0.679556601703252
"2017_1374_1376",0.689521233478569
"2017_1374_1388",0.500029294285454
"2017_1374_1407",0.903593575607358
"2017_1374_1411",0.977700059282355
"2017_1374_1413",0.985391400752053
"2017_1374_1417",0.525134735659343
"2017_1374_1423",0.746868572035829
"2017_1374_1425",0.669688273442408
"2017_1374_1433",0.617691166992354
"2017_1374_1435",0.60269018013776
"2017_1374_1436",0.653395684640374
"2017_1374_1437",0.451065550810128
"2017_1374_1438",0.526467728043709
"2017_1374_1439",0.620371706404454
"2017_1374_1448",0.673513004558735
"2017_1374_1452",0.478481998549057
"2017_1374_1455",0.517956740518192
"2017_1374_1457",0.917322479110824
"2017_1374_1458",0.512776445296029
"2017_1374_1462",0.803538795933526
"2017_1376_1388",0.30789482517698
"2017_1376_1407",0.804789143672513
"2017_1376_1411",0.946705382524219
"2017_1376_1413",0.962847889409595
"2017_1376_1417",0.329894391255526
"2017_1376_1423",0.568158769150154
"2017_1376_1425",0.474961894081511
"2017_1376_1433",0.418821576012431
"2017_1376_1435",0.403503816464602
"2017_1376_1436",0.456840821832948
"2017_1376_1437",0.267280208465003
"2017_1376_1438",0.331086024352579
"2017_1376_1439",0.421598471702261
"2017_1376_1448",0.479289366922233
"2017_1376_1452",0.289661223350591
"2017_1376_1455",0.323518975132738
"2017_1376_1457",0.82935596535137
"2017_1376_1458",0.318960806149499
"2017_1376_1462",0.645444939684018
"2017_1388_1407",0.902759300030204
"2017_1388_1411",0.977458947142225
"2017_1388_1413",0.985217587513862
"2017_1388_1417",0.522826262854025
"2017_1388_1423",0.745108954339265
"2017_1388_1425",0.667636742547325
"2017_1388_1433",0.615503750389008
"2017_1388_1435",0.600472643473772
"2017_1388_1436",0.651296316415053
"2017_1388_1437",0.448771437128849
"2017_1388_1438",0.524159901969423
"2017_1388_1439",0.618190100107344
"2017_1388_1448",0.671473399614977
"2017_1388_1452",0.476171056376163
"2017_1388_1455",0.515645335641276
"2017_1388_1457",0.916590539874658
"2017_1388_1458",0.510463501172925
"2017_1388_1462",0.802062270644314
"2017_1407_1411",0.803817521508893
"2017_1407_1413",0.853431714956487
"2017_1407_1417",0.102128184339396
"2017_1407_1423",0.239340905614573
"2017_1407_1425",0.176615195954799
"2017_1407_1433",0.144990559947326
"2017_1407_1435",0.137023931332803
"2017_1407_1436",0.165965294499278
"2017_1407_1437",0.076232740522778
"2017_1407_1438",0.102652338818918
"2017_1407_1439",0.146463415422286
"2017_1407_1448",0.1792252231311
"2017_1407_1452",0.0851325690236603
"2017_1407_1455",0.0993448628253467
"2017_1407_1457",0.538400853670388
"2017_1407_1458",0.0973763169418297
"2017_1407_1462",0.304222335296663
"2017_1411_1413",0.583791394780287
"2017_1411_1417",0.0207265757481437
"2017_1411_1423",0.0660533133900479
"2017_1411_1425",0.0440029718472705
"2017_1411_1433",0.033765394461538
"2017_1411_1435",0.0312714817025838
"2017_1411_1436",0.0404936416507313
"2017_1411_1437",0.0132785852826787
"2017_1411_1438",0.0208805574622354
"2017_1411_1439",0.0342301187406551
"2017_1411_1448",0.0448728680562153
"2017_1411_1452",0.015803595179806
"2017_1411_1455",0.019911099156946
"2017_1411_1457",0.218783413203273
"2017_1411_1458",0.0193365511974507
"2017_1411_1462",0.091678348293673
"2017_1413_1417",0.0122003256011279
"2017_1413_1423",0.0453638765229587
"2017_1413_1425",0.0291214603080304
"2017_1413_1433",0.0216509698362177
"2017_1413_1435",0.0198378404772974
"2017_1413_1436",0.0265556538109595
"2017_1413_1437",0.00683382580032583
"2017_1413_1438",0.0123115175782505
"2017_1413_1439",0.0219891243634082
"2017_1413_1448",0.0297582848198755
"2017_1413_1452",0.00865058839205696
"2017_1413_1455",0.0116116253222156
"2017_1413_1457",0.163887883851045
"2017_1413_1458",0.0111970201143653
"2017_1413_1462",0.0645047125471401
"2017_1417_1423",0.725502663548506
"2017_1417_1425",0.644969567615997
"2017_1417_1433",0.591470981496482
"2017_1417_1435",0.576148379345709
"2017_1417_1436",0.628141586118859
"2017_1417_1437",0.424012197278723
"2017_1417_1438",0.499051714557629
"2017_1417_1439",0.59421422341357
"2017_1417_1448",0.648928623266439
"2017_1417_1452",0.451157401659837
"2017_1417_1455",0.490521092848466
"2017_1417_1457",0.908279769944983
"2017_1417_1458",0.485336442587263
"2017_1417_1462",0.785507486751545
"2017_1423_1425",0.405095269049471
"2017_1423_1433",0.351537893812904
"2017_1423_1435",0.337203852497623
"2017_1423_1436",0.387629797333319
"2017_1423_1437",0.214708247799152
"2017_1423_1438",0.270995031843636
"2017_1423_1439",0.354149077810629
"2017_1423_1448",0.409291709540311
"2017_1423_1452",0.234239779678934
"2017_1423_1455",0.264221506964323
"2017_1423_1457",0.785024625154114
"2017_1423_1458",0.260154258856849
"2017_1423_1462",0.578261817260786
"2017_1425_1433",0.441179500606454
"2017_1425_1435",0.425655630439997
"2017_1425_1436",0.479527748807291
"2017_1425_1437",0.285708611673759
"2017_1425_1438",0.351684911235275
"2017_1425_1439",0.443989223178417
"2017_1425_1448",0.502049163218331
"2017_1425_1452",0.308937411609448
"2017_1425_1455",0.343900014015834
"2017_1425_1457",0.842001922726061
"2017_1425_1458",0.339205505833598
"2017_1425_1462",0.665997116481453
"2017_1433_1435",0.481940754379788
"2017_1433_1436",0.536216880246374
"2017_1433_1437",0.334639718993681
"2017_1433_1438",0.405250259323626
"2017_1433_1439",0.500557941569469
"2017_1433_1448",0.558526309028474
"2017_1433_1452",0.359743994576151
"2017_1433_1455",0.397028912272748
"2017_1433_1457",0.870322042492731
"2017_1433_1458",0.392057113640986
"2017_1433_1462",0.714508199997826
"2017_1435_1436",0.551862809487339
"2017_1435_1437",0.348924607536898
"2017_1435_1438",0.420586488405521
"2017_1435_1439",0.516328560401678
"2017_1435_1448",0.574015438842065
"2017_1435_1452",0.374474423766811
"2017_1435_1455",0.412274874639991
"2017_1435_1457",0.877413930551198
"2017_1435_1458",0.407244391912918
"2017_1435_1462",0.727228670917554
"2017_1436_1437",0.30094389469306
"2017_1436_1438",0.368537108870131
"2017_1436_1439",0.462040488961747
"2017_1436_1448",0.520229130609993
"2017_1436_1452",0.324814927020106
"2017_1436_1455",0.360594622335071
"2017_1436_1457",0.851569079487867
"2017_1436_1458",0.355800806501557
"2017_1436_1462",0.681989904531065
"2017_1437_1438",0.572725380461463
"2017_1437_1439",0.663334089711535
"2017_1437_1448",0.713284502091126
"2017_1437_1452",0.525227097327984
"2017_1437_1455",0.564360980729058
"2017_1437_1457",0.930978085655911
"2017_1437_1458",0.55925729221474
"2017_1437_1462",0.831653771355996
"2017_1438_1439",0.592924922466092
"2017_1438_1448",0.647709512755616
"2017_1438_1452",0.44983190436152
"2017_1438_1455",0.489184318515579
"2017_1438_1457",0.907818520911487
"2017_1438_1458",0.484000232106225
"2017_1438_1462",0.784599869584805
"2017_1439_1448",0.555722008322304
"2017_1439_1452",0.357115251973569
"2017_1439_1455",0.394300767631488
"2017_1439_1457",0.86900905161168
"2017_1439_1458",0.389340453599319
"2017_1439_1462",0.712179180030752
"2017_1448_1452",0.305215657669245
"2017_1448_1455",0.339974611800941
"2017_1448_1457",0.839652564563914
"2017_1448_1458",0.335305072128111
"2017_1448_1462",0.662129138670432
"2017_1452_1455",0.537129666924596
"2017_1452_1457",0.923196755644804
"2017_1452_1458",0.531970463094741
"2017_1452_1462",0.815499765383916
"2017_1455_1457",0.910727849998906
"2017_1455_1458",0.492528174140818
"2017_1455_1462",0.790344178725655
"2017_1457_1458",0.0829711754139052
"2017_1457_1462",0.270495089732887
"2017_1458_1462",0.793782515928754
