id,pred
2017_1112_1116,0.796939639
2017_1112_1124,0.633697291
2017_1112_1137,0.89719039
2017_1112_1139,0.716263634
2017_1112_1153,0.681605134
2017_1112_1166,0.75413624
2017_1112_1173,0.807739114
2017_1112_1181,0.450971267
2017_1112_1190,0.867241987
2017_1112_1195,0.926556113
2017_1112_1196,0.568290735
2017_1112_1199,0.639893775
2017_1112_1211,0.473742878
2017_1112_1233,0.949380957
2017_1112_1235,0.6987055
2017_1112_1240,0.964665703
2017_1112_1242,0.557038635
2017_1112_1243,0.768454294
2017_1112_1245,0.950848046
2017_1112_1246,0.404900816
2017_1112_1257,0.614041808
2017_1112_1266,0.782774322
2017_1112_1268,0.813670797
2017_1112_1274,0.801813728
2017_1112_1276,0.676720254
2017_1112_1277,0.818304582
2017_1112_1278,0.788626732
2017_1112_1291,0.975386997
2017_1112_1292,0.850077578
2017_1112_1297,0.952627549
2017_1112_1300,0.959721466
2017_1112_1305,0.865162885
2017_1112_1308,0.91432136
2017_1112_1309,0.9587337
2017_1112_1314,0.549644988
2017_1112_1315,0.960007219
2017_1112_1321,0.80945568
2017_1112_1323,0.706644573
2017_1112_1329,0.704123606
2017_1112_1332,0.575828503
2017_1112_1343,0.891087117
2017_1112_1344,0.850165329
2017_1112_1345,0.633796355
2017_1112_1348,0.817008423
2017_1112_1355,0.960702966
2017_1112_1371,0.826341875
2017_1112_1374,0.691948971
2017_1112_1376,0.798369276
2017_1112_1388,0.68773088
2017_1112_1407,0.954765242
2017_1112_1411,0.971011227
2017_1112_1413,0.973955255
2017_1112_1417,0.512246866
2017_1112_1423,0.859167223
2017_1112_1425,0.815470532
2017_1112_1433,0.798439
2017_1112_1435,0.806546518
2017_1112_1436,0.872144059
2017_1112_1437,0.527347705
2017_1112_1438,0.659956764
2017_1112_1439,0.816507612
2017_1112_1448,0.790431963
2017_1112_1452,0.609758644
2017_1112_1455,0.611464709
2017_1112_1457,0.929359433
2017_1112_1458,0.552587382
2017_1112_1462,0.828048256
2017_1116_1124,0.305941075
2017_1116_1137,0.68978484
2017_1116_1139,0.39143771
2017_1116_1153,0.35294536
2017_1116_1166,0.438690035
2017_1116_1173,0.517020979
2017_1116_1181,0.173070158
2017_1116_1190,0.624692623
2017_1116_1195,0.762724915
2017_1116_1196,0.251167575
2017_1116_1199,0.311659467
2017_1116_1211,0.18657797
2017_1116_1233,0.826956148
2017_1116_1235,0.371418901
2017_1116_1240,0.874313893
2017_1116_1242,0.242665034
2017_1116_1243,0.458179966
2017_1116_1245,0.83134112
2017_1116_1246,0.147749577
2017_1116_1257,0.288446353
2017_1116_1266,0.478670943
2017_1116_1268,0.526665968
2017_1116_1274,0.507597742
2017_1116_1276,0.347842632
2017_1116_1277,0.534352592
2017_1116_1278,0.48735066
2017_1116_1291,0.909889279
2017_1116_1292,0.59095966
2017_1116_1297,0.836704222
2017_1116_1300,0.858580377
2017_1116_1305,0.620477306
2017_1116_1308,0.731118127
2017_1116_1309,0.855485772
2017_1116_1314,0.237209581
2017_1116_1315,0.859478604
2017_1116_1321,0.519790041
2017_1116_1323,0.380333535
2017_1116_1329,0.377478741
2017_1116_1332,0.257003118
2017_1116_1343,0.675817889
2017_1116_1344,0.591126128
2017_1116_1345,0.306031708
2017_1116_1348,0.532188824
2017_1116_1355,0.861671231
2017_1116_1371,0.548012693
2017_1116_1374,0.364003657
2017_1116_1376,0.502214398
2017_1116_1388,0.359451992
2017_1116_1407,0.843212027
2017_1116_1411,0.895121202
2017_1116_1413,0.905018536
2017_1116_1417,0.211104866
2017_1116_1423,0.60852461
2017_1116_1425,0.529635338
2017_1116_1433,0.502322694
2017_1116_1435,0.515107609
2017_1116_1436,0.634779122
2017_1116_1437,0.221357055
2017_1116_1438,0.330887424
2017_1116_1439,0.531355646
2017_1116_1448,0.490065177
2017_1116_1452,0.284758691
2017_1116_1455,0.286222374
2017_1116_1457,0.770230877
2017_1116_1458,0.239368403
2017_1116_1462,0.55096783
2017_1124_1137,0.834557501
2017_1124_1139,0.59336445
2017_1124_1153,0.553061168
2017_1124_1166,0.639382302
2017_1124_1173,0.708327422
2017_1124_1181,0.321942647
2017_1124_1190,0.790621994
2017_1124_1195,0.879408595
2017_1124_1196,0.432114176
2017_1124_1199,0.506697553
2017_1124_1211,0.342260568
2017_1124_1233,0.915550436
2017_1124_1235,0.572737723
2017_1124_1240,0.94040933
2017_1124_1242,0.420929403
2017_1124_1243,0.657346712
2017_1124_1245,0.917913255
2017_1124_1246,0.282276509
2017_1124_1257,0.479067904
2017_1124_1266,0.675637794
2017_1124_1268,0.716248745
2017_1124_1274,0.700474342
2017_1124_1276,0.547513359
2017_1124_1277,0.722478959
2017_1124_1278,0.683208486
2017_1124_1291,0.95817147
2017_1124_1292,0.7662217
2017_1124_1297,0.920785798
2017_1124_1300,0.93230913
2017_1124_1305,0.787636788
2017_1124_1308,0.860502188
2017_1124_1309,0.930697662
2017_1124_1314,0.413655279
2017_1124_1315,0.932775734
2017_1124_1321,0.710613576
2017_1124_1323,0.582010351
2017_1124_1329,0.57905635
2017_1124_1332,0.439685315
2017_1124_1343,0.82545938
2017_1124_1344,0.766345043
2017_1124_1345,0.500106698
2017_1124_1348,0.720732502
2017_1124_1355,0.93391261
2017_1124_1371,0.733373966
2017_1124_1374,0.56491539
2017_1124_1376,0.695936529
2017_1124_1388,0.560063779
2017_1124_1407,0.924246096
2017_1124_1411,0.950889178
2017_1124_1413,0.955783695
2017_1124_1417,0.377748893
2017_1124_1423,0.779074141
2017_1124_1425,0.718664112
2017_1124_1433,0.696028189
2017_1124_1435,0.706742057
2017_1124_1436,0.797693269
2017_1124_1437,0.392071939
2017_1124_1438,0.528715924
2017_1124_1439,0.720058486
2017_1124_1448,0.685555059
2017_1124_1452,0.474568587
2017_1124_1455,0.476358124
2017_1124_1457,0.883785798
2017_1124_1458,0.416543017
2017_1124_1462,0.735701678
2017_1137_1139,0.224368721
2017_1137_1153,0.196987329
2017_1137_1166,0.260072113
2017_1137_1173,0.324974585
2017_1137_1181,0.086027269
2017_1137_1190,0.428101984
2017_1137_1195,0.591111865
2017_1137_1196,0.131072569
2017_1137_1199,0.169174911
2017_1137_1211,0.093509759
2017_1137_1233,0.682458462
2017_1137_1235,0.209946469
2017_1137_1240,0.757778453
2017_1137_1242,0.125951691
2017_1137_1243,0.275521691
2017_1137_1245,0.68912856
2017_1137_1246,0.072327442
2017_1137_1257,0.154197022
2017_1137_1266,0.292249936
2017_1137_1268,0.333510858
2017_1137_1274,0.316755997
2017_1137_1276,0.193465211
2017_1137_1277,0.34040579
2017_1137_1278,0.299491229
2017_1137_1291,0.819530551
2017_1137_1292,0.393844683
2017_1137_1297,0.697367616
2017_1137_1300,0.731929694
2017_1137_1305,0.423715564
2017_1137_1308,0.550128349
2017_1137_1309,0.726945063
2017_1137_1314,0.122695027
2017_1137_1315,0.733382544
2017_1137_1321,0.327412348
2017_1137_1323,0.216319254
2017_1137_1329,0.214269864
2017_1137_1332,0.134619475
2017_1137_1343,0.483881741
2017_1137_1344,0.394009111
2017_1137_1345,0.165501436
2017_1137_1348,0.338456541
2017_1137_1355,0.736940509
2017_1137_1371,0.352865031
2017_1137_1374,0.204705114
2017_1137_1376,0.312113715
2017_1137_1388,0.201514247
2017_1137_1407,0.707487062
2017_1137_1411,0.793317571
2017_1137_1413,0.810791304
2017_1137_1417,0.107417868
2017_1137_1423,0.411444063
2017_1137_1425,0.336164636
2017_1137_1433,0.312206728
2017_1137_1435,0.323296192
2017_1137_1436,0.438724846
2017_1137_1437,0.113358119
2017_1137_1438,0.181935685
2017_1137_1439,0.337707714
2017_1137_1448,0.301775331
2017_1137_1452,0.151859384
2017_1137_1455,0.152785877
2017_1137_1457,0.601208176
2017_1137_1458,0.123981056
2017_1137_1462,0.355595747
2017_1139_1153,0.458881917
2017_1139_1166,0.548544772
2017_1139_1173,0.624661851
2017_1139_1181,0.245501556
2017_1139_1190,0.721273471
2017_1139_1195,0.833265577
2017_1139_1196,0.342736741
2017_1139_1199,0.413115783
2017_1139_1211,0.26286548
2017_1139_1233,0.881371192
2017_1139_1235,0.478797313
2017_1139_1240,0.915361107
2017_1139_1242,0.332510829
2017_1139_1243,0.567976735
2017_1139_1245,0.884569745
2017_1139_1246,0.212304717
2017_1139_1257,0.386590009
2017_1139_1266,0.588048752
2017_1139_1268,0.633680285
2017_1139_1274,0.615778044
2017_1139_1276,0.453320619
2017_1139_1277,0.640814274
2017_1139_1278,0.596442707
2017_1139_1291,0.940113902
2017_1139_1292,0.691940464
2017_1139_1297,0.888467333
2017_1139_1300,0.904202925
2017_1139_1305,0.717652627
2017_1139_1308,0.80869855
2017_1139_1309,0.901992692
2017_1139_1314,0.325904724
2017_1139_1315,0.904843496
2017_1139_1321,0.627258694
2017_1139_1323,0.488287167
2017_1139_1329,0.485256613
2017_1139_1332,0.34970623
2017_1139_1343,0.764208207
2017_1139_1344,0.692087249
2017_1139_1345,0.406738532
2017_1139_1348,0.638810821
2017_1139_1355,0.906405354
2017_1139_1371,0.653377151
2017_1139_1374,0.470844108
2017_1139_1376,0.610670268
2017_1139_1388,0.465935211
2017_1139_1407,0.893175608
2017_1139_1411,0.929917753
2017_1139_1413,0.936763344
2017_1139_1417,0.293798693
2017_1139_1423,0.707316742
2017_1139_1425,0.636441743
2017_1139_1433,0.610773256
2017_1139_1435,0.622863855
2017_1139_1436,0.72988667
2017_1139_1437,0.306506547
2017_1139_1438,0.434650655
2017_1139_1439,0.638038384
2017_1139_1448,0.599054809
2017_1139_1452,0.382321792
2017_1139_1455,0.384017709
2017_1139_1457,0.839011057
2017_1139_1458,0.3285231
2017_1139_1462,0.656075737
2017_1153_1166,0.588952633
2017_1153_1173,0.66244917
2017_1153_1181,0.27729778
2017_1153_1190,0.753177571
2017_1153_1195,0.854928952
2017_1153_1196,0.38077091
2017_1153_1199,0.453570384
2017_1153_1211,0.296028243
2017_1153_1233,0.897552773
2017_1153_1235,0.519985089
2017_1153_1240,0.927288782
2017_1153_1242,0.370049112
2017_1153_1243,0.607888592
2017_1153_1245,0.90036435
2017_1153_1246,0.241175778
2017_1153_1257,0.426334014
2017_1153_1266,0.627322997
2017_1153_1268,0.671037809
2017_1153_1274,0.653964295
2017_1153_1276,0.494395675
2017_1153_1277,0.677814171
2017_1153_1278,0.63541285
2017_1153_1291,0.948748617
2017_1153_1292,0.725926303
2017_1153_1297,0.903786629
2017_1153_1300,0.917561441
2017_1153_1305,0.749827429
2017_1153_1308,0.83291381
2017_1153_1309,0.915630658
2017_1153_1314,0.363102916
2017_1153_1315,0.918120776
2017_1153_1321,0.664924813
2017_1153_1323,0.529462007
2017_1153_1329,0.526438807
2017_1153_1332,0.38805718
2017_1153_1343,0.792610901
2017_1153_1344,0.726063305
2017_1153_1345,0.447044332
2017_1153_1348,0.675912722
2017_1153_1355,0.919484098
2017_1153_1371,0.689709564
2017_1153_1374,0.512019831
2017_1153_1376,0.649074861
2017_1153_1388,0.507093035
2017_1153_1407,0.907915237
2017_1153_1411,0.939928667
2017_1153_1413,0.945853336
2017_1153_1417,0.329121534
2017_1153_1423,0.740243049
2017_1153_1425,0.67366268
2017_1153_1433,0.649173526
2017_1153_1435,0.660733875
2017_1153_1436,0.761131377
2017_1153_1437,0.342615991
2017_1153_1438,0.475505467
2017_1153_1439,0.675179285
2017_1153_1448,0.637925835
2017_1153_1452,0.421928823
2017_1153_1455,0.42367992
2017_1153_1457,0.860053309
2017_1153_1458,0.365857948
2017_1153_1462,0.692258517
2017_1166_1173,0.578005332
2017_1166_1181,0.211227426
2017_1166_1190,0.680483475
2017_1166_1195,0.804420855
2017_1166_1196,0.300290544
2017_1166_1199,0.366817938
2017_1166_1211,0.2268962
2017_1166_1233,0.859444861
2017_1166_1235,0.430538522
2017_1166_1240,0.898997234
2017_1166_1242,0.290770796
2017_1166_1243,0.519691889
2017_1166_1245,0.863142809
2017_1166_1246,0.181549967
2017_1166_1257,0.34153493
2017_1166_1266,0.540191137
2017_1166_1268,0.587404347
2017_1166_1274,0.568779551
2017_1166_1276,0.405631221
2017_1166_1277,0.594863369
2017_1166_1278,0.548812046
2017_1166_1291,0.928160083
2017_1166_1292,0.648947072
2017_1166_1297,0.867655648
2017_1166_1300,0.885950545
2017_1166_1305,0.676570352
2017_1166_1308,0.776742499
2017_1166_1309,0.88337351
2017_1166_1314,0.284640328
2017_1166_1315,0.886697871
2017_1166_1321,0.580708303
2017_1166_1323,0.439879133
2017_1166_1329,0.436892509
2017_1166_1332,0.306799795
2017_1166_1343,0.727326108
2017_1166_1344,0.649103954
2017_1166_1345,0.360716111
2017_1166_1348,0.592766492
2017_1166_1355,0.88852087
2017_1166_1371,0.608050405
2017_1166_1374,0.422736759
2017_1166_1376,0.563489884
2017_1166_1388,0.417933283
2017_1166_1407,0.873117006
2017_1166_1411,0.9161103
2017_1166_1413,0.924194651
2017_1166_1417,0.255061263
2017_1166_1423,0.665431683
2017_1166_1425,0.590289102
2017_1166_1433,0.563596433
2017_1166_1435,0.576135492
2017_1166_1436,0.689815088
2017_1166_1437,0.266726419
2017_1166_1438,0.38753303
2017_1166_1439,0.591958482
2017_1166_1448,0.551500618
2017_1166_1452,0.337490468
2017_1166_1455,0.339096694
2017_1166_1457,0.810934765
2017_1166_1458,0.287068362
2017_1166_1462,0.610891721
2017_1173_1181,0.163538365
2017_1173_1190,0.608593555
2017_1173_1195,0.750178972
2017_1173_1196,0.238575515
2017_1173_1199,0.297238491
2017_1173_1211,0.176460989
2017_1173_1233,0.816991545
2017_1173_1235,0.355661505
2017_1173_1240,0.866636557
2017_1173_1242,0.230368106
2017_1173_1243,0.441326047
2017_1173_1245,0.821574541
2017_1173_1246,0.139377265
2017_1173_1257,0.274670879
2017_1173_1266,0.461705574
2017_1173_1268,0.509662532
2017_1173_1274,0.490571885
2017_1173_1276,0.332556281
2017_1173_1277,0.517372244
2017_1173_1278,0.470355212
2017_1173_1291,0.90414677
2017_1173_1292,0.574399428
2017_1173_1297,0.827183647
2017_1173_1300,0.850106749
2017_1173_1305,0.604311953
2017_1173_1308,0.717519916
2017_1173_1309,0.846859793
2017_1173_1314,0.225106933
2017_1173_1315,0.851049459
2017_1173_1321,0.502772797
2017_1173_1323,0.364417198
2017_1173_1329,0.361612155
2017_1173_1332,0.244213909
2017_1173_1343,0.660720797
2017_1173_1344,0.574567784
2017_1173_1345,0.291760761
2017_1173_1348,0.515201159
2017_1173_1355,0.853351169
2017_1173_1371,0.531093355
2017_1173_1374,0.348386492
2017_1173_1376,0.485191186
2017_1173_1388,0.343924508
2017_1173_1407,0.833995596
2017_1173_1411,0.888552838
2017_1173_1413,0.899000083
2017_1173_1417,0.199984917
2017_1173_1423,0.592184763
2017_1173_1425,0.512639861
2017_1173_1433,0.48529939
2017_1173_1435,0.498084659
2017_1173_1436,0.618848733
2017_1173_1437,0.209840717
2017_1173_1438,0.315985163
2017_1173_1439,0.514365334
2017_1173_1448,0.473062418
2017_1173_1452,0.271092234
2017_1173_1455,0.272512435
2017_1173_1457,0.757955867
2017_1173_1458,0.227188416
2017_1173_1462,0.534065059
2017_1181_1190,0.888304401
2017_1181_1195,0.938871481
2017_1181_1196,0.615768993
2017_1181_1199,0.683877773
2017_1181_1211,0.522889478
2017_1181_1233,0.958042279
2017_1181_1235,0.738442345
2017_1181_1240,0.970792144
2017_1181_1242,0.60489401
2017_1181_1243,0.801604201
2017_1181_1245,0.959269107
2017_1181_1246,0.453053988
2017_1181_1257,0.659503204
2017_1181_1266,0.814369307
2017_1181_1268,0.841680852
2017_1181_1274,0.831236513
2017_1181_1276,0.718187169
2017_1181_1277,0.845750112
2017_1181_1278,0.819566707
2017_1181_1291,0.979693656
2017_1181_1292,0.873465848
2017_1181_1297,0.960756316
2017_1181_1300,0.966675551
2017_1181_1305,0.886511989
2017_1181_1308,0.928530053
2017_1181_1309,0.965852254
2017_1181_1314,0.597722284
2017_1181_1315,0.966913669
2017_1181_1321,0.837973198
2017_1181_1323,0.745715422
2017_1181_1329,0.743408294
2017_1181_1332,0.623027678
2017_1181_1343,0.908764427
2017_1181_1344,0.873541947
2017_1181_1345,0.678150514
2017_1181_1348,0.844612563
2017_1181_1355,0.967493334
2017_1181_1371,0.852791754
2017_1181_1374,0.73223542
2017_1181_1376,0.828193853
2017_1181_1388,0.728352401
2017_1181_1407,0.96254162
2017_1181_1411,0.976064748
2017_1181_1413,0.978506913
2017_1181_1417,0.56112878
2017_1181_1423,0.881335429
2017_1181_1425,0.843262156
2017_1181_1433,0.828255483
2017_1181_1435,0.835410901
2017_1181_1436,0.892525128
2017_1181_1437,0.575968994
2017_1181_1438,0.702629042
2017_1181_1439,0.844172891
2017_1181_1448,0.821167616
2017_1181_1452,0.655441452
2017_1181_1455,0.657060124
2017_1181_1457,0.941234542
2017_1181_1458,0.600578828
2017_1181_1462,0.854284066
2017_1190_1195,0.65884759
2017_1190_1196,0.167714941
2017_1190_1199,0.213847626
2017_1190_1211,0.121114822
2017_1190_1233,0.741674924
2017_1190_1235,0.261990417
2017_1190_1240,0.80692274
2017_1190_1242,0.161428439
2017_1190_1243,0.336889597
2017_1190_1245,0.747561256
2017_1190_1246,0.094329979
2017_1190_1257,0.19584696
2017_1190_1266,0.355515391
2017_1190_1268,0.400651997
2017_1190_1274,0.382459696
2017_1190_1276,0.242678547
2017_1190_1277,0.408085094
2017_1190_1278,0.363519111
2017_1190_1291,0.858485719
2017_1190_1292,0.464663909
2017_1190_1297,0.754802685
2017_1190_1300,0.784829273
2017_1190_1305,0.495515188
2017_1190_1308,0.620292172
2017_1190_1309,0.780533341
2017_1190_1314,0.157419682
2017_1190_1315,0.786079218
2017_1190_1321,0.394051634
2017_1190_1323,0.269404272
2017_1190_1329,0.26702332
2017_1190_1332,0.172057071
2017_1190_1343,0.556039527
2017_1190_1344,0.46483523
2017_1190_1345,0.209448666
2017_1190_1348,0.405986835
2017_1190_1355,0.789136149
2017_1190_1371,0.421438739
2017_1190_1374,0.255870568
2017_1190_1376,0.377386351
2017_1190_1388,0.252135002
2017_1190_1407,0.763652503
2017_1190_1411,0.836804198
2017_1190_1413,0.851290578
2017_1190_1417,0.138501428
2017_1190_1423,0.482906748
2017_1190_1425,0.40351657
2017_1190_1433,0.377488142
2017_1190_1435,0.389582968
2017_1190_1436,0.510813419
2017_1190_1437,0.145879677
2017_1190_1438,0.229049068
2017_1190_1439,0.405180109
2017_1190_1448,0.36603637
2017_1190_1452,0.193022002
2017_1190_1455,0.194142142
2017_1190_1457,0.668210155
2017_1190_1458,0.159003712
2017_1190_1462,0.424352144
2017_1195_1196,0.094484196
2017_1195_1199,0.123461658
2017_1195_1211,0.066603178
2017_1195_1233,0.597853516
2017_1195_1235,0.15527521
2017_1195_1240,0.683947885
2017_1195_1242,0.090643672
2017_1195_1243,0.208275933
2017_1195_1245,0.605272884
2017_1195_1246,0.051171813
2017_1195_1257,0.111985471
2017_1195_1266,0.222173427
2017_1195_1268,0.257135191
2017_1195_1274,0.242819377
2017_1195_1276,0.14231268
2017_1195_1277,0.263074396
2017_1195_1278,0.228238324
2017_1195_1291,0.758524394
2017_1195_1292,0.310080433
2017_1195_1297,0.614491111
2017_1195_1300,0.653819615
2017_1195_1305,0.337131709
2017_1195_1308,0.458253817
2017_1195_1309,0.648080903
2017_1195_1314,0.088207815
2017_1195_1315,0.655496542
2017_1195_1321,0.251905417
2017_1195_1323,0.16032525
2017_1195_1329,0.158698917
2017_1195_1332,0.097151697
2017_1195_1343,0.393396094
2017_1195_1344,0.310227788
2017_1195_1345,0.120636673
2017_1195_1348,0.261392479
2017_1195_1355,0.659611472
2017_1195_1371,0.273878472
2017_1195_1374,0.151137632
2017_1195_1376,0.238881833
2017_1195_1388,0.148625711
2017_1195_1407,0.625895153
2017_1195_1411,0.726408514
2017_1195_1413,0.74774026
2017_1195_1417,0.076848623
2017_1195_1423,0.325949501
2017_1195_1425,0.259417786
2017_1195_1433,0.238960603
2017_1195_1435,0.248387955
2017_1195_1436,0.350941687
2017_1195_1437,0.081252269
2017_1195_1438,0.133327648
2017_1195_1439,0.260746952
2017_1195_1448,0.230157553
2017_1195_1452,0.110204382
2017_1195_1455,0.110909972
2017_1195_1457,0.510482976
2017_1195_1458,0.089169107
2017_1195_1462,0.276258876
2017_1196_1199,0.57444798
2017_1196_1211,0.406125456
2017_1196_1233,0.934416707
2017_1196_1235,0.637899827
2017_1196_1240,0.954001074
2017_1196_1242,0.488569808
2017_1196_1243,0.716003475
2017_1196_1245,0.936288398
2017_1196_1246,0.340747085
2017_1196_1257,0.547222137
2017_1196_1266,0.732437896
2017_1196_1268,0.768375328
2017_1196_1274,0.75450553
2017_1196_1276,0.613929275
2017_1196_1277,0.773822438
2017_1196_1278,0.739194609
2017_1196_1291,0.967850435
2017_1196_1292,0.811582967
2017_1196_1297,0.938560961
2017_1196_1300,0.947645553
2017_1196_1305,0.829765964
2017_1196_1308,0.890191412
2017_1196_1309,0.94637819
2017_1196_1314,0.481097918
2017_1196_1315,0.948012336
2017_1196_1321,0.763433455
2017_1196_1323,0.646630801
2017_1196_1329,0.643854028
2017_1196_1332,0.507697204
2017_1196_1343,0.861405517
2017_1196_1344,0.811688259
2017_1196_1345,0.567990552
2017_1196_1348,0.772297256
2017_1196_1355,0.94890565
2017_1196_1371,0.783306345
2017_1196_1374,0.630500831
2017_1196_1376,0.750494719
2017_1196_1388,0.625896245
2017_1196_1407,0.941294295
2017_1196_1411,0.962186737
2017_1196_1413,0.965995574
2017_1196_1417,0.443768013
2017_1196_1423,0.822519228
2017_1196_1425,0.770489162
2017_1196_1433,0.750575826
2017_1196_1435,0.76002995
2017_1196_1436,0.838237148
2017_1196_1437,0.458748808
2017_1196_1438,0.595854313
2017_1196_1439,0.771708272
2017_1196_1448,0.741283516
2017_1196_1452,0.542749628
2017_1196_1455,0.54452982
2017_1196_1457,0.909043386
2017_1196_1458,0.484067782
2017_1196_1462,0.785325739
2017_1199_1211,0.336254981
2017_1199_1233,0.913455756
2017_1199_1235,0.566169112
2017_1199_1240,0.938890092
2017_1199_1242,0.41441315
2017_1199_1243,0.651286887
2017_1199_1245,0.915871796
2017_1199_1246,0.276880382
2017_1199_1257,0.472385837
2017_1199_1266,0.669738926
2017_1199_1268,0.710772269
2017_1199_1274,0.694823136
2017_1199_1276,0.540867827
2017_1199_1277,0.71707523
2017_1199_1278,0.677381556
2017_1199_1291,0.957084405
2017_1199_1292,0.761388405
2017_1199_1297,0.918809459
2017_1199_1300,0.930598621
2017_1199_1305,0.783120923
2017_1199_1308,0.857254978
2017_1199_1309,0.928949536
2017_1199_1314,0.407172455
2017_1199_1315,0.931076144
2017_1199_1321,0.705073124
2017_1199_1323,0.575478631
2017_1199_1329,0.572512374
2017_1199_1332,0.433095869
2017_1199_1343,0.821565598
2017_1199_1344,0.761513504
2017_1199_1345,0.493409127
2017_1199_1348,0.715308168
2017_1199_1355,0.932239675
2017_1199_1371,0.728102541
2017_1199_1374,0.55831926
2017_1199_1376,0.690237568
2017_1199_1388,0.553452237
2017_1199_1407,0.922348809
2017_1199_1411,0.949622806
2017_1199_1413,0.954637513
2017_1199_1417,0.371472286
2017_1199_1423,0.774428339
2017_1199_1425,0.713215589
2017_1199_1433,0.690330181
2017_1199_1435,0.701158654
2017_1199_1436,0.793335142
2017_1199_1437,0.385704861
2017_1199_1438,0.522035323
2017_1199_1439,0.714626244
2017_1199_1448,0.67975106
2017_1199_1452,0.467892909
2017_1199_1455,0.469679775
2017_1199_1457,0.881005632
2017_1199_1458,0.410046585
2017_1199_1462,0.730459361
2017_1211_1233,0.954200799
2017_1211_1235,0.720363689
2017_1211_1240,0.968079097
2017_1211_1242,0.58279973
2017_1211_1243,0.78662979
2017_1211_1245,0.955534737
2017_1211_1246,0.430463398
2017_1211_1257,0.63863837
2017_1211_1266,0.800118128
2017_1211_1268,0.829086375
2017_1211_1274,0.817990846
2017_1211_1276,0.699278633
2017_1211_1277,0.833415281
2017_1211_1278,0.805619302
2017_1211_1291,0.977788531
2017_1211_1292,0.862988303
2017_1211_1297,0.957152209
2017_1211_1300,0.963594463
2017_1211_1305,0.876962548
2017_1211_1308,0.922205959
2017_1211_1309,0.962697983
2017_1211_1314,0.575508399
2017_1211_1315,0.963853773
2017_1211_1321,0.825145047
2017_1211_1323,0.727954274
2017_1211_1329,0.725545308
2017_1211_1332,0.601279023
2017_1211_1343,0.900878057
2017_1211_1344,0.863069715
2017_1211_1345,0.657835504
2017_1211_1348,0.832204814
2017_1211_1355,0.964485078
2017_1211_1371,0.840914101
2017_1211_1374,0.713893967
2017_1211_1376,0.814762596
2017_1211_1388,0.709850363
2017_1211_1407,0.959094493
2017_1211_1411,0.973828256
2017_1211_1413,0.976493119
2017_1211_1417,0.538454525
2017_1211_1423,0.871413588
2017_1211_1425,0.830768182
2017_1211_1433,0.814827966
2017_1211_1435,0.822422876
2017_1211_1436,0.883415122
2017_1211_1437,0.5534513
2017_1211_1438,0.683137179
2017_1211_1439,0.831737027
2017_1211_1448,0.807314866
2017_1211_1452,0.634465675
2017_1211_1455,0.636128183
2017_1211_1457,0.935957082
2017_1211_1458,0.578411424
2017_1211_1462,0.842504584
2017_1233_1235,0.110039162
2017_1233_1240,0.592774083
2017_1233_1242,0.062835994
2017_1233_1243,0.150347458
2017_1233_1245,0.507738223
2017_1233_1246,0.035007154
2017_1233_1257,0.078193535
2017_1233_1266,0.161166444
2017_1233_1268,0.18885896
2017_1233_1274,0.177436436
2017_1233_1276,0.100404124
2017_1233_1277,0.193632208
2017_1233_1278,0.165921217
2017_1233_1291,0.678759574
2017_1233_1292,0.232138954
2017_1233_1297,0.517418162
2017_1233_1300,0.559551527
2017_1233_1305,0.254902875
2017_1233_1308,0.362644693
2017_1233_1309,0.553317733
2017_1233_1314,0.061097202
2017_1233_1315,0.561378754
2017_1233_1321,0.18467262
2017_1233_1323,0.11381621
2017_1233_1329,0.112598398
2017_1233_1332,0.067495676
2017_1233_1343,0.303732105
2017_1233_1344,0.23226174
2017_1233_1345,0.084482569
2017_1233_1348,0.192278417
2017_1233_1355,0.565873339
2017_1233_1371,0.202367555
2017_1233_1374,0.106954356
2017_1233_1376,0.174315052
2017_1233_1388,0.105085858
2017_1233_1407,0.52949507
2017_1233_1411,0.64105524
2017_1233_1413,0.665981841
2017_1233_1417,0.053026214
2017_1233_1423,0.245438214
2017_1233_1425,0.190691048
2017_1233_1433,0.17437741
2017_1233_1435,0.181865731
2017_1233_1436,0.26669973
2017_1233_1437,0.056147795
2017_1233_1438,0.09377573
2017_1233_1439,0.191759259
2017_1233_1448,0.167430111
2017_1233_1452,0.076903351
2017_1233_1455,0.077414279
2017_1233_1457,0.412269486
2017_1233_1458,0.061783061
2017_1233_1462,0.204301299
2017_1235_1240,0.921708241
2017_1235_1242,0.351605591
2017_1235_1243,0.588668235
2017_1235_1245,0.89295592
2017_1235_1246,0.226842455
2017_1235_1257,0.406897197
2017_1235_1266,0.608441653
2017_1235_1268,0.653146667
2017_1235_1274,0.635648765
2017_1235_1276,0.474422045
2017_1235_1277,0.660104898
2017_1235_1278,0.616690935
2017_1235_1291,0.944716912
2017_1235_1292,0.709729052
2017_1235_1297,0.896603442
2017_1235_1300,0.911305742
2017_1235_1305,0.73452613
2017_1235_1308,0.821484467
2017_1235_1309,0.909242937
2017_1235_1314,0.344816097
2017_1235_1315,0.911903445
2017_1235_1321,0.64687616
2017_1235_1323,0.509499291
2017_1235_1329,0.506467387
2017_1235_1332,0.369242209
2017_1235_1343,0.779155659
2017_1235_1344,0.709870915
2017_1235_1345,0.42736672
2017_1235_1348,0.658151644
2017_1235_1355,0.91336052
2017_1235_1371,0.672338059
2017_1235_1374,0.49202708
2017_1235_1376,0.630646701
2017_1235_1388,0.487100631
2017_1235_1407,0.901006525
2017_1235_1411,0.93525049
2017_1235_1413,0.941607892
2017_1235_1417,0.311708522
2017_1235_1423,0.724570869
2017_1235_1425,0.655841079
2017_1235_1433,0.6307476
2017_1235_1435,0.642580824
2017_1235_1436,0.746287523
2017_1235_1437,0.324834715
2017_1235_1438,0.455607303
2017_1235_1439,0.657398386
2017_1235_1448,0.619255639
2017_1235_1452,0.402551911
2017_1235_1455,0.40427883
2017_1235_1457,0.850146411
2017_1235_1458,0.347508085
2017_1235_1462,0.674962463
2017_1240_1242,0.04403336
2017_1240_1243,0.108387028
2017_1240_1245,0.414719245
2017_1240_1246,0.02431578
2017_1240_1257,0.05506543
2017_1240_1266,0.116600919
2017_1240_1268,0.137894744
2017_1240_1274,0.129064171
2017_1240_1276,0.071214088
2017_1240_1277,0.141604781
2017_1240_1278,0.120229355
2017_1240_1291,0.592094785
2017_1240_1292,0.17197163
2017_1240_1297,0.424153823
2017_1240_1300,0.466026655
2017_1240_1305,0.190297658
2017_1240_1308,0.281031864
2017_1240_1309,0.459747207
2017_1240_1314,0.042791116
2017_1240_1315,0.467872898
2017_1240_1321,0.13465057
2017_1240_1323,0.081078368
2017_1240_1329,0.080179151
2017_1240_1332,0.047369186
2017_1240_1343,0.230580967
2017_1240_1344,0.172069722
2017_1240_1345,0.059614592
2017_1240_1348,0.14055134
2017_1240_1355,0.472425179
2017_1240_1371,0.148425035
2017_1240_1374,0.076020927
2017_1240_1376,0.126662698
2017_1240_1388,0.074647665
2017_1240_1407,0.4360207
2017_1240_1411,0.550948035
2017_1240_1413,0.578012987
2017_1240_1417,0.037042967
2017_1240_1423,0.182643801
2017_1240_1425,0.139317352
2017_1240_1433,0.126710625
2017_1240_1435,0.132480441
2017_1240_1436,0.19990678
2017_1240_1437,0.039262648
2017_1240_1438,0.066370563
2017_1240_1439,0.140147614
2017_1240_1448,0.121383197
2017_1240_1452,0.054134447
2017_1240_1455,0.054503035
2017_1240_1457,0.325186706
2017_1240_1458,0.043280949
2017_1240_1462,0.149940222
2017_1242_1243,0.725209533
2017_1242_1245,0.938962414
2017_1242_1246,0.351093061
2017_1242_1257,0.55852597
2017_1242_1266,0.741303696
2017_1242_1268,0.776413833
2017_1242_1274,0.762876838
2017_1242_1276,0.624709862
2017_1242_1277,0.781725602
2017_1242_1278,0.747913578
2017_1242_1291,0.969243287
2017_1242_1292,0.818476207
2017_1242_1297,0.941145591
2017_1242_1300,0.949868424
2017_1242_1305,0.836128298
2017_1242_1308,0.894582315
2017_1242_1309,0.948651955
2017_1242_1314,0.492521648
2017_1242_1315,0.950220452
2017_1242_1321,0.771592484
2017_1242_1323,0.657008397
2017_1242_1329,0.654269571
2017_1242_1332,0.519120667
2017_1242_1343,0.866775211
2017_1242_1344,0.818578508
2017_1242_1345,0.579174624
2017_1242_1348,0.780238579
2017_1242_1355,0.951077781
2017_1242_1371,0.790967638
2017_1242_1374,0.641089201
2017_1242_1376,0.758959101
2017_1242_1388,0.6365405
2017_1242_1407,0.943770827
2017_1242_1411,0.963815791
2017_1242_1413,0.967466085
2017_1242_1417,0.455082724
2017_1242_1423,0.829096618
2017_1242_1425,0.778475456
2017_1242_1433,0.759038341
2017_1242_1435,0.768270733
2017_1242_1436,0.844342272
2017_1242_1437,0.470122651
2017_1242_1438,0.606816378
2017_1242_1439,0.779664275
2017_1242_1448,0.749956273
2017_1242_1452,0.55407413
2017_1242_1455,0.555846312
2017_1242_1457,0.912754338
2017_1242_1458,0.495494692
2017_1242_1462,0.792934509
2017_1243_1245,0.853564225
2017_1243_1246,0.170132324
2017_1243_1257,0.324039365
2017_1243_1266,0.52056435
2017_1243_1268,0.568181865
2017_1243_1274,0.549355048
2017_1243_1276,0.386780912
2017_1243_1277,0.575737401
2017_1243_1278,0.52923255
2017_1243_1291,0.922724634
2017_1243_1292,0.630789632
2017_1243_1297,0.858341079
2017_1243_1300,0.877742162
2017_1243_1305,0.659091104
2017_1243_1308,0.762778748
2017_1243_1309,0.87500582
2017_1243_1314,0.268869193
2017_1243_1315,0.878535901
2017_1243_1321,0.561406789
2017_1243_1323,0.420563422
2017_1243_1329,0.417610165
2017_1243_1332,0.290299115
2017_1243_1343,0.711419887
2017_1243_1344,0.630950014
2017_1243_1345,0.342749426
2017_1243_1348,0.573612489
2017_1243_1355,0.880472521
2017_1243_1371,0.589116979
2017_1243_1374,0.403631354
2017_1243_1376,0.544018127
2017_1243_1388,0.398894957
2017_1243_1407,0.864126622
2017_1243_1411,0.909851707
2017_1243_1413,0.918485525
2017_1243_1417,0.240378314
2017_1243_1423,0.647663951
2017_1243_1425,0.571102886
2017_1243_1433,0.544125584
2017_1243_1435,0.556784138
2017_1243_1436,0.672705364
2017_1243_1437,0.251598752
2017_1243_1438,0.369001623
2017_1243_1439,0.572793864
2017_1243_1448,0.53193829
2017_1243_1452,0.320101368
2017_1243_1455,0.321665016
2017_1243_1457,0.798554956
2017_1243_1458,0.2712137
2017_1243_1462,0.592003452
2017_1245_1246,0.033976351
2017_1245_1257,0.075991225
2017_1245_1266,0.157025298
2017_1245_1268,0.184162478
2017_1245_1274,0.172963436
2017_1245_1276,0.097642519
2017_1245_1277,0.188844661
2017_1245_1278,0.161681446
2017_1245_1291,0.671972899
2017_1245_1292,0.226666956
2017_1245_1297,0.509685161
2017_1245_1300,0.551908987
2017_1245_1305,0.249068336
2017_1245_1308,0.355520729
2017_1245_1309,0.545654856
2017_1245_1314,0.059345409
2017_1245_1315,0.553742634
2017_1245_1321,0.180057133
2017_1245_1323,0.110731115
2017_1245_1329,0.109542232
2017_1245_1332,0.065573236
2017_1245_1343,0.297225747
2017_1245_1344,0.226787701
2017_1245_1345,0.082118909
2017_1245_1348,0.187516559
2017_1245_1355,0.558253893
2017_1245_1371,0.197416904
2017_1245_1374,0.104033423
2017_1245_1376,0.169904486
2017_1245_1388,0.102210113
2017_1245_1407,0.521776727
2017_1245_1411,0.63390164
2017_1245_1413,0.659060812
2017_1245_1417,0.051493142
2017_1245_1423,0.239750606
2017_1245_1425,0.185959451
2017_1245_1433,0.169965591
2017_1245_1435,0.177305141
2017_1245_1436,0.260689643
2017_1245_1437,0.05452967
2017_1245_1438,0.09117796
2017_1245_1439,0.187007281
2017_1245_1448,0.163159326
2017_1245_1452,0.074734434
2017_1245_1455,0.075232126
2017_1245_1457,0.404789807
2017_1245_1458,0.06001286
2017_1245_1462,0.199315163
2017_1246_1257,0.700445442
2017_1246_1266,0.841174575
2017_1246_1268,0.865195135
2017_1246_1274,0.856036709
2017_1246_1276,0.754697689
2017_1246_1277,0.868754254
2017_1246_1278,0.845763607
2017_1246_1291,0.983120725
2017_1246_1292,0.892860209
2017_1246_1297,0.967272644
2017_1246_1300,0.972237405
2017_1246_1305,0.904126203
2017_1246_1308,0.940063655
2017_1246_1309,0.971547472
2017_1246_1314,0.642061372
2017_1246_1315,0.972436914
2017_1246_1321,0.861947837
2017_1246_1323,0.779753218
2017_1246_1329,0.777662838
2017_1246_1332,0.666135522
2017_1246_1343,0.923224002
2017_1246_1344,0.892926073
2017_1246_1345,0.717809949
2017_1246_1348,0.867759828
2017_1246_1355,0.972922523
2017_1246_1371,0.874901071
2017_1246_1374,0.767515071
2017_1246_1376,0.853362298
2017_1246_1388,0.763978756
2017_1246_1407,0.968771138
2017_1246_1411,0.980091816
2017_1246_1413,0.982130613
2017_1246_1417,0.606848279
2017_1246_1423,0.89966215
2017_1246_1425,0.866578807
2017_1246_1433,0.853416498
2017_1246_1435,0.859701199
2017_1246_1436,0.909301541
2017_1246_1437,0.621186192
2017_1246_1438,0.740426698
2017_1246_1439,0.867375367
2017_1246_1448,0.847175425
2017_1246_1452,0.696647438
2017_1246_1455,0.698161677
2017_1246_1457,0.950826509
2017_1246_1458,0.644790173
2017_1246_1462,0.876201788
2017_1257_1266,0.693721054
2017_1257_1268,0.73296278
2017_1257_1274,0.717751395
2017_1257_1276,0.568174243
2017_1257_1277,0.738959759
2017_1257_1278,0.701056426
2017_1257_1291,0.961403235
2017_1257_1292,0.780892612
2017_1257_1297,0.926685048
2017_1257_1300,0.937408548
2017_1257_1305,0.801312271
2017_1257_1308,0.870258308
2017_1257_1309,0.935910133
2017_1257_1314,0.43411103
2017_1257_1315,0.937842344
2017_1257_1321,0.727533274
2017_1257_1323,0.602240404
2017_1257_1329,0.599330949
2017_1257_1332,0.460417517
2017_1257_1343,0.837202641
2017_1257_1344,0.781010426
2017_1257_1345,0.521038606
2017_1257_1348,0.737279303
2017_1257_1355,0.938899148
2017_1257_1371,0.749432151
2017_1257_1374,0.585383404
2017_1257_1376,0.713368224
2017_1257_1388,0.580590581
2017_1257_1407,0.929907267
2017_1257_1411,0.954656963
2017_1257_1413,0.959192088
2017_1257_1417,0.397633173
2017_1257_1423,0.793156223
2017_1257_1425,0.735288455
2017_1257_1433,0.713456792
2017_1257_1435,0.723800132
2017_1257_1436,0.810876647
2017_1257_1437,0.412210715
2017_1257_1438,0.549528935
2017_1257_1439,0.736630629
2017_1257_1448,0.703328202
2017_1257_1452,0.495491082
2017_1257_1455,0.497284845
2017_1257_1457,0.892117677
2017_1257_1458,0.437035132
2017_1257_1462,0.751667143
2017_1266_1268,0.547886082
2017_1266_1274,0.52890806
2017_1266_1276,0.367451005
2017_1266_1277,0.555518932
2017_1266_1278,0.508689094
2017_1266_1291,0.916648067
2017_1266_1292,0.611424028
2017_1266_1297,0.848035494
2017_1266_1300,0.868631977
2017_1266_1305,0.640363612
2017_1266_1308,0.747565652
2017_1266_1309,0.865722926
2017_1266_1314,0.253000845
2017_1266_1315,0.869476067
2017_1266_1321,0.541049788
2017_1266_1323,0.400648261
2017_1266_1329,0.397738857
2017_1266_1332,0.273639361
2017_1266_1343,0.694233421
2017_1266_1344,0.611587643
2017_1266_1345,0.324455745
2017_1266_1348,0.553371311
2017_1266_1355,0.871536015
2017_1266_1371,0.569058867
2017_1266_1374,0.383986646
2017_1266_1376,0.523539008
2017_1266_1388,0.379334141
2017_1266_1407,0.854170423
2017_1266_1411,0.902869429
2017_1266_1413,0.912107366
2017_1266_1417,0.22567245
2017_1266_1423,0.628662393
2017_1266_1425,0.550835862
2017_1266_1433,0.523647065
2017_1266_1435,0.536389762
2017_1266_1436,0.654333522
2017_1266_1437,0.236420088
2017_1266_1438,0.350053039
2017_1266_1439,0.55254414
2017_1266_1448,0.5114039
2017_1266_1452,0.30246021
2017_1266_1455,0.303976212
2017_1266_1457,0.784989479
2017_1266_1458,0.255255291
2017_1266_1462,0.571983873
2017_1268_1274,0.480916308
2017_1268_1276,0.324032561
2017_1268_1277,0.507714893
2017_1268_1278,0.460737666
2017_1268_1291,0.900743989
2017_1268_1292,0.564923587
2017_1268_1297,0.821587815
2017_1268_1300,0.845114188
2017_1268_1305,0.595032561
2017_1268_1308,0.709619693
2017_1268_1309,0.841779213
2017_1268_1314,0.218435922
2017_1268_1315,0.846082613
2017_1268_1321,0.493109527
2017_1268_1323,0.355511826
2017_1268_1329,0.352737289
2017_1268_1332,0.237149957
2017_1268_1343,0.652002486
2017_1268_1344,0.565092854
2017_1268_1345,0.283838003
2017_1268_1348,0.505541883
2017_1268_1355,0.848447407
2017_1268_1371,0.521456609
2017_1268_1374,0.339663513
2017_1268_1376,0.475542653
2017_1268_1388,0.335255769
2017_1268_1407,0.828574625
2017_1268_1411,0.884667089
2017_1268_1413,0.895435726
2017_1268_1417,0.193872128
2017_1268_1423,0.582817306
2017_1268_1425,0.502978785
2017_1268_1433,0.475650693
2017_1268_1435,0.488422985
2017_1268_1436,0.609690065
2017_1268_1437,0.203503305
2017_1268_1438,0.307690376
2017_1268_1439,0.504705415
2017_1268_1448,0.463437953
2017_1268_1452,0.263521898
2017_1268_1455,0.264916854
2017_1268_1457,0.750793756
2017_1268_1458,0.220473271
2017_1268_1462,0.524434699
2017_1274_1276,0.340980231
2017_1274_1277,0.526782812
2017_1274_1278,0.479760699
2017_1274_1291,0.907366068
2017_1274_1292,0.583592999
2017_1274_1297,0.832508967
2017_1274_1300,0.854849646
2017_1274_1305,0.613294383
2017_1274_1308,0.725101476
2017_1274_1309,0.851687506
2017_1274_1314,0.231754172
2017_1274_1315,0.855767589
2017_1274_1321,0.512199636
2017_1274_1323,0.373196948
2017_1274_1329,0.370363705
2017_1274_1332,0.251242428
2017_1274_1343,0.669123822
2017_1274_1344,0.583760354
2017_1274_1345,0.299615211
2017_1274_1348,0.524615163
2017_1274_1355,0.858008554
2017_1274_1371,0.540474009
2017_1274_1374,0.356996956
2017_1274_1376,0.494616294
2017_1274_1388,0.352484347
2017_1274_1407,0.839151824
2017_1274_1411,0.892233445
2017_1274_1413,0.902373573
2017_1274_1417,0.206087617
2017_1274_1423,0.601260843
2017_1274_1425,0.522057462
2017_1274_1433,0.49472458
2017_1274_1435,0.507513317
2017_1274_1436,0.627704467
2017_1274_1437,0.21616291
2017_1274_1438,0.32419324
2017_1274_1439,0.523780566
2017_1274_1448,0.482472727
2017_1274_1452,0.278609153
2017_1274_1455,0.280053604
2017_1274_1457,0.764807891
2017_1274_1458,0.233878568
2017_1274_1462,0.543437371
2017_1276_1277,0.682690272
2017_1276_1278,0.6405904
2017_1276_1291,0.949827794
2017_1276_1292,0.730363913
2017_1276_1297,0.905718469
2017_1276_1300,0.919241415
2017_1276_1305,0.754009187
2017_1276_1308,0.836010479
2017_1276_1309,0.917346434
2017_1276_1314,0.368303081
2017_1276_1315,0.919790347
2017_1276_1321,0.669900985
2017_1276_1323,0.535043187
2017_1276_1329,0.532024152
2017_1276_1332,0.393393982
2017_1276_1343,0.796271817
2017_1276_1344,0.730499521
2017_1276_1345,0.452592378
2017_1276_1348,0.680804048
2017_1276_1355,0.921128259
2017_1276_1371,0.69448678
2017_1276_1374,0.517619408
2017_1276_1376,0.654163992
2017_1276_1388,0.512695341
2017_1276_1407,0.909772455
2017_1276_1411,0.941182048
2017_1276_1413,0.946990072
2017_1276_1417,0.334090319
2017_1276_1423,0.744530431
2017_1276_1425,0.678571817
2017_1276_1433,0.654261988
2017_1276_1435,0.665740999
2017_1276_1436,0.765183355
2017_1276_1437,0.347682923
2017_1276_1438,0.481099414
2017_1276_1439,0.680076441
2017_1276_1448,0.643087743
2017_1276_1452,0.427406098
2017_1276_1455,0.42916305
2017_1276_1457,0.862729888
2017_1276_1458,0.371074581
2017_1276_1462,0.697013729
2017_1277_1278,0.453079623
2017_1277_1291,0.897950465
2017_1277_1292,0.557323543
2017_1277_1297,0.817019039
2017_1277_1300,0.841031305
2017_1277_1305,0.587574495
2017_1277_1308,0.703219381
2017_1277_1309,0.837625309
2017_1277_1314,0.213212907
2017_1277_1315,0.842020486
2017_1277_1321,0.48539774
2017_1277_1323,0.348472571
2017_1277_1329,0.3457235
2017_1277_1332,0.231612076
2017_1277_1343,0.644967598
2017_1277_1344,0.55749345
2017_1277_1345,0.277606623
2017_1277_1348,0.497826619
2017_1277_1355,0.844436215
2017_1277_1371,0.513750821
2017_1277_1374,0.332776031
2017_1277_1376,0.467852024
2017_1277_1388,0.328413213
2017_1277_1407,0.824146472
2017_1277_1411,0.881480623
2017_1277_1413,0.892510631
2017_1277_1417,0.189094353
2017_1277_1423,0.575294845
2017_1277_1425,0.495263457
2017_1277_1433,0.467959876
2017_1277_1435,0.480714982
2017_1277_1436,0.60232153
2017_1277_1437,0.198546638
2017_1277_1438,0.301155544
2017_1277_1439,0.496990086
2017_1277_1448,0.455772961
2017_1277_1452,0.257576121
2017_1277_1455,0.258950669
2017_1277_1457,0.744974819
2017_1277_1458,0.215214955
2017_1277_1462,0.516732424
2017_1278_1291,0.913953506
2017_1278_1292,0.603134342
2017_1278_1297,0.843501551
2017_1278_1300,0.864614437
2017_1278_1305,0.632320045
2017_1278_1308,0.740949807
2017_1278_1309,0.861630592
2017_1278_1314,0.246488099
2017_1278_1315,0.865480343
2017_1278_1321,0.53240693
2017_1278_1323,0.392330959
2017_1278_1329,0.389442708
2017_1278_1332,0.26678508
2017_1278_1343,0.686805422
2017_1278_1344,0.603299182
2017_1278_1345,0.316883894
2017_1278_1348,0.544765256
2017_1278_1355,0.867593749
2017_1278_1371,0.560515023
2017_1278_1374,0.375798358
2017_1278_1376,0.514862073
2017_1278_1388,0.371185284
2017_1278_1407,0.849787097
2017_1278_1411,0.899778141
2017_1278_1413,0.909280544
2017_1278_1417,0.219656329
2017_1278_1423,0.62051221
2017_1278_1425,0.542221367
2017_1278_1433,0.514970274
2017_1278_1435,0.527735747
2017_1278_1436,0.646429888
2017_1278_1437,0.23020263
2017_1278_1438,0.342186408
2017_1278_1439,0.543935282
2017_1278_1448,0.502715882
2017_1278_1452,0.295177381
2017_1278_1455,0.296672404
2017_1278_1457,0.779064576
2017_1278_1458,0.248703832
2017_1278_1462,0.563453533
2017_1291_1292,0.125170763
2017_1291_1297,0.336623794
2017_1291_1300,0.37549012
2017_1291_1305,0.139348804
2017_1291_1308,0.21215556
2017_1291_1309,0.369586236
2017_1291_1314,0.029877316
2017_1291_1315,0.377231078
2017_1291_1321,0.09681878
2017_1291_1323,0.05730167
2017_1291_1329,0.056649898
2017_1291_1332,0.03312159
2017_1291_1343,0.17112635
2017_1291_1344,0.125246199
2017_1291_1345,0.041845638
2017_1291_1348,0.101255646
2017_1291_1355,0.381533773
2017_1291_1371,0.107202577
2017_1291_1374,0.053640778
2017_1291_1376,0.090839608
2017_1291_1388,0.052648761
2017_1291_1407,0.347519669
2017_1291_1411,0.45806623
2017_1291_1413,0.485501541
2017_1291_1417,0.025817096
2017_1291_1423,0.133406509
2017_1291_1425,0.100326386
2017_1291_1433,0.090875391
2017_1291_1435,0.095191305
2017_1291_1436,0.146851846
2017_1291_1437,0.027383231
2017_1291_1438,0.046687875
2017_1291_1439,0.100951536
2017_1291_1448,0.086904688
2017_1291_1452,0.037933037
2017_1291_1455,0.038195768
2017_1291_1457,0.249240241
2017_1291_1458,0.030223991
2017_1291_1462,0.10835049
2017_1292_1297,0.780052699
2017_1292_1300,0.80777466
2017_1292_1305,0.530870849
2017_1292_1308,0.653026413
2017_1292_1309,0.803822328
2017_1292_1314,0.177121411
2017_1292_1315,0.808923765
2017_1292_1321,0.428314216
2017_1292_1323,0.298161767
2017_1292_1329,0.295629503
2017_1292_1332,0.193170741
2017_1292_1343,0.590657532
2017_1292_1344,0.500172177
2017_1292_1345,0.233854759
2017_1292_1348,0.440532711
2017_1292_1355,0.811732432
2017_1292_1371,0.45628946
2017_1292_1374,0.283744477
2017_1292_1376,0.41118318
2017_1292_1388,0.279754958
2017_1292_1407,0.788246846
2017_1292_1411,0.855229457
2017_1292_1413,0.868337622
2017_1292_1417,0.1562746
2017_1292_1423,0.518287021
2017_1292_1425,0.438007242
2017_1292_1433,0.411288065
2017_1292_1435,0.423728706
2017_1292_1436,0.546079082
2017_1292_1437,0.16441896
2017_1292_1438,0.255002391
2017_1292_1439,0.439708153
2017_1292_1448,0.399468904
2017_1292_1452,0.216037051
2017_1292_1455,0.217254795
2017_1292_1457,0.698819209
2017_1292_1458,0.178861605
2017_1292_1462,0.459252547
2017_1297_1300,0.542308909
2017_1297_1305,0.241892305
2017_1297_1308,0.346693658
2017_1297_1309,0.536033427
2017_1297_1314,0.057219068
2017_1297_1315,0.544149393
2017_1297_1321,0.174407623
2017_1297_1323,0.106973008
2017_1297_1329,0.105819674
2017_1297_1332,0.063238755
2017_1297_1343,0.289196575
2017_1297_1344,0.220065485
2017_1297_1345,0.079245338
2017_1297_1348,0.181684861
2017_1297_1355,0.54867859
2017_1297_1371,0.191349822
2017_1297_1374,0.100476946
2017_1297_1376,0.164509614
2017_1297_1388,0.0987091
2017_1297_1407,0.512101777
2017_1297_1411,0.624864204
2017_1297_1413,0.650301829
2017_1297_1417,0.049633302
2017_1297_1423,0.232759822
2017_1297_1425,0.18016544
2017_1297_1433,0.164569163
2017_1297_1435,0.171723893
2017_1297_1436,0.253291724
2017_1297_1437,0.052566235
2017_1297_1438,0.088017785
2017_1297_1439,0.181187889
2017_1297_1448,0.157937879
2017_1297_1452,0.072098969
2017_1297_1455,0.072580487
2017_1297_1457,0.395490131
2017_1297_1458,0.057864076
2017_1297_1462,0.193203787
2017_1300_1305,0.212156686
2017_1300_1308,0.30933162
2017_1300_1309,0.493686014
2017_1300_1314,0.048726062
2017_1300_1315,0.501854339
2017_1300_1321,0.151312058
2017_1300_1323,0.091814238
2017_1300_1329,0.090807719
2017_1300_1332,0.053903334
2017_1300_1343,0.255606514
2017_1300_1344,0.192332301
2017_1300_1345,0.06771781
2017_1300_1348,0.157809827
2017_1300_1355,0.506422591
2017_1300_1371,0.166463083
2017_1300_1374,0.086149906
2017_1300_1376,0.14249854
2017_1300_1388,0.084610427
2017_1300_1407,0.469730875
2017_1300_1411,0.58433747
2017_1300_1413,0.61081157
2017_1300_1417,0.042215831
2017_1300_1423,0.203844985
2017_1300_1425,0.156451898
2017_1300_1433,0.142551481
2017_1300_1435,0.148919612
2017_1300_1436,0.222566185
2017_1300_1437,0.04473108
2017_1300_1438,0.075318547
2017_1300_1439,0.157365603
2017_1300_1448,0.136662265
2017_1300_1452,0.061541515
2017_1300_1455,0.061957232
2017_1300_1457,0.355732846
2017_1300_1458,0.049280335
2017_1300_1462,0.168126056
2017_1305_1308,0.624508301
2017_1305_1309,0.783590965
2017_1305_1314,0.159813834
2017_1305_1315,0.789080456
2017_1305_1321,0.398343233
2017_1305_1323,0.272949842
2017_1305_1329,0.270549159
2017_1305_1332,0.174627701
2017_1305_1343,0.560463554
2017_1305_1344,0.469300676
2017_1305_1345,0.212434608
2017_1305_1348,0.4103204
2017_1305_1355,0.792105841
2017_1305_1371,0.425819005
2017_1305_1374,0.25930124
2017_1305_1376,0.381610754
2017_1305_1388,0.255532788
2017_1305_1407,0.766875068
2017_1305_1411,0.839239321
2017_1305_1413,0.853547373
2017_1305_1417,0.140655889
2017_1305_1423,0.487387692
2017_1305_1425,0.407841871
2017_1305_1433,0.381712986
2017_1305_1435,0.393857533
2017_1305_1436,0.515295263
2017_1305_1437,0.148129176
2017_1305_1438,0.232232354
2017_1305_1439,0.409510999
2017_1305_1448,0.370209268
2017_1305_1452,0.195831773
2017_1305_1455,0.196964239
2017_1305_1457,0.672175416
2017_1305_1458,0.16141734
2017_1305_1462,0.428740251
2017_1308_1309,0.68524645
2017_1308_1314,0.102629616
2017_1308_1315,0.692250827
2017_1308_1321,0.284733539
2017_1308_1323,0.18415664
2017_1308_1329,0.18234106
2017_1308_1332,0.112854811
2017_1308_1343,0.433966806
2017_1308_1344,0.347129653
2017_1308_1345,0.139549052
2017_1308_1348,0.294969464
2017_1308_1355,0.696130258
2017_1308_1371,0.308389671
2017_1308_1374,0.173886155
2017_1308_1376,0.27062671
2017_1308_1388,0.171072346
2017_1308_1407,0.664189648
2017_1308_1411,0.75838596
2017_1308_1413,0.777986465
2017_1308_1417,0.089595714
2017_1308_1423,0.363735318
2017_1308_1425,0.292841683
2017_1308_1433,0.270712225
2017_1308_1435,0.280929823
2017_1308_1436,0.389948641
2017_1308_1437,0.094654908
2017_1308_1438,0.153881447
2017_1308_1439,0.294274053
2017_1308_1448,0.261140845
2017_1308_1452,0.127718814
2017_1308_1455,0.128520343
2017_1308_1457,0.552137892
2017_1308_1458,0.103730196
2017_1308_1462,0.310941581
2017_1309_1314,0.049910217
2017_1309_1315,0.508167942
2017_1309_1321,0.154584159
2017_1309_1323,0.093942125
2017_1309_1329,0.092914666
2017_1309_1332,0.055206007
2017_1309_1343,0.260441854
2017_1309_1344,0.196286299
2017_1309_1345,0.069329871
2017_1309_1348,0.161195753
2017_1309_1355,0.512734511
2017_1309_1371,0.169997195
2017_1309_1374,0.08815926
2017_1309_1376,0.14561275
2017_1309_1388,0.086587277
2017_1309_1407,0.476026533
2017_1309_1411,0.590458777
2017_1309_1413,0.616798676
2017_1309_1417,0.043248965
2017_1309_1423,0.207974717
2017_1309_1425,0.159814217
2017_1309_1433,0.145666652
2017_1309_1435,0.152149251
2017_1309_1436,0.226967069
2017_1309_1437,0.045822824
2017_1309_1438,0.077096584
2017_1309_1439,0.160743817
2017_1309_1448,0.139669702
2017_1309_1452,0.063016484
2017_1309_1455,0.063441491
2017_1309_1457,0.361542346
2017_1309_1458,0.050477246
2017_1309_1462,0.171688201
2017_1314_1315,0.951616599
2017_1314_1321,0.776821864
2017_1314_1323,0.663717823
2017_1314_1329,0.661004929
2017_1314_1332,0.526583815
2017_1314_1343,0.870192003
2017_1314_1344,0.822978945
2017_1314_1345,0.586448234
2017_1314_1348,0.785325082
2017_1314_1355,0.952451087
2017_1314_1371,0.79587078
2017_1314_1374,0.647943165
2017_1314_1376,0.764389401
2017_1314_1388,0.643433016
2017_1314_1407,0.945337459
2017_1314_1411,0.964844742
2017_1314_1413,0.968394639
2017_1314_1417,0.462510705
2017_1314_1423,0.833293892
2017_1314_1425,0.783591449
2017_1314_1433,0.764467409
2017_1314_1435,0.773553845
2017_1314_1436,0.84823366
2017_1314_1437,0.477580966
2017_1314_1438,0.613930695
2017_1314_1439,0.784760404
2017_1314_1448,0.755524061
2017_1314_1452,0.561453079
2017_1314_1455,0.563219054
2017_1314_1457,0.915107405
2017_1314_1458,0.502973445
2017_1314_1462,0.797803309
2017_1315_1321,0.150362003
2017_1315_1323,0.091197613
2017_1315_1329,0.090197183
2017_1315_1332,0.053526313
2017_1315_1343,0.254197754
2017_1315_1344,0.191182708
2017_1315_1345,0.067251033
2017_1315_1348,0.156826513
2017_1315_1355,0.50456847
2017_1315_1371,0.165436442
2017_1315_1374,0.085567738
2017_1315_1376,0.14159459
2017_1315_1388,0.084037706
2017_1315_1407,0.467883746
2017_1315_1411,0.582534762
2017_1315_1413,0.609046859
2017_1315_1417,0.041916935
2017_1315_1423,0.202643845
2017_1315_1425,0.155475483
2017_1315_1433,0.141647251
2017_1315_1435,0.147981959
2017_1315_1436,0.221285392
2017_1315_1437,0.044415201
2017_1315_1438,0.074803582
2017_1315_1439,0.156384543
2017_1315_1448,0.135789475
2017_1315_1452,0.06111452
2017_1315_1455,0.061527542
2017_1315_1457,0.354034701
2017_1315_1458,0.048933977
2017_1315_1462,0.167091214
2017_1321_1323,0.361852144
2017_1321_1329,0.359055692
2017_1321_1332,0.242172561
2017_1321_1343,0.658230058
2017_1321_1344,0.571854414
2017_1321_1345,0.289474199
2017_1321_1348,0.512430458
2017_1321_1355,0.851957724
2017_1321_1371,0.528330328
2017_1321_1374,0.345872871
2017_1321_1376,0.482421276
2017_1321_1388,0.341426212
2017_1321_1407,0.832454346
2017_1321_1411,0.88744976
2017_1321_1413,0.897988539
2017_1321_1417,0.198216312
2017_1321_1423,0.589503478
2017_1321_1425,0.509868448
2017_1321_1433,0.482529441
2017_1321_1435,0.495311962
2017_1321_1436,0.616229147
2017_1321_1437,0.208007613
2017_1321_1438,0.313592813
2017_1321_1439,0.511594384
2017_1321_1448,0.470298495
2017_1321_1452,0.268906151
2017_1321_1455,0.270319147
2017_1321_1457,0.755915253
2017_1321_1458,0.225246968
2017_1321_1462,0.53130409
2017_1323_1329,0.496967351
2017_1323_1332,0.360436331
2017_1323_1343,0.772547311
2017_1323_1344,0.701982333
2017_1323_1345,0.41809348
2017_1323_1348,0.649551053
2017_1323_1355,0.910305707
2017_1323_1371,0.663912124
2017_1323_1374,0.482533081
2017_1323_1376,0.621751812
2017_1323_1388,0.477612313
2017_1323_1407,0.897564976
2017_1323_1411,0.932910801
2017_1323_1413,0.93948306
2017_1323_1417,0.303614281
2017_1323_1423,0.716922591
2017_1323_1425,0.647213516
2017_1323_1433,0.621853683
2017_1323_1435,0.633806453
2017_1323_1436,0.739025084
2017_1323_1437,0.316556386
2017_1323_1438,0.446198764
2017_1323_1439,0.648788956
2017_1323_1448,0.61025596
2017_1323_1452,0.393447159
2017_1323_1455,0.395160854
2017_1323_1457,0.845240395
2017_1323_1458,0.338942006
2017_1323_1462,0.666570547
2017_1329_1332,0.363237442
2017_1329_1343,0.774671851
2017_1329_1344,0.704513889
2017_1329_1345,0.421047684
2017_1329_1348,0.652307395
2017_1329_1355,0.911291255
2017_1329_1371,0.666613487
2017_1329_1374,0.485562671
2017_1329_1376,0.624600436
2017_1329_1388,0.480639705
2017_1329_1407,0.898674935
2017_1329_1411,0.933666068
2017_1329_1413,0.940169083
2017_1329_1417,0.30618521
2017_1329_1423,0.719377969
2017_1329_1425,0.649978336
2017_1329_1433,0.624702003
2017_1329_1435,0.636617351
2017_1329_1436,0.741357911
2017_1329_1437,0.319186674
2017_1329_1438,0.449198258
2017_1329_1439,0.651548076
2017_1329_1448,0.613137291
2017_1329_1452,0.39634583
2017_1329_1455,0.398063864
2017_1329_1457,0.846820569
2017_1329_1458,0.341665312
2017_1329_1462,0.669261187
2017_1332_1343,0.8576884
2017_1332_1344,0.806936576
2017_1332_1345,0.560419828
2017_1332_1348,0.766837137
2017_1332_1355,0.947391972
2017_1332_1371,0.778034341
2017_1332_1374,0.623299038
2017_1332_1376,0.744684629
2017_1332_1388,0.618658987
2017_1332_1407,0.93956949
2017_1332_1411,0.961050364
2017_1332_1413,0.964969497
2017_1332_1417,0.4361813
2017_1332_1423,0.817979556
2017_1332_1425,0.76499888
2017_1332_1433,0.744766983
2017_1332_1435,0.75436923
2017_1332_1436,0.834018385
2017_1332_1437,0.451113694
2017_1332_1438,0.588418051
2017_1332_1439,0.766238305
2017_1332_1448,0.735334573
2017_1332_1452,0.535098621
2017_1332_1455,0.536883183
2017_1332_1457,0.906465189
2017_1332_1458,0.476382163
2017_1332_1462,0.780089073
2017_1343_1344,0.409508996
2017_1343_1345,0.174602119
2017_1343_1348,0.353044227
2017_1343_1355,0.74925114
2017_1343_1371,0.367728531
2017_1343_1374,0.215405096
2017_1343_1376,0.326125731
2017_1343_1388,0.212091921
2017_1343_1407,0.720653568
2017_1343_1411,0.803692675
2017_1343_1413,0.820487739
2017_1343_1417,0.113760022
2017_1343_1423,0.427146366
2017_1343_1425,0.350705908
2017_1343_1433,0.32622094
2017_1343_1435,0.337563877
2017_1343_1436,0.454664001
2017_1343_1437,0.120003843
2017_1343_1438,0.191732433
2017_1343_1439,0.352280312
2017_1343_1448,0.315536115
2017_1343_1452,0.160354058
2017_1343_1455,0.161322519
2017_1343_1457,0.61656582
2017_1343_1458,0.131157434
2017_1343_1462,0.370508416
2017_1344_1345,0.233731388
2017_1344_1348,0.440362977
2017_1344_1355,0.811627159
2017_1344_1371,0.456118604
2017_1344_1374,0.283604529
2017_1344_1376,0.411016446
2017_1344_1388,0.27961621
2017_1344_1407,0.788131868
2017_1344_1411,0.855144166
2017_1344_1413,0.868258863
2017_1344_1417,0.156183813
2017_1344_1423,0.518115072
2017_1344_1425,0.437837719
2017_1344_1433,0.411121318
2017_1344_1435,0.423560544
2017_1344_1436,0.545908362
2017_1344_1437,0.164324363
2017_1344_1438,0.254871575
2017_1344_1439,0.439538487
2017_1344_1448,0.399303699
2017_1344_1452,0.215920431
2017_1344_1455,0.217137699
2017_1344_1457,0.698674236
2017_1344_1458,0.178760477
2017_1344_1462,0.459081518
2017_1345_1348,0.72064659
2017_1345_1355,0.933886263
2017_1345_1371,0.733290503
2017_1345_1374,0.564810487
2017_1345_1376,0.695846209
2017_1345_1388,0.559958617
2017_1345_1407,0.924216208
2017_1345_1411,0.950869243
2017_1345_1413,0.955765655
2017_1345_1417,0.377648578
2017_1345_1423,0.779000673
2017_1345_1425,0.718577812
2017_1345_1433,0.695937883
2017_1345_1435,0.706653592
2017_1345_1436,0.797624385
2017_1345_1437,0.391970217
2017_1345_1438,0.528609576
2017_1345_1439,0.719972448
2017_1345_1448,0.685463048
2017_1345_1452,0.474462166
2017_1345_1455,0.476251665
2017_1345_1457,0.883741956
2017_1345_1458,0.416439295
2017_1345_1462,0.735618682
2017_1348_1355,0.845574819
2017_1348_1371,0.515922299
2017_1348_1374,0.334709117
2017_1348_1376,0.470017025
2017_1348_1388,0.330333504
2017_1348_1407,0.825402875
2017_1348_1411,0.882385856
2017_1348_1413,0.893341812
2017_1348_1417,0.190431011
2017_1348_1423,0.57741755
2017_1348_1425,0.497436732
2017_1348_1433,0.470124935
2017_1348_1435,0.482885493
2017_1348_1436,0.604402041
2017_1348_1437,0.199933638
2017_1348_1438,0.302988359
2017_1348_1439,0.499163444
2017_1348_1448,0.457930167
2017_1348_1452,0.259242101
2017_1348_1455,0.260622418
2017_1348_1457,0.746622968
2017_1348_1458,0.216686914
2017_1348_1462,0.518903055
2017_1355_1371,0.16292875
2017_1355_1374,0.08414863
2017_1355_1376,0.139387933
2017_1355_1388,0.082641679
2017_1355_1407,0.463336793
2017_1355_1411,0.578084061
2017_1355_1413,0.604687
2017_1355_1417,0.04118915
2017_1355_1423,0.199707122
2017_1355_1425,0.153091082
2017_1355_1433,0.139439907
2017_1355_1435,0.145692654
2017_1355_1436,0.218152427
2017_1355_1437,0.043646016
2017_1355_1438,0.073548634
2017_1355_1439,0.153988742
2017_1355_1448,0.133659201
2017_1355_1452,0.060074316
2017_1355_1455,0.060480761
2017_1355_1457,0.34986669
2017_1355_1458,0.048090473
2017_1355_1462,0.164563384
2017_1371_1374,0.32067462
2017_1371_1376,0.45418222
2017_1371_1388,0.316395224
2017_1371_1407,0.816030191
2017_1371_1411,0.875611133
2017_1371_1413,0.887117433
2017_1371_1417,0.180802082
2017_1371_1423,0.561799966
2017_1371_1425,0.481517451
2017_1371_1433,0.454289611
2017_1371_1435,0.466999166
2017_1371_1436,0.589072008
2017_1371_1437,0.189936949
2017_1371_1438,0.289704742
2017_1371_1439,0.483242039
2017_1371_1448,0.442162836
2017_1371_1452,0.247196213
2017_1371_1455,0.248533912
2017_1371_1457,0.734382161
2017_1371_1458,0.206068313
2017_1371_1462,0.502984349
2017_1374_1376,0.638044453
2017_1374_1388,0.495071523
2017_1374_1407,0.903815145
2017_1374_1411,0.937155314
2017_1374_1413,0.943337023
2017_1374_1417,0.3185921
2017_1374_1423,0.730890167
2017_1374_1425,0.663003864
2017_1374_1433,0.63814449
2017_1374_1435,0.649872254
2017_1374_1436,0.752278913
2017_1374_1437,0.331868399
2017_1374_1438,0.463528588
2017_1374_1439,0.664545337
2017_1374_1448,0.626746509
2017_1374_1452,0.410245894
2017_1374_1455,0.41198306
2017_1374_1457,0.854164462
2017_1374_1458,0.354774741
2017_1374_1462,0.681920296
2017_1376_1388,0.3574151
2017_1376_1407,0.842037434
2017_1376_1411,0.894286737
2017_1376_1413,0.904254396
2017_1376_1417,0.209633491
2017_1376_1423,0.606412502
2017_1376_1425,0.527428139
2017_1376_1433,0.500108298
2017_1376_1435,0.512894936
2017_1376_1436,0.632723171
2017_1376_1437,0.219834135
2017_1376_1438,0.328929278
2017_1376_1439,0.529149344
2017_1376_1448,0.487851848
2017_1376_1452,0.282958087
2017_1376_1455,0.284416196
2017_1376_1457,0.768659541
2017_1376_1458,0.237759405
2017_1376_1462,0.548775452
2017_1388_1407,0.905515405
2017_1388_1411,0.938306449
2017_1388_1413,0.944381646
2017_1388_1417,0.322887175
2017_1388_1423,0.734750121
2017_1388_1425,0.667394429
2017_1388_1433,0.642684385
2017_1388_1435,0.654344709
2017_1388_1436,0.755934524
2017_1388_1437,0.336254135
2017_1388_1438,0.468434369
2017_1388_1439,0.668925847
2017_1388_1448,0.631346793
2017_1388_1452,0.415024014
2017_1388_1455,0.416767115
2017_1388_1457,0.856603148
2017_1388_1458,0.359300401
2017_1388_1462,0.68618106
2017_1407_1411,0.613448144
2017_1407_1413,0.63921292
2017_1407_1417,0.047398664
2017_1407_1423,0.224225553
2017_1407_1425,0.173124438
2017_1407_1433,0.158020194
2017_1407_1435,0.164946418
2017_1407_1436,0.244244293
2017_1407_1437,0.050206523
2017_1407_1438,0.084208091
2017_1407_1439,0.174115415
2017_1407_1448,0.151604911
2017_1407_1452,0.068926218
2017_1407_1455,0.069388131
2017_1407_1457,0.383975326
2017_1407_1458,0.055280419
2017_1407_1462,0.185768696
2017_1411_1413,0.527502194
2017_1411_1417,0.030400261
2017_1411_1423,0.154068764
2017_1411_1425,0.116554225
2017_1411_1433,0.105754223
2017_1411_1435,0.110690735
2017_1411_1436,0.169189974
2017_1411_1437,0.032235223
2017_1411_1438,0.054767816
2017_1411_1439,0.117267314
2017_1411_1448,0.101205777
2017_1411_1452,0.044568676
2017_1411_1455,0.044875223
2017_1411_1457,0.282004873
2017_1411_1458,0.03556093
2017_1411_1462,0.125694899
2017_1413_1417,0.027316919
2017_1413_1423,0.140256769
2017_1413_1425,0.105685177
2017_1413_1433,0.095783115
2017_1413_1435,0.100306393
2017_1413_1436,0.154269603
2017_1413_1437,0.028971331
2017_1413_1438,0.049338761
2017_1413_1439,0.106339772
2017_1413_1448,0.091619585
2017_1413_1452,0.040107747
2017_1413_1455,0.040384908
2017_1413_1457,0.260252162
2017_1413_1458,0.031971427
2017_1413_1462,0.114083529
2017_1417_1423,0.853133634
2017_1417_1425,0.807983271
2017_1417_1433,0.790438274
2017_1417_1435,0.79878651
2017_1417_1436,0.866580092
2017_1417_1437,0.515121097
2017_1417_1438,0.648876476
2017_1417_1439,0.809052577
2017_1417_1448,0.782200106
2017_1417_1452,0.598038913
2017_1417_1455,0.599762584
2017_1417_1457,0.926074285
2017_1417_1458,0.540444706
2017_1417_1462,0.820959286
2017_1423_1425,0.420082618
2017_1423_1433,0.393690895
2017_1423_1435,0.405966308
2017_1423_1436,0.527886053
2017_1423_1437,0.154610259
2017_1423_1438,0.241350652
2017_1423_1439,0.421766162
2017_1423_1448,0.382049252
2017_1423_1452,0.203900417
2017_1423_1455,0.205067644
2017_1423_1457,0.683196458
2017_1423_1458,0.168364911
2017_1423_1462,0.441140961
2017_1425_1433,0.472679834
2017_1425_1435,0.485446207
2017_1425_1436,0.606850931
2017_1425_1437,0.201578782
2017_1425_1438,0.305158051
2017_1425_1439,0.501726727
2017_1425_1448,0.460476386
2017_1425_1452,0.261215928
2017_1425_1455,0.262603029
2017_1425_1457,0.748557722
2017_1425_1458,0.218432275
2017_1425_1462,0.521462163
2017_1433_1435,0.512786709
2017_1433_1436,0.632622498
2017_1433_1437,0.219759849
2017_1433_1438,0.328833664
2017_1433_1439,0.529041412
2017_1433_1448,0.487743614
2017_1433_1452,0.282870204
2017_1433_1455,0.284328039
2017_1433_1457,0.768582501
2017_1433_1458,0.237680907
2017_1433_1462,0.548668182
2017_1435_1436,0.620654213
2017_1435_1437,0.21111386
2017_1435_1438,0.317643417
2017_1435_1439,0.516278883
2017_1435_1448,0.474972594
2017_1435_1452,0.272608788
2017_1435_1455,0.274033948
2017_1435_1457,0.759358639
2017_1435_1458,0.228536369
2017_1435_1462,0.535971013
2017_1436_1437,0.140571625
2017_1436_1438,0.22149957
2017_1436_1439,0.394798156
2017_1436_1448,0.356057017
2017_1436_1452,0.186372901
2017_1436_1455,0.187463419
2017_1436_1457,0.658550302
2017_1436_1458,0.153303833
2017_1436_1462,0.413820708
2017_1437_1438,0.63497075
2017_1437_1439,0.799530562
2017_1437_1448,0.771716863
2017_1437_1452,0.583412437
2017_1437_1455,0.585155321
2017_1437_1457,0.921823947
2017_1437_1458,0.52538571
2017_1437_1462,0.811892976
2017_1438_1439,0.696304498
2017_1438_1448,0.660254731
2017_1438_1452,0.446010375
2017_1438_1455,0.447783997
2017_1438_1457,0.871444273
2017_1438_1458,0.388892192
2017_1438_1462,0.712745535
2017_1439_1448,0.458760917
2017_1439_1452,0.259885213
2017_1439_1455,0.261267747
2017_1439_1457,0.747255475
2017_1439_1458,0.217255419
2017_1439_1462,0.519738362
2017_1448_1452,0.292922267
2017_1448_1455,0.294410639
2017_1448_1457,0.777189027
2017_1448_1458,0.246679506
2017_1448_1462,0.560779549
2017_1452_1455,0.501793851
2017_1452_1457,0.893841308
2017_1452_1458,0.441477591
2017_1452_1462,0.755018536
2017_1455_1457,0.893158511
2017_1455_1458,0.439709058
2017_1455_1462,0.7536889
2017_1457_1458,0.085821157
2017_1457_1462,0.267952941
2017_1458_1462,0.795877866
