"Id","Pred"
"2017_1112_1116",0.703922344474424
"2017_1116_1124",0.269578859390664
"2017_1112_1124",0.467367940513001
"2017_1124_1137",0.86157499030608
"2017_1112_1137",0.845236631308182
"2017_1116_1137",0.696708572066843
"2017_1124_1139",0.581486141304699
"2017_1112_1139",0.549379291938353
"2017_1116_1139",0.338970994796094
"2017_1137_1139",0.182491719679177
"2017_1116_1153",0.315416865077122
"2017_1124_1153",0.555234992840486
"2017_1112_1153",0.522767077752471
"2017_1137_1153",0.167062863962945
"2017_1139_1153",0.473267573065093
"2017_1139_1166",0.522693250681953
"2017_1112_1166",0.571750932939901
"2017_1124_1166",0.603414461920991
"2017_1116_1166",0.359612184661758
"2017_1137_1166",0.196435894640335
"2017_1153_1166",0.549306032453324
"2017_1153_1173",0.674553655284446
"2017_1139_1173",0.650632784964434
"2017_1137_1173",0.293647489347475
"2017_1116_1173",0.488486702151243
"2017_1124_1173",0.721255726419115
"2017_1112_1173",0.694233143443202
"2017_1166_1173",0.629713152835333
"2017_1166_1181",0.320351307947446
"2017_1139_1181",0.340442616290237
"2017_1112_1181",0.386236618571389
"2017_1173_1181",0.217015479835877
"2017_1116_1181",0.209290803159655
"2017_1124_1181",0.417645772653191
"2017_1153_1181",0.36486952483798
"2017_1137_1181",0.103319023396158
"2017_1181_1190",0.868233422826643
"2017_1166_1190",0.756442006951128
"2017_1116_1190",0.635578171237207
"2017_1139_1190",0.772785357091031
"2017_1173_1190",0.646178757070762
"2017_1124_1190",0.825344200527183
"2017_1153_1190",0.791028805962656
"2017_1112_1190",0.805693924239444
"2017_1137_1190",0.431569612859877
"2017_1181_1195",0.9334505654247
"2017_1116_1195",0.787803737883351
"2017_1112_1195",0.89823666045522
"2017_1124_1195",0.909578373441051
"2017_1173_1195",0.795401698720185
"2017_1137_1195",0.617763065240701
"2017_1139_1195",0.878640707895975
"2017_1153_1195",0.889599070931908
"2017_1190_1195",0.680379061653529
"2017_1166_1195",0.868616952361017
"2017_1153_1196",0.363787336312954
"2017_1124_1196",0.416509703541617
"2017_1173_1196",0.216222528539148
"2017_1139_1196",0.339394162363426
"2017_1166_1196",0.319334771180481
"2017_1116_1196",0.208518560295794
"2017_1112_1196",0.385129484698408
"2017_1190_1196",0.131232908573546
"2017_1137_1196",0.102886917187307
"2017_1195_1196",0.0662597445934785
"2017_1181_1196",0.498831801798453
"2017_1173_1199",0.274548850832138
"2017_1124_1199",0.494758804493409
"2017_1196_1199",0.5783863048804
"2017_1195_1199",0.088712046095591
"2017_1112_1199",0.462152637296109
"2017_1153_1199",0.439593761448043
"2017_1139_1199",0.413420570221704
"2017_1181_1199",0.577246400719276
"2017_1190_1199",0.171654175397596
"2017_1116_1199",0.265470611797995
"2017_1137_1199",0.135943486650079
"2017_1166_1199",0.391579405106554
"2017_1112_1211",0.251282758637009
"2017_1137_1211",0.0578941172794545
"2017_1139_1211",0.215862008388497
"2017_1190_1211",0.0748789446263267
"2017_1173_1211",0.128782412389627
"2017_1166_1211",0.20088358581562
"2017_1181_1211",0.3478227737003
"2017_1116_1211",0.123702209232648
"2017_1153_1211",0.23452867517283
"2017_1196_1211",0.34888351407967
"2017_1195_1211",0.0366301325062018
"2017_1199_1211",0.280879542244312
"2017_1124_1211",0.276664309056481
"2017_1196_1233",0.93304174691549
"2017_1190_1233",0.677930892041056
"2017_1173_1233",0.793567245615278
"2017_1139_1233",0.877437584632676
"2017_1195_1233",0.497191241946031
"2017_1181_1233",0.932749222980822
"2017_1153_1233",0.888490798528621
"2017_1137_1233",0.615106601488819
"2017_1124_1233",0.90865007026544
"2017_1166_1233",0.867329461108952
"2017_1211_1233",0.962971326772895
"2017_1199_1233",0.910375472545492
"2017_1112_1233",0.897205078040544
"2017_1116_1233",0.785919496021387
"2017_1116_1235",0.272595075746084
"2017_1195_1235",0.091684934584161
"2017_1139_1235",0.422233172902984
"2017_1173_1235",0.281823471354138
"2017_1153_1235",0.448537660425521
"2017_1211_1235",0.726379995950984
"2017_1137_1235",0.140255571324789
"2017_1190_1235",0.17686712856138
"2017_1233_1235",0.0926248866346623
"2017_1166_1235",0.400244111844994
"2017_1196_1235",0.587195216009606
"2017_1181_1235",0.586062083388952
"2017_1124_1235",0.503816041998702
"2017_1199_1235",0.509056512961719
"2017_1112_1235",0.47116962206476
"2017_1199_1240",0.942218280416092
"2017_1195_1240",0.613512536517225
"2017_1196_1240",0.957209944801297
"2017_1153_1240",0.927489735519895
"2017_1112_1240",0.933384809709429
"2017_1137_1240",0.719536890257615
"2017_1139_1240",0.919953972654735
"2017_1190_1240",0.7716436719562
"2017_1181_1240",0.957018141793567
"2017_1211_1240",0.976607456958998
"2017_1235_1240",0.940213916189483
"2017_1233_1240",0.616173136994099
"2017_1124_1240",0.941066214128272
"2017_1166_1240",0.913004659102529
"2017_1173_1240",0.860554125536343
"2017_1116_1240",0.854934395541132
"2017_1240_1242",0.0418393065516208
"2017_1195_1242",0.064822839223565
"2017_1116_1242",0.204672863530236
"2017_1166_1242",0.314256776366213
"2017_1139_1242",0.334153781838089
"2017_1199_1242",0.415903063357635
"2017_1190_1242",0.12858102602833
"2017_1211_1242",0.64576799819457
"2017_1173_1242",0.212272854348404
"2017_1137_1242",0.100741413494131
"2017_1235_1242",0.407129480432569
"2017_1233_1242",0.0655072626026676
"2017_1124_1242",0.41081910037164
"2017_1112_1242",0.379588703713213
"2017_1181_1242",0.49296670573533
"2017_1196_1242",0.494134711173417
"2017_1153_1242",0.358374640562065
"2017_1139_1243",0.656482418529802
"2017_1196_1243",0.788123762232934
"2017_1166_1243",0.635716942739799
"2017_1181_1243",0.787342425391965
"2017_1190_1243",0.359750183746453
"2017_1240_1243",0.142575162062656
"2017_1235_1243",0.72337606608423
"2017_1112_1243",0.699689708135717
"2017_1195_1243",0.208834856948956
"2017_1124_1243",0.72642009485209
"2017_1233_1243",0.210697233396435
"2017_1211_1243",0.87408860238652
"2017_1242_1243",0.792015111739157
"2017_1173_1243",0.506458584641358
"2017_1116_1243",0.494943782879294
"2017_1199_1243",0.73056682470297
"2017_1153_1243",0.680199633601303
"2017_1137_1243",0.299034732039231
"2017_1173_1245",0.817931005884552
"2017_1116_1245",0.81097086175266
"2017_1233_1245",0.538878538480598
"2017_1240_1245",0.421283260224816
"2017_1181_1245",0.941889222497103
"2017_1235_1245",0.919666678286516
"2017_1195_1245",0.536085542650563
"2017_1139_1245",0.89323448323101
"2017_1166_1245",0.884257326570749
"2017_1243_1245",0.814051898206437
"2017_1196_1245",0.942144455721507
"2017_1124_1245",0.920787215167695
"2017_1137_1245",0.651277171831076
"2017_1211_1245",0.968144144946808
"2017_1153_1245",0.903020522534093
"2017_1112_1245",0.910713432311036
"2017_1242_1245",0.943410153588412
"2017_1190_1245",0.710971681204647
"2017_1199_1245",0.922302975345383
"2017_1190_1246",0.111291018069003
"2017_1153_1246",0.321588053779846
"2017_1240_1246",0.0357349535639818
"2017_1211_1246",0.607408183693208
"2017_1137_1246",0.0868219583195231
"2017_1233_1246",0.0561521247613317
"2017_1166_1246",0.280022403979679
"2017_1195_1246",0.0555596331194449
"2017_1235_1246",0.368210286355013
"2017_1245_1246",0.0484421952283052
"2017_1112_1246",0.341784497530528
"2017_1199_1246",0.376678032992156
"2017_1243_1246",0.182250686219218
"2017_1139_1246",0.298696011193309
"2017_1196_1246",0.453256922684165
"2017_1124_1246",0.371768369870451
"2017_1181_1246",0.452099187012459
"2017_1242_1246",0.459077333808156
"2017_1173_1246",0.186132784051797
"2017_1116_1246",0.179255712402822
"2017_1137_1257",0.0960944121580713
"2017_1139_1257",0.322602460060869
"2017_1196_1257",0.481048503215807
"2017_1233_1257",0.06237281272658
"2017_1116_1257",0.196278113929298
"2017_1242_1257",0.486907971011974
"2017_1235_1257",0.394550301218352
"2017_1243_1257",0.199488367667726
"2017_1181_1257",0.479882086584606
"2017_1124_1257",0.398202489749386
"2017_1153_1257",0.346421648949686
"2017_1240_1257",0.0397891228094574
"2017_1245_1257",0.0538574937325941
"2017_1246_1257",0.527890407544473
"2017_1199_1257",0.403237177658186
"2017_1112_1257",0.367333233244617
"2017_1173_1257",0.203646203907562
"2017_1195_1257",0.0617189753320376
"2017_1190_1257",0.122825239211794
"2017_1211_1257",0.633696554615067
"2017_1166_1257",0.303080190826693
"2017_1211_1266",0.859473228240572
"2017_1166_1266",0.6059072394161
"2017_1181_1266",0.765360809425673
"2017_1124_1266",0.700536332797884
"2017_1240_1266",0.127778419693024
"2017_1246_1266",0.798104784529451
"2017_1235_1266",0.697324304495577
"2017_1242_1266",0.770375629934891
"2017_1139_1266",0.627375959006509
"2017_1112_1266",0.672417411855581
"2017_1195_1266",0.188674723325257
"2017_1173_1266",0.474809883435157
"2017_1153_1266",0.652037592265871
"2017_1243_1266",0.468371881424519
"2017_1233_1266",0.190400580159235
"2017_1137_1266",0.273173587292711
"2017_1257_1266",0.779510058579104
"2017_1199_1266",0.704916020268483
"2017_1245_1266",0.16752952802409
"2017_1196_1266",0.766198927324463
"2017_1190_1266",0.331118587398515
"2017_1116_1266",0.463339115338292
"2017_1181_1268",0.796515073042825
"2017_1112_1268",0.711256592044312
"2017_1242_1268",0.801037142244005
"2017_1266_1268",0.54546301719601
"2017_1240_1268",0.149517536758386
"2017_1235_1268",0.73437697737775
"2017_1124_1268",0.73734390504726
"2017_1166_1268",0.648510034932647
"2017_1246_1268",0.825900423086092
"2017_1190_1268",0.372671153082934
"2017_1137_1268",0.310833712203262
"2017_1257_1268",0.809253862037969
"2017_1199_1268",0.741384006749248
"2017_1116_1268",0.508861208953615
"2017_1173_1268",0.520366195623679
"2017_1139_1268",0.668926043988317
"2017_1153_1268",0.692186957075293
"2017_1211_1268",0.880089437721116
"2017_1245_1268",0.194523287834079
"2017_1243_1268",0.513914932284884
"2017_1196_1268",0.797271385835207
"2017_1233_1268",0.220105155127215
"2017_1195_1268",0.218182607822623
"2017_1153_1274",0.638130756704949
"2017_1199_1274",0.692124673329491
"2017_1246_1274",0.788138916893615
"2017_1257_1274",0.768892112808728
"2017_1190_1274",0.31780496838512
"2017_1211_1274",0.851974767583769
"2017_1181_1274",0.754276278577983
"2017_1235_1274",0.684351229880459
"2017_1112_1274",0.658898990865975
"2017_1173_1274",0.459689343635776
"2017_1139_1274",0.613068381588557
"2017_1240_1274",0.121159738395333
"2017_1124_1274",0.687639260976407
"2017_1233_1274",0.181212099707977
"2017_1268_1274",0.439521752459823
"2017_1195_1274",0.179551059122751
"2017_1116_1274",0.448272075284494
"2017_1196_1274",0.755141322869314
"2017_1166_1274",0.591312320063672
"2017_1242_1274",0.759453546067832
"2017_1137_1274",0.261279729707237
"2017_1243_1274",0.453279413772937
"2017_1266_1274",0.484817794324128
"2017_1245_1274",0.159227699235858
"2017_1246_1276",0.708014958432557
"2017_1166_1276",0.485357230006099
"2017_1274_1276",0.394608570833976
"2017_1137_1276",0.187352029784808
"2017_1240_1276",0.0824530846162629
"2017_1211_1276",0.789546372542838
"2017_1195_1276",0.124840090022267
"2017_1139_1276",0.508061195372598
"2017_1173_1276",0.356732543000277
"2017_1199_1276",0.5943771491797
"2017_1235_1276",0.585613340652838
"2017_1233_1276",0.126072769600938
"2017_1245_1276",0.109880085256779
"2017_1124_1276",0.589312667391785
"2017_1153_1276",0.534763656686732
"2017_1242_1276",0.672982360080712
"2017_1181_1276",0.666760613573433
"2017_1243_1276",0.350826083839331
"2017_1257_1276",0.684403918177365
"2017_1116_1276",0.346233782906911
"2017_1112_1276",0.557349174551396
"2017_1266_1276",0.380193164537568
"2017_1268_1276",0.338254124288072
"2017_1190_1276",0.232926686997156
"2017_1196_1276",0.667798057186816
"2017_1196_1277",0.80464625367103
"2017_1199_1277",0.750154832577672
"2017_1240_1277",0.155496418308673
"2017_1235_1277",0.743303162542009
"2017_1243_1277",0.525462437108148
"2017_1190_1277",0.383549189912794
"2017_1112_1277",0.720664200270195
"2017_1276_1277",0.672022755493795
"2017_1246_1277",0.832452688369125
"2017_1233_1277",0.228149482459288
"2017_1195_1277",0.226177047971031
"2017_1137_1277",0.320829867944492
"2017_1211_1277",0.88488654274317
"2017_1181_1277",0.803910687170375
"2017_1173_1277",0.531900037738134
"2017_1153_1277",0.701955522964575
"2017_1268_1277",0.511563893547324
"2017_1166_1277",0.658981816099513
"2017_1124_1277",0.746204843981673
"2017_1266_1277",0.556907239487089
"2017_1245_1277",0.201874670256676
"2017_1116_1277",0.52041673408368
"2017_1257_1277",0.816293270507291
"2017_1139_1277",0.679090564844989
"2017_1274_1277",0.571841168574689
"2017_1242_1277",0.808307956676689
"2017_1245_1278",0.158093930629716
"2017_1274_1278",0.497876645077546
"2017_1190_1278",0.315966397892423
"2017_1139_1278",0.611051673721551
"2017_1242_1278",0.757898508641208
"2017_1257_1278",0.767379402593014
"2017_1124_1278",0.685812034506373
"2017_1243_1278",0.451175433295274
"2017_1173_1278",0.45758051209917
"2017_1211_1278",0.850900418733043
"2017_1199_1278",0.690311868454409
"2017_1196_1278",0.753567454283809
"2017_1153_1278",0.636167153425781
"2017_1166_1278",0.589258189674501
"2017_1116_1278",0.44617236936869
"2017_1246_1278",0.786717240701934
"2017_1233_1278",0.179955297638959
"2017_1268_1278",0.43743053741417
"2017_1276_1278",0.603360595789873
"2017_1277_1278",0.426080580446989
"2017_1266_1278",0.482696670646001
"2017_1137_1278",0.259643709528617
"2017_1235_1278",0.682513649787206
"2017_1240_1278",0.120258259233367
"2017_1195_1278",0.178303268556815
"2017_1181_1278",0.752698670695352
"2017_1112_1278",0.656987505624544
"2017_1211_1291",0.983674343849375
"2017_1181_1291",0.969820079735963
"2017_1166_1291",0.938067449341089
"2017_1243_1291",0.896687935502911
"2017_1240_1291",0.590707167023629
"2017_1276_1291",0.941385122946198
"2017_1139_1291",0.943139395874344
"2017_1245_1291",0.664719406905998
"2017_1278_1291",0.913479245320502
"2017_1277_1291",0.886855451474563
"2017_1235_1291",0.957800212834001
"2017_1233_1291",0.698512801909222
"2017_1112_1291",0.952879237662821
"2017_1242_1291",0.970632770536344
"2017_1266_1291",0.907847814956322
"2017_1195_1291",0.696141497791499
"2017_1274_1291",0.912805602895378
"2017_1190_1291",0.829841612783192
"2017_1199_1291",0.959240545460281
"2017_1246_1291",0.974964992856737
"2017_1196_1291",0.969956548541887
"2017_1173_1291",0.89905691684889
"2017_1124_1291",0.958412893333731
"2017_1116_1291",0.894799176909402
"2017_1268_1291",0.891415273599153
"2017_1257_1291",0.972089607536255
"2017_1137_1291",0.787355002198081
"2017_1153_1291",0.948614337368959
"2017_1181_1292",0.841885852107537
"2017_1245_1292",0.24727305760653
"2017_1277_1292",0.564982688997588
"2017_1235_1292",0.789948909839665
"2017_1112_1292",0.770151687517312
"2017_1240_1292",0.192986989818398
"2017_1190_1292",0.446925354663317
"2017_1137_1292",0.380234876211441
"2017_1257_1292",0.852310944579706
"2017_1139_1292",0.733216747023042
"2017_1278_1292",0.636283565578726
"2017_1274_1292",0.63431568287505
"2017_1116_1292",0.584948606169451
"2017_1211_1292",0.908955726383297
"2017_1246_1292",0.86582290831341
"2017_1199_1292",0.795897403984312
"2017_1276_1292",0.726861555778526
"2017_1173_1292",0.596086000745819
"2017_1153_1292",0.753624341216839
"2017_1195_1292",0.275156499244543
"2017_1268_1292",0.576317187458185
"2017_1266_1292",0.620113220716682
"2017_1243_1292",0.589850453527239
"2017_1291_1292",0.142142668075251
"2017_1233_1292",0.27740294955272
"2017_1124_1292",0.79247052733495
"2017_1166_1292",0.71507662206258
"2017_1196_1292",0.842506874427296
"2017_1242_1292",0.84559509688304
"2017_1173_1297",0.838966184959047
"2017_1166_1297",0.898579729615072
"2017_1235_1297",0.929954494250584
"2017_1276_1297",0.903795787921175
"2017_1268_1297",0.827647586396386
"2017_1257_1297",0.953212214690024
"2017_1277_1297",0.82094782637446
"2017_1292_1297",0.779262381233157
"2017_1139_1297",0.906563402992877
"2017_1243_1297",0.835445081892007
"2017_1291_1297",0.369064202321081
"2017_1242_1297",0.950819886188462
"2017_1211_1297",0.972409983743768
"2017_1124_1297",0.930942306010347
"2017_1199_1297",0.932278037384242
"2017_1190_1297",0.740442874358032
"2017_1196_1297",0.949711081455384
"2017_1274_1297",0.859621444441834
"2017_1195_1297",0.572671033622553
"2017_1181_1297",0.949487439172907
"2017_1240_1297",0.457764895194048
"2017_1246_1297",0.957948257571075
"2017_1278_1297",0.860643244918254
"2017_1245_1297",0.536973322443017
"2017_1116_1297",0.832645643476031
"2017_1137_1297",0.684130954774665
"2017_1112_1297",0.922050654889198
"2017_1233_1297",0.575418215614321
"2017_1266_1297",0.852129531865328
"2017_1153_1297",0.915243649643109
"2017_1124_1300",0.937250582522014
"2017_1166_1300",0.907550682634691
"2017_1268_1300",0.84178803039558
"2017_1277_1300",0.835528712111079
"2017_1240_1300",0.483306811481304
"2017_1246_1300",0.961890584164734
"2017_1291_1300",0.393246227223807
"2017_1181_1300",0.954185027062644
"2017_1137_1300",0.705861441654059
"2017_1153_1300",0.922867148944329
"2017_1257_1300",0.957578880725126
"2017_1195_1300",0.597558799277091
"2017_1199_1300",0.938472361890574
"2017_1245_1300",0.562351277897422
"2017_1211_1300",0.975031869099042
"2017_1190_1300",0.759660304900139
"2017_1173_1300",0.852343678716919
"2017_1266_1300",0.864590006622003
"2017_1112_1300",0.929109314104414
"2017_1297_1300",0.525614152147718
"2017_1233_1300",0.600257667282788
"2017_1274_1300",0.871545772077427
"2017_1276_1300",0.912350367463514
"2017_1116_1300",0.846452103551419
"2017_1242_1300",0.955399379349064
"2017_1139_1300",0.914895056963225
"2017_1243_1300",0.849062458099213
"2017_1235_1300",0.93634683552346
"2017_1196_1300",0.954388870073044
"2017_1278_1300",0.872493650954881
"2017_1292_1300",0.796395969939004
"2017_1137_1305",0.375389253347928
"2017_1276_1305",0.722749949295377
"2017_1242_1305",0.842884469756954
"2017_1195_1305",0.271064295890573
"2017_1277_1305",0.559909685513197
"2017_1233_1305",0.273289932978655
"2017_1240_1305",0.189796846679856
"2017_1300_1305",0.200281939381515
"2017_1268_1305",0.571276061909548
"2017_1243_1305",0.584854359445056
"2017_1139_1305",0.72916516053037
"2017_1196_1305",0.839752306741436
"2017_1211_1305",0.907235390454503
"2017_1235_1305",0.786508036034048
"2017_1181_1305",0.839122496748469
"2017_1257_1305",0.849697260024033
"2017_1245_1305",0.243456260719735
"2017_1199_1305",0.792528380851235
"2017_1112_1305",0.766482379785122
"2017_1266_1305",0.615245304126233
"2017_1166_1305",0.710858183842886
"2017_1116_1305",0.579935324791608
"2017_1246_1305",0.863410026207438
"2017_1124_1305",0.789059930275833
"2017_1297_1305",0.217212217138597
"2017_1291_1305",0.139647561701901
"2017_1153_1305",0.74977691320006
"2017_1274_1305",0.629521029465343
"2017_1190_1305",0.441835736171825
"2017_1292_1305",0.494846748172235
"2017_1278_1305",0.631499724635979
"2017_1173_1305",0.591113209694265
"2017_1139_1308",0.848694577438688
"2017_1233_1308",0.439304177303834
"2017_1153_1308",0.861932074095282
"2017_1199_1308",0.888374275124242
"2017_1257_1308",0.921740711523583
"2017_1173_1308",0.750742660193165
"2017_1242_1308",0.917877834813583
"2017_1277_1308",0.726075875157355
"2017_1305_1308",0.675684148658117
"2017_1268_1308",0.735180423653226
"2017_1276_1308",0.844506872808291
"2017_1274_1308",0.779743186283703
"2017_1235_1308",0.88473064011778
"2017_1292_1308",0.67115069831357
"2017_1195_1308",0.436538694752891
"2017_1116_1308",0.742024135987139
"2017_1166_1308",0.836657219180153
"2017_1300_1308",0.342871165138884
"2017_1291_1308",0.252709678657074
"2017_1246_1308",0.92942656430924
"2017_1181_1308",0.915731981809253
"2017_1112_1308",0.872423859334082
"2017_1190_1308",0.622528118338057
"2017_1137_1308",0.555975055424586
"2017_1278_1308",0.781198420427429
"2017_1211_1308",0.953217976079685
"2017_1266_1308",0.769133142092319
"2017_1245_1308",0.401356738439681
"2017_1196_1308",0.916091867709703
"2017_1243_1308",0.74587680916074
"2017_1297_1308",0.3663334342783
"2017_1124_1308",0.886278227255341
"2017_1240_1308",0.327982768519883
"2017_1268_1309",0.88322235740324
"2017_1240_1309",0.570750848690391
"2017_1196_1309",0.967473480556982
"2017_1292_1309",0.847565388420911
"2017_1116_1309",0.88682916769592
"2017_1153_1309",0.944468339424842
"2017_1300_1309",0.587032873980119
"2017_1276_1309",0.936694768425219
"2017_1139_1309",0.938580259297718
"2017_1246_1309",0.972884296865818
"2017_1245_1309",0.646210443133074
"2017_1190_1309",0.817951644189182
"2017_1233_1309",0.680974031482574
"2017_1305_1309",0.8502096097648
"2017_1124_1309",0.955019994677884
"2017_1181_1309",0.967326112654962
"2017_1291_1309",0.479517897152435
"2017_1235_1309",0.954359708781566
"2017_1278_1309",0.90677699706157
"2017_1297_1309",0.611651420020332
"2017_1308_1309",0.731498399964605
"2017_1266_1309",0.900756727058901
"2017_1137_1309",0.773307245798654
"2017_1199_1309",0.955912064909278
"2017_1166_1309",0.933130472886972
"2017_1274_1309",0.906056538143337
"2017_1242_1309",0.968203759665229
"2017_1173_1309",0.89137031388775
"2017_1112_1309",0.949058869848586
"2017_1257_1309",0.969777342067283
"2017_1195_1309",0.678528265859838
"2017_1243_1309",0.88884324285961
"2017_1277_1309",0.87836543392944
"2017_1211_1309",0.982304356891824
"2017_1190_1314",0.097544384909736
"2017_1116_1314",0.158612394968191
"2017_1124_1314",0.338087492078222
"2017_1139_1314",0.268802674490566
"2017_1277_1314",0.148009192683335
"2017_1137_1314",0.075839812414357
"2017_1300_1314",0.0330658281355223
"2017_1246_1314",0.463268608848199
"2017_1166_1314",0.251328169085478
"2017_1235_1314",0.334680031722259
"2017_1242_1314",0.422810053833315
"2017_1199_1314",0.342795061641224
"2017_1211_1314",0.571810027156785
"2017_1257_1314",0.435641928701302
"2017_1278_1314",0.189626203402837
"2017_1291_1314",0.0216827462625195
"2017_1305_1314",0.120140866055244
"2017_1309_1314",0.0234915440291618
"2017_1297_1314",0.0365062094506848
"2017_1195_1314",0.0483226177704068
"2017_1243_1314",0.16133026029637
"2017_1276_1314",0.262511930646134
"2017_1240_1314",0.0309954877170259
"2017_1308_1314",0.0615081363591264
"2017_1196_1314",0.417094903261369
"2017_1173_1314",0.164856571618218
"2017_1233_1314",0.0488419245700477
"2017_1292_1314",0.117978854733917
"2017_1268_1314",0.153938676013898
"2017_1153_1314",0.290352217791414
"2017_1181_1314",0.415959262302067
"2017_1266_1314",0.179213998955823
"2017_1274_1314",0.188324467234525
"2017_1112_1314",0.30948187211448
"2017_1245_1314",0.0420909560820284
"2017_1190_1315",0.756249775637247
"2017_1233_1315",0.595788738354761
"2017_1195_1315",0.593080152188945
"2017_1243_1315",0.846664510742886
"2017_1124_1315",0.936148319150725
"2017_1153_1315",0.921533377332325
"2017_1245_1315",0.557770782602984
"2017_1139_1315",0.913436363296182
"2017_1305_1315",0.796723861845192
"2017_1276_1315",0.910852307910956
"2017_1173_1315",0.849988650113404
"2017_1196_1315",0.95357274696063
"2017_1266_1315",0.862398767065216
"2017_1277_1315",0.832958054473787
"2017_1240_1315",0.478665974544299
"2017_1297_1315",0.520976683075163
"2017_1166_1315",0.905979043349113
"2017_1309_1315",0.408467761048804
"2017_1268_1315",0.839296388029052
"2017_1116_1315",0.844020303961489
"2017_1292_1315",0.793364938861082
"2017_1242_1315",0.954600477245031
"2017_1112_1315",0.927875045481427
"2017_1199_1315",0.937390126742954
"2017_1257_1315",0.956817254066564
"2017_1246_1315",0.961203233225933
"2017_1314_1315",0.966334604546712
"2017_1274_1315",0.869450096372836
"2017_1308_1315",0.652928080129573
"2017_1137_1315",0.701986974098186
"2017_1211_1315",0.974575272748281
"2017_1291_1315",0.388819411543533
"2017_1300_1315",0.495352542612923
"2017_1181_1315",0.953365434795891
"2017_1235_1315",0.935229793919699
"2017_1278_1315",0.870411140133349
"2017_1196_1321",0.787633220047447
"2017_1308_1321",0.253567247738691
"2017_1314_1321",0.838272208717001
"2017_1166_1321",0.635036944093293
"2017_1300_1321",0.150561769885572
"2017_1195_1321",0.208350314990653
"2017_1181_1321",0.786850563472367
"2017_1124_1321",0.725836390385506
"2017_1246_1321",0.817311462276875
"2017_1305_1321",0.414433161152099
"2017_1139_1321",0.655820196170695
"2017_1291_1321",0.103040471075824
"2017_1297_1321",0.1641517987658
"2017_1153_1321",0.679560815270692
"2017_1137_1321",0.298419846490552
"2017_1278_1321",0.54809766868995
"2017_1309_1321",0.110867090881098
"2017_1116_1321",0.49421007800759
"2017_1233_1321",0.210209518426329
"2017_1242_1321",0.791531195829059
"2017_1257_1321",0.800042494220347
"2017_1190_1321",0.359074405827871
"2017_1276_1321",0.648505148309534
"2017_1240_1321",0.142216721783043
"2017_1211_1321",0.87376520993603
"2017_1243_1321",0.499266209201091
"2017_1277_1321",0.473805729758619
"2017_1268_1321",0.485351875183669
"2017_1266_1321",0.530897196077282
"2017_1235_1321",0.722788345396369
"2017_1315_1321",0.152954822795643
"2017_1274_1321",0.545993102579372
"2017_1173_1321",0.505724902369423
"2017_1245_1321",0.185504211191556
"2017_1199_1321",0.729988679031923
"2017_1112_1321",0.69907259814266
"2017_1292_1321",0.409439638772521
"2017_1112_1323",0.53582607457869
"2017_1137_1323",0.174484946266393
"2017_1268_1323",0.319092698938581
"2017_1321_1323",0.331959627582964
"2017_1196_1323",0.648256081498749
"2017_1305_1323",0.26018564740203
"2017_1300_1323",0.0809479021745732
"2017_1278_1323",0.376050069304634
"2017_1153_1323",0.513101742835767
"2017_1257_1323",0.665349267698386
"2017_1242_1323",0.653587154430348
"2017_1314_1323",0.720328771659232
"2017_1173_1323",0.337057517682328
"2017_1190_1323",0.217768357273607
"2017_1235_1323",0.564390422384053
"2017_1240_1323",0.0761155361808436
"2017_1315_1323",0.0823417571308492
"2017_1308_1323",0.144425210099891
"2017_1309_1323",0.0583458474473606
"2017_1266_1323",0.35994824200729
"2017_1246_1323",0.689739617982497
"2017_1297_1323",0.0889121380696069
"2017_1166_1323",0.463701916867769
"2017_1292_1323",0.256237386085643
"2017_1291_1323",0.054001755386584
"2017_1116_1323",0.326843589232453
"2017_1245_1323",0.101668016632667
"2017_1276_1323",0.478298549188136
"2017_1233_1323",0.116809325430455
"2017_1243_1323",0.331309039537634
"2017_1211_1323",0.774750586903669
"2017_1199_1323",0.573276010932774
"2017_1181_1323",0.647189852003776
"2017_1124_1323",0.568139492377141
"2017_1274_1323",0.374059299560567
"2017_1139_1323",0.486350192991718
"2017_1195_1323",0.115655232930005
"2017_1277_1323",0.30912603322622
"2017_1314_1329",0.755234191465547
"2017_1240_1329",0.0898308819162957
"2017_1246_1329",0.727015997304721
"2017_1292_1329",0.292145913224313
"2017_1243_1329",0.372469433517685
"2017_1235_1329",0.608171551026219
"2017_1309_1329",0.0690987306245566
"2017_1242_1329",0.693275526908622
"2017_1245_1329",0.119392679986863
"2017_1190_1329",0.250098694710913
"2017_1308_1329",0.168208335447304
"2017_1181_1329",0.687260452858419
"2017_1195_1329",0.135450728993677
"2017_1139_1329",0.531463425183092
"2017_1137_1329",0.202049150450959
"2017_1173_1329",0.378527807634381
"2017_1276_1329",0.523425996216186
"2017_1166_1329",0.508795294121316
"2017_1297_1329",0.104672077202202
"2017_1274_1329",0.417217035867573
"2017_1300_1329",0.0954440426607996
"2017_1268_1329",0.359551449536328
"2017_1116_1329",0.367754316225793
"2017_1233_1329",0.136771805046509
"2017_1153_1329",0.558000715967377
"2017_1278_1329",0.419283638272003
"2017_1277_1329",0.348968734883925
"2017_1291_1329",0.0640084616732297
"2017_1321_1329",0.373155743590824
"2017_1257_1329",0.704299741132622
"2017_1305_1329",0.296426956794218
"2017_1315_1329",0.0970611475207842
"2017_1266_1329",0.402524868087355
"2017_1323_1329",0.545035866035195
"2017_1196_1329",0.688263914619108
"2017_1112_1329",0.580343417599491
"2017_1211_1329",0.804705213875
"2017_1124_1329",0.611802989660853
"2017_1199_1329",0.616770483875048
"2017_1112_1332",0.44599705579013
"2017_1245_1332",0.073153033185222
"2017_1297_1332",0.0637210424568377
"2017_1139_1332",0.397708853247365
"2017_1199_1332",0.483711250209963
"2017_1300_1332",0.0578699540933706
"2017_1195_1332",0.0835822372654968
"2017_1305_1332",0.196958740729319
"2017_1173_1332",0.261759677331977
"2017_1257_1332",0.58098464686698
"2017_1240_1332",0.0543338295849541
"2017_1276_1332",0.390010442555803
"2017_1190_1332",0.162583893860101
"2017_1166_1332",0.376165440448784
"2017_1308_1332",0.105324062439406
"2017_1274_1332",0.294163217624815
"2017_1153_1332",0.423605682002409
"2017_1268_1332",0.246317010899776
"2017_1314_1332",0.642374485954389
"2017_1242_1332",0.568181777710321
"2017_1211_1332",0.705769435653808
"2017_1233_1332",0.0844468435989813
"2017_1291_1332",0.038286025950864
"2017_1278_1332",0.295929805159783
"2017_1196_1332",0.562416331500401
"2017_1323_1332",0.410860816341851
"2017_1321_1332",0.257358532265493
"2017_1266_1332",0.281709690039772
"2017_1137_1332",0.128467524997126
"2017_1315_1332",0.0588918900248604
"2017_1277_1332",0.237829492242104
"2017_1116_1332",0.252956869314263
"2017_1243_1332",0.256797948096711
"2017_1292_1332",0.19371870310642
"2017_1124_1332",0.478477404456434
"2017_1235_1332",0.47466968408746
"2017_1329_1332",0.36794546113923
"2017_1309_1332",0.0414212444013926
"2017_1246_1332",0.607900199926901
"2017_1181_1332",0.56126600205431
"2017_1196_1343",0.873600878362025
"2017_1181_1343",0.873083995088005
"2017_1308_1343",0.387646702087426
"2017_1190_1343",0.510767754957417
"2017_1297_1343",0.267921447302462
"2017_1266_1343",0.678351854951603
"2017_1300_1343",0.248292393938979
"2017_1233_1343",0.331545887030156
"2017_1124_1343",0.831467137475236
"2017_1246_1343",0.892898789108885
"2017_1332_1343",0.843196239636131
"2017_1315_1343",0.251778372315276
"2017_1314_1343",0.906182531461691
"2017_1291_1343",0.176327856764004
"2017_1116_1343",0.645496301979364
"2017_1323_1343",0.789480471714754
"2017_1243_1343",0.650110796529534
"2017_1268_1343",0.637343385574264
"2017_1277_1343",0.626583665033138
"2017_1153_1343",0.798060401367677
"2017_1245_1343",0.297960185342453
"2017_1166_1343",0.764290614256141
"2017_1139_1343",0.780260293634317
"2017_1276_1343",0.774681375151034
"2017_1321_1343",0.65077815452102
"2017_1235_1343",0.829317299428645
"2017_1199_1343",0.834384648487518
"2017_1242_1343",0.876169005145798
"2017_1329_1343",0.75789322546317
"2017_1278_1343",0.693269404247546
"2017_1309_1343",0.188550971558726
"2017_1211_1343",0.92805102593615
"2017_1112_1343",0.812349119191208
"2017_1195_1343",0.329060646640146
"2017_1305_1343",0.568759762230759
"2017_1137_1343",0.442166912509078
"2017_1292_1343",0.563696790761571
"2017_1274_1343",0.691460334942484
"2017_1173_1343",0.655964548602059
"2017_1240_1343",0.236035708717037
"2017_1257_1343",0.881741017778282
"2017_1291_1344",0.153586509246642
"2017_1268_1344",0.598335777373087
"2017_1266_1344",0.641272480320514
"2017_1139_1344",0.750609827005801
"2017_1329_1344",0.726283420310772
"2017_1245_1344",0.264570528578302
"2017_1277_1344",0.587168375969547
"2017_1153_1344",0.770104102635453
"2017_1235_1344",0.804628847905693
"2017_1173_1344",0.617758620146897
"2017_1116_1344",0.606824649493346
"2017_1246_1344",0.8760323549895
"2017_1124_1344",0.807017288400436
"2017_1166_1344",0.733222053037961
"2017_1242_1344",0.85708962131729
"2017_1233_1344",0.295979337063216
"2017_1323_1344",0.76069255096392
"2017_1297_1344",0.236762717411581
"2017_1321_1344",0.612336647749055
"2017_1274_1344",0.655123830348672
"2017_1195_1344",0.293643584793085
"2017_1243_1344",0.611639667495135
"2017_1278_1344",0.657040279709508
"2017_1292_1344",0.522700018122901
"2017_1315_1344",0.221927918132111
"2017_1343_1344",0.458764736069673
"2017_1314_1344",0.891153024210156
"2017_1196_1344",0.854191656349483
"2017_1305_1344",0.527840243065528
"2017_1332_1344",0.82007977984258
"2017_1190_1344",0.469478283088333
"2017_1181_1344",0.853608703261929
"2017_1199_1344",0.810261470276195
"2017_1300_1344",0.218734410501917
"2017_1211_1344",0.91620087035114
"2017_1112_1344",0.785840107037705
"2017_1309_1344",0.164548116295622
"2017_1257_1344",0.863386286522506
"2017_1137_1344",0.401867737190001
"2017_1240_1344",0.207533990438832
"2017_1308_1344",0.349205904804185
"2017_1276_1344",0.744524600478883
"2017_1166_1345",0.378957286410251
"2017_1274_1345",0.296635850758563
"2017_1277_1345",0.239989604543744
"2017_1173_1345",0.264061835513907
"2017_1137_1345",0.129803510584743
"2017_1297_1345",0.0644334830088144
"2017_1112_1345",0.448934208538183
"2017_1276_1345",0.392840336993892
"2017_1332_1345",0.50296991330441
"2017_1314_1345",0.64509898470964
"2017_1196_1345",0.565337797848716
"2017_1199_1345",0.48667858575812
"2017_1323_1345",0.413739384606783
"2017_1329_1345",0.37071255319353
"2017_1246_1345",0.610728179972575
"2017_1309_1345",0.0418955159843318
"2017_1305_1345",0.198844486635414
"2017_1211_1345",0.708230336244306
"2017_1245_1345",0.0739625986153003
"2017_1278_1345",0.298411009672368
"2017_1235_1345",0.477632866777722
"2017_1343_1345",0.158380874623175
"2017_1266_1345",0.284119779911476
"2017_1195_1345",0.0844966978600424
"2017_1116_1345",0.255208371397307
"2017_1139_1345",0.400557926199336
"2017_1181_1345",0.564189197250452
"2017_1291_1345",0.0387258496654477
"2017_1321_1345",0.259635596018406
"2017_1268_1345",0.24852907484271
"2017_1257_1345",0.583873867679707
"2017_1300_1345",0.058521064796176
"2017_1292_1345",0.195580983070577
"2017_1242_1345",0.571094106503609
"2017_1233_1345",0.0853698825080224
"2017_1190_1345",0.164207822389725
"2017_1124_1345",0.481442572979875
"2017_1315_1345",0.0595537719938781
"2017_1153_1345",0.426508899339894
"2017_1308_1345",0.106448766206007
"2017_1240_1345",0.0549474747999317
"2017_1344_1345",0.18167974079835
"2017_1243_1345",0.259071782185794
"2017_1300_1348",0.174568397641947
"2017_1291_1348",0.120545252333639
"2017_1124_1348",0.759549565688779
"2017_1116_1348",0.538287722275332
"2017_1332_1348",0.77492895045619
"2017_1195_1348",0.238978851242095
"2017_1211_1348",0.891994723376903
"2017_1268_1348",0.529466502371897
"2017_1173_1348",0.549713361954771
"2017_1196_1348",0.815677132242859
"2017_1137_1348",0.336658303105095
"2017_1242_1348",0.819178536876356
"2017_1199_1348",0.76335772644434
"2017_1297_1348",0.189841037902287
"2017_1190_1348",0.400646584927422
"2017_1112_1348",0.734874720572071
"2017_1309_1348",0.129509500338377
"2017_1181_1348",0.814973549581738
"2017_1246_1348",0.842221320788049
"2017_1266_1348",0.574530146467715
"2017_1323_1348",0.705981692537441
"2017_1292_1348",0.452724058251825
"2017_1329_1348",0.667148065345225
"2017_1276_1348",0.687635235976335
"2017_1314_1348",0.860810763986694
"2017_1243_1348",0.543310401373999
"2017_1240_1348",0.165151456046813
"2017_1305_1348",0.457836221505575
"2017_1343_1348",0.390348058360433
"2017_1139_1348",0.694519538116027
"2017_1344_1348",0.430323139128505
"2017_1233_1348",0.24102815337515
"2017_1245_1348",0.213680774570337
"2017_1274_1348",0.589308132101708
"2017_1235_1348",0.756750720794312
"2017_1278_1348",0.591362185933008
"2017_1321_1348",0.54403859385051
"2017_1345_1348",0.772850182379674
"2017_1166_1348",0.674914779127385
"2017_1257_1348",0.826808041791798
"2017_1315_1348",0.177263389541838
"2017_1277_1348",0.51792704320495
"2017_1308_1348",0.288421160241415
"2017_1153_1348",0.716743713717231
"2017_1196_1355",0.961733866666119
"2017_1190_1355",0.791513246947881
"2017_1112_1355",0.940270435119834
"2017_1268_1355",0.864695027264034
"2017_1276_1355",0.925939717036098
"2017_1329_1355",0.919246803551199
"2017_1124_1355",0.947202769239891
"2017_1292_1355",0.824504977322643
"2017_1137_1355",0.742426943817106
"2017_1315_1355",0.550290234416353
"2017_1300_1355",0.545685487792683
"2017_1291_1355",0.437716667301554
"2017_1173_1355",0.873951206919148
"2017_1278_1355",0.89152775937228
"2017_1297_1355",0.570967456877588
"2017_1235_1355",0.946434166414552
"2017_1323_1355",0.931680206924071
"2017_1195_1355",0.640735247075445
"2017_1332_1355",0.95134851149245
"2017_1321_1355",0.871406785873486
"2017_1305_1355",0.827467789421291
"2017_1245_1355",0.606819641947416
"2017_1139_1355",0.928120956582231
"2017_1211_1355",0.979125325549473
"2017_1314_1355",0.97231753130754
"2017_1243_1355",0.871077521348739
"2017_1309_1355",0.457984373883398
"2017_1246_1355",0.968067959588586
"2017_1274_1355",0.890703654124411
"2017_1242_1355",0.962588027304965
"2017_1345_1355",0.950795703349596
"2017_1116_1355",0.868789063964772
"2017_1240_1355",0.529081012234918
"2017_1344_1355",0.810967644306334
"2017_1343_1355",0.784315290188987
"2017_1266_1355",0.884647980677864
"2017_1308_1355",0.697153258111859
"2017_1277_1355",0.859190380135623
"2017_1166_1355",0.921820417026827
"2017_1199_1355",0.94824147297131
"2017_1181_1355",0.961561527473109
"2017_1257_1355",0.964429319446317
"2017_1233_1355",0.643317396672916
"2017_1348_1355",0.850285603229342
"2017_1153_1355",0.934942228994676
"2017_1195_1371",0.244350277910729
"2017_1300_1371",0.178832298905624
"2017_1309_1371",0.132849954632747
"2017_1235_1371",0.762105564289741
"2017_1277_1371",0.525240984389562
"2017_1297_1371",0.194390127954034
"2017_1139_1371",0.700702508964947
"2017_1315_1371",0.181578636565509
"2017_1137_1371",0.34323501737509
"2017_1321_1371",0.551299583818692
"2017_1278_1371",0.598425832695163
"2017_1199_1371",0.768611596773627
"2017_1292_1371",0.459995831718086
"2017_1268_1371",0.536761957020324
"2017_1308_1371",0.294473870394063
"2017_1274_1371",0.596383051295747
"2017_1345_1371",0.777954606319771
"2017_1276_1371",0.693896133466758
"2017_1245_1371",0.218646954080157
"2017_1257_1371",0.830965143183395
"2017_1266_1371",0.581678931127331
"2017_1211_1371",0.89478626669347
"2017_1246_1371",0.846077333566414
"2017_1348_1371",0.50732720331175
"2017_1112_1371",0.740546029236327
"2017_1329_1371",0.673624696645735
"2017_1153_1371",0.722656491438274
"2017_1196_1371",0.820043256265477
"2017_1166_1371",0.681312475945466
"2017_1124_1371",0.764861940448414
"2017_1181_1371",0.819352648616813
"2017_1291_1371",0.12368734398875
"2017_1323_1371",0.71202886087453
"2017_1332_1371",0.779999958547724
"2017_1116_1371",0.545563795367549
"2017_1242_1371",0.823479670638108
"2017_1190_1371",0.407705031688616
"2017_1314_1371",0.864285669908736
"2017_1173_1371",0.556957575820672
"2017_1305_1371",0.465120321546281
"2017_1355_1371",0.153484110179063
"2017_1243_1371",0.550573407991863
"2017_1233_1371",0.246430725962595
"2017_1344_1371",0.437522754777403
"2017_1343_1371",0.39734535342526
"2017_1240_1371",0.16923250269424
"2017_1233_1374",0.106319768972077
"2017_1240_1374",0.0689948333779101
"2017_1246_1374",0.666634780546509
"2017_1211_1374",0.75573448338322
"2017_1266_1374",0.33592941706387
"2017_1196_1374",0.623747181521032
"2017_1274_1374",0.349613196702589
"2017_1332_1374",0.563286098096379
"2017_1190_1374",0.200268420545079
"2017_1235_1374",0.538200733978121
"2017_1315_1374",0.0746856698422301
"2017_1242_1374",0.629237262028271
"2017_1116_1374",0.303984640559077
"2017_1153_1374",0.486633283941009
"2017_1276_1374",0.451958921385447
"2017_1371_1374",0.266753532085227
"2017_1321_1374",0.308907066644833
"2017_1343_1374",0.193458044010676
"2017_1245_1374",0.0923959135391015
"2017_1345_1374",0.560361565637059
"2017_1323_1374",0.473550069522381
"2017_1139_1374",0.459958088871302
"2017_1278_1374",0.35154693278413
"2017_1329_1374",0.428853202474687
"2017_1314_1374",0.698506163323056
"2017_1291_1374",0.0488404601390099
"2017_1355_1374",0.0618795448635507
"2017_1277_1374",0.286977957763404
"2017_1257_1374",0.641372494425658
"2017_1137_1374",0.159752921751262
"2017_1344_1374",0.220564679842055
"2017_1348_1374",0.272525680648576
"2017_1173_1374",0.313817241913472
"2017_1300_1374",0.0734110469292065
"2017_1166_1374",0.437492037412918
"2017_1199_1374",0.547191939818487
"2017_1268_1374",0.296537037786155
"2017_1292_1374",0.236581035128107
"2017_1309_1374",0.0527925296862889
"2017_1305_1374",0.240324284944079
"2017_1181_1374",0.622649905006396
"2017_1297_1374",0.0806988641261596
"2017_1308_1374",0.131825884508688
"2017_1124_1374",0.541992290170761
"2017_1195_1374",0.105256963347581
"2017_1243_1374",0.308280809020675
"2017_1112_1374",0.509411818552016
"2017_1309_1376",0.0945458810155936
"2017_1195_1376",0.180593024754651
"2017_1266_1376",0.486580649159837
"2017_1344_1376",0.346472390184589
"2017_1321_1376",0.455756829551475
"2017_1329_1376",0.584497891954485
"2017_1257_1376",0.77014377588492
"2017_1240_1376",0.12191320072107
"2017_1345_1376",0.704834468465721
"2017_1235_1376",0.685873701185583
"2017_1139_1376",0.614741117365172
"2017_1112_1376",0.660483321147482
"2017_1199_1376",0.693626436282305
"2017_1305_1376",0.372126380028469
"2017_1348_1376",0.412400950113851
"2017_1314_1376",0.81275191274517
"2017_1292_1376",0.367322846584178
"2017_1243_1376",0.455028878743995
"2017_1242_1376",0.760740420923505
"2017_1374_1376",0.651989788357934
"2017_1297_1376",0.141232328178184
"2017_1166_1376",0.593016672135754
"2017_1300_1376",0.129246381627194
"2017_1233_1376",0.182261563286057
"2017_1276_1376",0.60707608232367
"2017_1371_1376",0.405316838641312
"2017_1277_1376",0.429887577381937
"2017_1137_1376",0.262644151395369
"2017_1274_1376",0.501764292630777
"2017_1355_1376",0.109985265578349
"2017_1246_1376",0.78931490344433
"2017_1332_1376",0.707299945865477
"2017_1181_1376",0.755581936820212
"2017_1343_1376",0.310047299633957
"2017_1153_1376",0.639758810727359
"2017_1124_1376",0.689153076675273
"2017_1173_1376",0.461442667508382
"2017_1245_1376",0.160174750120889
"2017_1116_1376",0.450018121891441
"2017_1315_1376",0.131353033221965
"2017_1190_1376",0.319336967848302
"2017_1291_1376",0.0877577292552864
"2017_1278_1376",0.503887589298183
"2017_1196_1376",0.756443868869853
"2017_1323_1376",0.627591591577645
"2017_1211_1376",0.852862568664557
"2017_1268_1376",0.441260974963055
"2017_1308_1376",0.221471236151551
"2017_1116_1388",0.353136754466704
"2017_1348_1388",0.318921884024362
"2017_1291_1388",0.0603125165408976
"2017_1309_1388",0.0651293175749761
"2017_1199_1388",0.601674321086914
"2017_1173_1388",0.363728376305719
"2017_1276_1388",0.507588438409592
"2017_1181_1388",0.673470974767451
"2017_1343_1388",0.230661423032972
"2017_1233_1388",0.129455492639061
"2017_1268_1388",0.345081978034745
"2017_1196_1388",0.674497726172591
"2017_1266_1388",0.387372021485757
"2017_1195_1388",0.128194590056892
"2017_1314_1388",0.74332248010896
"2017_1355_1388",0.0761690666582702
"2017_1166_1388",0.492942531631894
"2017_1344_1388",0.261292090661481
"2017_1323_1388",0.529270608072121
"2017_1329_1388",0.484151172616566
"2017_1190_1388",0.238394372943914
"2017_1240_1388",0.0847789633579306
"2017_1153_1388",0.542307451956954
"2017_1371_1388",0.312589303888678
"2017_1139_1388",0.515645805448569
"2017_1112_1388",0.564824768421066
"2017_1245_1388",0.112884454761989
"2017_1332_1388",0.617186756625136
"2017_1278_1388",0.403926423103075
"2017_1308_1388",0.159521152159744
"2017_1374_1388",0.555548514676636
"2017_1274_1388",0.401883130879577
"2017_1300_1388",0.0901077025914593
"2017_1243_1388",0.35777050877669
"2017_1246_1388",0.714250611027906
"2017_1257_1388",0.69092368966217
"2017_1211_1388",0.794546098529
"2017_1242_1388",0.679627634148751
"2017_1235_1388",0.59296020465676
"2017_1345_1388",0.614376070598376
"2017_1292_1388",0.279206476398064
"2017_1277_1388",0.334702576411547
"2017_1137_1388",0.192017704051809
"2017_1315_1388",0.0916435541219429
"2017_1305_1388",0.28337381512211
"2017_1321_1388",0.358445205152903
"2017_1297_1388",0.0988761891086782
"2017_1124_1388",0.596639119592859
"2017_1376_1388",0.400187950854122
"2017_1235_1407",0.925930751182741
"2017_1345_1407",0.931841526854731
"2017_1124_1407",0.92697085135407
"2017_1291_1407",0.355162014922126
"2017_1246_1407",0.955455580863333
"2017_1278_1407",0.853266173084153
"2017_1277_1407",0.811928608050068
"2017_1297_1407",0.484956655988356
"2017_1245_1407",0.521978877249244
"2017_1321_1407",0.827421762955919
"2017_1300_1407",0.45940507239698
"2017_1376_1407",0.85130846705017
"2017_1305_1407",0.772379325975753
"2017_1266_1407",0.844383263783948
"2017_1116_1407",0.824089406350709
"2017_1181_1407",0.946521233876713
"2017_1243_1407",0.827002233175915
"2017_1199_1407",0.928377489662908
"2017_1371_1407",0.796010027450129
"2017_1308_1407",0.619585064537084
"2017_1323_1407",0.906089775728732
"2017_1344_1407",0.752188574321298
"2017_1348_1407",0.800728202311054
"2017_1166_1407",0.892961121102492
"2017_1329_1407",0.889551309383444
"2017_1137_1407",0.670982054513329
"2017_1112_1407",0.917613102072213
"2017_1196_1407",0.946757272488873
"2017_1240_1407",0.442866751268673
"2017_1173_1407",0.830667377375852
"2017_1292_1407",0.76873490158094
"2017_1268_1407",0.818891397203994
"2017_1315_1407",0.46402538143798
"2017_1233_1407",0.560650112039689
"2017_1388_1407",0.895629772375097
"2017_1355_1407",0.414354933645751
"2017_1343_1407",0.720109020152108
"2017_1139_1407",0.901338521988757
"2017_1274_1407",0.852199571092679
"2017_1374_1407",0.914721533380544
"2017_1332_1407",0.93259218704774
"2017_1242_1407",0.947927633910573
"2017_1190_1407",0.728708544923399
"2017_1195_1407",0.557880794304082
"2017_1276_1407",0.898433483388502
"2017_1314_1407",0.96131655898023
"2017_1257_1407",0.950453322435146
"2017_1153_1407",0.910456215957902
"2017_1309_1407",0.374150746986266
"2017_1211_1407",0.970748369965632
"2017_1190_1411",0.823369285840782
"2017_1235_1411",0.95593661678087
"2017_1343_1411",0.81701689300706
"2017_1153_1411",0.946367796422483
"2017_1315_1411",0.600396132316256
"2017_1329_1411",0.933231980958277
"2017_1112_1411",0.950809486010708
"2017_1124_1411",0.956575127325144
"2017_1345_1411",0.959557489974203
"2017_1277_1411",0.882244030333931
"2017_1195_1411",0.686504818485117
"2017_1268_1411",0.886966009937665
"2017_1374_1411",0.949018292924212
"2017_1137_1411",0.779695638365841
"2017_1407_1411",0.634428679869455
"2017_1196_1411",0.968612199065692
"2017_1388_1411",0.937076555156061
"2017_1305_1411",0.854837642713791
"2017_1211_1411",0.98293302166865
"2017_1242_1411",0.969317722691321
"2017_1376_1411",0.908558853930914
"2017_1166_1411",0.935391211693427
"2017_1321_1411",0.892710098654198
"2017_1300_1411",0.595927709320446
"2017_1116_1411",0.890471532172808
"2017_1355_1411",0.551138683507373
"2017_1181_1411",0.968469822216409
"2017_1344_1411",0.840450315975092
"2017_1246_1411",0.973838710767718
"2017_1139_1411",0.940668465666091
"2017_1266_1411",0.903999361971752
"2017_1332_1411",0.960015999468723
"2017_1257_1411",0.970837836031944
"2017_1348_1411",0.874584352080737
"2017_1297_1411",0.620358922492351
"2017_1278_1411",0.909842616318505
"2017_1314_1411",0.977338278694703
"2017_1276_1411",0.938842902485379
"2017_1323_1411",0.943644124913697
"2017_1308_1411",0.738666834609751
"2017_1292_1411",0.852260922710492
"2017_1240_1411",0.579745318060392
"2017_1243_1411",0.892428647889517
"2017_1274_1411",0.909143475656831
"2017_1173_1411",0.894883846957865
"2017_1291_1411",0.488711531766408
"2017_1309_1411",0.509202145183616
"2017_1245_1411",0.654580666257023
"2017_1199_1411",0.957437729786559
"2017_1371_1411",0.871333883415433
"2017_1233_1411",0.688917720681419
"2017_1388_1413",0.940049838051522
"2017_1139_1413",0.943482258896516
"2017_1374_1413",0.951456531443016
"2017_1291_1413",0.501602896501941
"2017_1196_1413",0.970142826273919
"2017_1246_1413",0.975121013360614
"2017_1199_1413",0.95949049047525
"2017_1240_1413",0.592256409337981
"2017_1278_1413",0.913984644624498
"2017_1195_1413",0.697496027617672
"2017_1112_1413",0.953166286916653
"2017_1292_1413",0.858637359012851
"2017_1266_1413",0.90838281027979
"2017_1137_1413",0.788426501335732
"2017_1242_1413",0.970814981660506
"2017_1332_1413",0.961949353170553
"2017_1314_1413",0.978452844351929
"2017_1343_1413",0.824601410082356
"2017_1321_1413",0.897550603419206
"2017_1376_1413",0.912754205554495
"2017_1348_1413",0.880132816472936
"2017_1233_1413",0.699861318541797
"2017_1315_1413",0.61270314520824
"2017_1181_1413",0.970007177448116
"2017_1297_1413",0.632427520465871
"2017_1268_1413",0.892034323627727
"2017_1371_1413",0.877005927330106
"2017_1308_1413",0.748499216580698
"2017_1300_1413",0.608282554093329
"2017_1124_1413",0.958667694986242
"2017_1243_1413",0.89728038953221
"2017_1329_1413",0.936374594488774
"2017_1190_1413",0.830745047056885
"2017_1276_1413",0.941737910579794
"2017_1257_1413",0.972263037910081
"2017_1245_1413",0.666146833636088
"2017_1323_1413",0.946324850165409
"2017_1277_1413",0.887497216543086
"2017_1411_1413",0.512890431764946
"2017_1173_1413",0.8996373062369
"2017_1344_1413",0.847245135013847
"2017_1116_1413",0.895401198754371
"2017_1355_1413",0.563860727380365
"2017_1211_1413",0.983776990018768
"2017_1166_1413",0.938438899380861
"2017_1407_1413",0.646305016713744
"2017_1274_1413",0.913314563776085
"2017_1153_1413",0.948925974887157
"2017_1305_1413",0.861120989796402
"2017_1345_1413",0.961512125239287
"2017_1309_1413",0.522082099467168
"2017_1235_1413",0.958058604068746
"2017_1345_1417",0.498662369042425
"2017_1355_1417",0.0489545841477233
"2017_1407_1417",0.0678194292708274
"2017_1181_1417",0.562873159817405
"2017_1309_1417",0.0416812695895237
"2017_1266_1417",0.283032761792533
"2017_1332_1417",0.501632308285179
"2017_1116_1417",0.254192689868391
"2017_1139_1417",0.399273888300529
"2017_1376_1417",0.294053611990668
"2017_1321_1417",0.258608412860067
"2017_1314_1417",0.643873050396896
"2017_1246_1417",0.609455396276692
"2017_1137_1417",0.129200339252554
"2017_1257_1417",0.582573293066837
"2017_1242_1417",0.569783020358766
"2017_1153_1417",0.425200680662898
"2017_1411_1417",0.0402353820123658
"2017_1274_1417",0.295520714677867
"2017_1329_1417",0.369465220396183
"2017_1190_1417",0.163474814134951
"2017_1211_1417",0.707123470114781
"2017_1305_1417",0.197993490771184
"2017_1173_1417",0.26302336215098
"2017_1374_1417",0.438320723714227
"2017_1278_1417",0.29729202089852
"2017_1124_1417",0.480106917245387
"2017_1276_1417",0.391564878433462
"2017_1233_1417",0.0849530284109953
"2017_1348_1417",0.226211887574304
"2017_1199_1417",0.485341999572162
"2017_1112_1417",0.447610891790326
"2017_1195_1417",0.0840837154825102
"2017_1308_1417",0.105940907550129
"2017_1240_1417",0.0546702915084737
"2017_1243_1417",0.258046052168064
"2017_1245_1417",0.0735969633017265
"2017_1291_1417",0.038527160594927
"2017_1235_1417",0.476298072369177
"2017_1292_1417",0.194740559058085
"2017_1277_1417",0.239015053707814
"2017_1344_1417",0.180885619114302
"2017_1413_1417",0.0382903580232074
"2017_1297_1417",0.0641116936846738
"2017_1300_1417",0.0582269651693025
"2017_1196_1417",0.564022548626389
"2017_1343_1417",0.157668970449829
"2017_1268_1417",0.247531141032204
"2017_1388_1417",0.384357068667459
"2017_1371_1417",0.221122510091126
"2017_1166_1417",0.377698862796425
"2017_1315_1417",0.059254809103733
"2017_1323_1417",0.41244216504667
"2017_1278_1423",0.659846482921722
"2017_1321_1423",0.615294461664648
"2017_1166_1423",0.735655700269448
"2017_1199_1423",0.812172365320442
"2017_1292_1423",0.525812129368869
"2017_1243_1423",0.614599452244111
"2017_1345_1423",0.820168005837782
"2017_1376_1423",0.65634752195365
"2017_1300_1423",0.220874228504194
"2017_1388_1423",0.741109182423143
"2017_1245_1423",0.267005502623221
"2017_1196_1423",0.855738892993153
"2017_1407_1423",0.250144620450864
"2017_1417_1423",0.820955818120932
"2017_1181_1423",0.855161076968627
"2017_1235_1423",0.806582928889928
"2017_1211_1423",0.917153918470773
"2017_1315_1423",0.224090016435557
"2017_1371_1423",0.56554557012431
"2017_1291_1423",0.155215621840212
"2017_1246_1423",0.877381099595012
"2017_1308_1423",0.352046944343278
"2017_1413_1423",0.154376765140084
"2017_1257_1423",0.864851391960453
"2017_1233_1423",0.298586018556397
"2017_1137_1423",0.404870677138967
"2017_1332_1423",0.821913525913474
"2017_1348_1423",0.572733048676539
"2017_1297_1423",0.239024942917924
"2017_1190_1423",0.472587265579675
"2017_1329_1423",0.728756948751401
"2017_1277_1423",0.590189702615073
"2017_1240_1423",0.209593632839067
"2017_1305_1423",0.530948914343602
"2017_1112_1423",0.787932582122791
"2017_1268_1423",0.601330866437054
"2017_1274_1423",0.657937550851533
"2017_1411_1423",0.161230000146179
"2017_1343_1423",0.461864536950981
"2017_1124_1423",0.808953152523075
"2017_1314_1423",0.892357472964952
"2017_1153_1423",0.772305779612106
"2017_1116_1423",0.609797719760072
"2017_1266_1423",0.644137823146727
"2017_1355_1423",0.190952625513267
"2017_1374_1423",0.781572980004681
"2017_1309_1423",0.166270659633498
"2017_1242_1423",0.858611196486808
"2017_1195_1423",0.296238351223546
"2017_1276_1423",0.74689073402862
"2017_1323_1423",0.762956617347222
"2017_1173_1423",0.620700690295204
"2017_1344_1423",0.503119422370993
"2017_1139_1423",0.752938303308736
"2017_1243_1425",0.613359790703494
"2017_1309_1425",0.165546854735877
"2017_1181_1425",0.854512025758267
"2017_1190_1425",0.471283772900503
"2017_1277_1425",0.5889240408855
"2017_1276_1425",0.745900667136021
"2017_1235_1425",0.805765633515085
"2017_1355_1425",0.190145880347662
"2017_1195_1425",0.295149063762155
"2017_1413_1425",0.153695191655794
"2017_1376_1425",0.655166802112438
"2017_1292_1425",0.524507828110324
"2017_1211_1425",0.916755626955894
"2017_1240_1425",0.208728450635345
"2017_1166_1425",0.734637300192951
"2017_1199_1425",0.811373165040003
"2017_1332_1425",0.821146646362828
"2017_1308_1425",0.350854751794269
"2017_1291_1425",0.154531021598472
"2017_1173_1425",0.619468502848706
"2017_1233_1425",0.297491747682572
"2017_1274_1425",0.65675943711148
"2017_1374_1425",0.780678739759606
"2017_1417_1425",0.820185716720613
"2017_1411_1425",0.160523913292776
"2017_1423_1425",0.498692389969061
"2017_1348_1425",0.571452621070143
"2017_1278_1425",0.658671532996019
"2017_1315_1425",0.223181891101651
"2017_1388_1425",0.740104369727682
"2017_1321_1425",0.614055631830702
"2017_1153_1425",0.771384697126727
"2017_1297_1425",0.238074864471286
"2017_1371_1425",0.564259990485991
"2017_1344_1425",0.50181184190198
"2017_1245_1425",0.265983080533064
"2017_1242_1425",0.857975038227166
"2017_1196_1425",0.855091992327387
"2017_1257_1425",0.864238871118175
"2017_1314_1425",0.891854026656812
"2017_1246_1425",0.876817277599412
"2017_1112_1425",0.787057284418441
"2017_1407_1425",0.249164815284662
"2017_1124_1425",0.808143490344249
"2017_1305_1425",0.529646103318428
"2017_1345_1425",0.819395261366589
"2017_1343_1425",0.46056479287373
"2017_1268_1425",0.600076297347051
"2017_1323_1425",0.76200936945949
"2017_1300_1425",0.219975440506649
"2017_1329_1425",0.727721807754895
"2017_1139_1425",0.751964036318531
"2017_1116_1425",0.608552450359155
"2017_1137_1425",0.403611027198351
"2017_1266_1425",0.642937974662878
"2017_1139_1433",0.698677689768366
"2017_1166_1433",0.679216532267939
"2017_1374_1433",0.731357406227103
"2017_1278_1433",0.596107920621286
"2017_1211_1433",0.893875607628546
"2017_1423_1433",0.432088257570826
"2017_1417_1433",0.777213389500166
"2017_1388_1433",0.685336335919604
"2017_1292_1433",0.457603108982075
"2017_1274_1433",0.594061346556201
"2017_1266_1433",0.579332305640407
"2017_1153_1433",0.720720998999632
"2017_1407_1433",0.202429704991396
"2017_1355_1433",0.152236268342359
"2017_1240_1433",0.167882017046034
"2017_1199_1433",0.766893360572967
"2017_1243_1433",0.548187825441279
"2017_1291_1433",0.122646654690391
"2017_1173_1433",0.554578465318568
"2017_1371_1433",0.49759093365331
"2017_1348_1433",0.504918484243866
"2017_1116_1433",0.543173685067302
"2017_1233_1433",0.244645608067438
"2017_1137_1433",0.341066041271713
"2017_1190_1433",0.405380118259609
"2017_1305_1433",0.462723784102485
"2017_1300_1433",0.177421566746107
"2017_1112_1433",0.738690238598165
"2017_1413_1433",0.121958404661677
"2017_1297_1433",0.192885494732615
"2017_1321_1433",0.548914697787805
"2017_1124_1433",0.763124441337445
"2017_1257_1433",0.829607282780912
"2017_1315_1433",0.180150992598341
"2017_1411_1433",0.127589635760024
"2017_1308_1433",0.29247580661071
"2017_1425_1433",0.433372200854332
"2017_1196_1433",0.818616811094953
"2017_1309_1433",0.131743762384084
"2017_1242_1433",0.822074554464844
"2017_1345_1433",0.77628555545863
"2017_1277_1433",0.522837472774522
"2017_1323_1433",0.710048959498579
"2017_1245_1433",0.217005141305252
"2017_1276_1433",0.691845517923525
"2017_1181_1433",0.817921944731368
"2017_1195_1433",0.242575379322718
"2017_1376_1433",0.592358362049178
"2017_1332_1433",0.778341901490537
"2017_1329_1433",0.671502570160924
"2017_1344_1433",0.435152729555808
"2017_1314_1433",0.863151393287221
"2017_1235_1433",0.760354079129336
"2017_1343_1433",0.395040114176175
"2017_1246_1433",0.844818199028484
"2017_1268_1433",0.534365064428083
"2017_1268_1435",0.500669660656153
"2017_1116_1435",0.509530643390301
"2017_1181_1435",0.796948879701371
"2017_1233_1435",0.220565312906756
"2017_1166_1435",0.649120374711946
"2017_1315_1435",0.161065230484941
"2017_1413_1435",0.108223925195684
"2017_1196_1435",0.797703989625684
"2017_1246_1435",0.826285246261319
"2017_1348_1435",0.47120088516352
"2017_1242_1435",0.801463711329663
"2017_1235_1435",0.734899165481009
"2017_1274_1435",0.561138003863444
"2017_1300_1435",0.158569040661739
"2017_1376_1435",0.559399339750126
"2017_1190_1435",0.373297599544369
"2017_1425_1435",0.400566708362261
"2017_1343_1435",0.363275975154438
"2017_1417_1435",0.752967444357185
"2017_1292_1435",0.42433700567903
"2017_1153_1435",0.692757386195276
"2017_1276_1435",0.662345198785144
"2017_1305_1435",0.429380115779562
"2017_1388_1435",0.655523145179217
"2017_1344_1435",0.402308150624245
"2017_1137_1435",0.311407811522506
"2017_1332_1435",0.754179927869494
"2017_1355_1435",0.135618673776457
"2017_1407_1435",0.181506207300009
"2017_1243_1435",0.514584049347858
"2017_1308_1435",0.265341410467126
"2017_1374_1435",0.704021430259534
"2017_1309_1435",0.117054203364623
"2017_1211_1435",0.880371832773247
"2017_1112_1435",0.71180639550417
"2017_1411_1435",0.113302822214964
"2017_1423_1435",0.399311464412648
"2017_1345_1435",0.751970858057256
"2017_1323_1435",0.681489014680503
"2017_1139_1435",0.669518998568698
"2017_1245_1435",0.194943331923524
"2017_1199_1435",0.741897261114032
"2017_1291_1435",0.108844275286019
"2017_1173_1435",0.521034708757384
"2017_1433_1435",0.466301494222438
"2017_1124_1435",0.737862342459323
"2017_1297_1435",0.17273484974185
"2017_1329_1435",0.6410651407953
"2017_1257_1435",0.809667000565614
"2017_1266_1435",0.546127060536752
"2017_1371_1435",0.463904149199975
"2017_1277_1435",0.48910542964365
"2017_1314_1435",0.846409871485641
"2017_1278_1435",0.563228526063279
"2017_1195_1435",0.21863987307304
"2017_1321_1435",0.515317184470716
"2017_1240_1435",0.149858478508893
"2017_1139_1436",0.790111914857856
"2017_1257_1436",0.887697773938824
"2017_1348_1436",0.623461253797474
"2017_1246_1436",0.898358309913381
"2017_1344_1436",0.555701041847651
"2017_1423_1436",0.552618190187203
"2017_1190_1436",0.525351725944135
"2017_1355_1436",0.225730678578464
"2017_1278_1436",0.705549309735818
"2017_1417_1436",0.849935036744275
"2017_1329_1436",0.768450045973336
"2017_1345_1436",0.849251321522824
"2017_1407_1436",0.291814820128495
"2017_1112_1436",0.821091967955602
"2017_1374_1436",0.815493914731644
"2017_1413_1436",0.184008373071635
"2017_1137_1436",0.456620313552233
"2017_1245_1436",0.310322078128792
"2017_1411_1436",0.191878559397431
"2017_1309_1436",0.197651616482302
"2017_1116_1436",0.65874734931725
"2017_1323_1436",0.799025196662127
"2017_1300_1436",0.259354911583843
"2017_1371_1436",0.616555808006942
"2017_1276_1436",0.784714104711707
"2017_1196_1436",0.879911814124674
"2017_1199_1436",0.842300142408031
"2017_1235_1436",0.83742779576389
"2017_1266_1436",0.690962759751428
"2017_1268_1436",0.650734288096489
"2017_1153_1436",0.807311066268783
"2017_1291_1436",0.184973022556532
"2017_1211_1436",0.931855404173407
"2017_1321_1436",0.663934559495736
"2017_1425_1436",0.55391096304273
"2017_1240_1436",0.246731378846589
"2017_1343_1436",0.514599912992198
"2017_1388_1436",0.779541503613029
"2017_1166_1436",0.774651425346741
"2017_1435_1436",0.650125242502024
"2017_1173_1436",0.669024935935417
"2017_1305_1436",0.583026279363709
"2017_1195_1436",0.342084117155428
"2017_1308_1436",0.401600980392393
"2017_1274_1436",0.703781720314199
"2017_1124_1436",0.839495248959741
"2017_1376_1436",0.702308371874557
"2017_1292_1436",0.578006529572469
"2017_1181_1436",0.879417175958187
"2017_1233_1436",0.344617196588571
"2017_1314_1436",0.911032378904074
"2017_1243_1436",0.663279334579296
"2017_1297_1436",0.27953330759381
"2017_1277_1436",0.640147545426727
"2017_1315_1436",0.262941877327626
"2017_1433_1436",0.618831407349508
"2017_1242_1436",0.882368983173254
"2017_1332_1436",0.850765912463306
"2017_1292_1437",0.118344921059619
"2017_1112_1437",0.310233139319366
"2017_1124_1437",0.338874121437451
"2017_1297_1437",0.0366299798404843
"2017_1137_1437",0.0760864081128824
"2017_1329_1437",0.245415811506095
"2017_1243_1437",0.161806161922538
"2017_1308_1437",0.0617112438640022
"2017_1276_1437",0.263192637139698
"2017_1242_1437",0.423667634941003
"2017_1240_1437",0.0311011776914705
"2017_1245_1437",0.0422328310011928
"2017_1266_1437",0.179731349529406
"2017_1433_1437",0.137264110642343
"2017_1257_1437",0.436505853561791
"2017_1407_1437",0.0388142957096224
"2017_1436_1437",0.0892527798594587
"2017_1315_1437",0.0337798720450787
"2017_1376_1437",0.187783324321975
"2017_1274_1437",0.18886206610821
"2017_1291_1437",0.0217573941895637
"2017_1374_1437",0.302234200191016
"2017_1166_1437",0.251989784457266
"2017_1211_1437",0.572669974908859
"2017_1139_1437",0.2694937323688
"2017_1411_1437",0.0227396612437315
"2017_1423_1437",0.107980448009543
"2017_1348_1437",0.13961069715932
"2017_1371_1437",0.136126933234212
"2017_1413_1437",0.0216213470892906
"2017_1233_1437",0.0490053906749095
"2017_1343_1437",0.0941165661315572
"2017_1305_1437",0.120512724123933
"2017_1321_1437",0.16220463876896
"2017_1196_1437",0.41794928626355
"2017_1300_1437",0.0331783359446866
"2017_1268_1437",0.154396787585189
"2017_1435_1437",0.154047391689906
"2017_1314_1437",0.500878280748592
"2017_1344_1437",0.109188215222586
"2017_1388_1437",0.257348376742287
"2017_1309_1437",0.0235722691229173
"2017_1235_1437",0.33546275098368
"2017_1173_1437",0.165340824625391
"2017_1195_1437",0.0484844344333931
"2017_1153_1437",0.291076622619098
"2017_1332_1437",0.358432985935292
"2017_1425_1437",0.108485282641637
"2017_1181_1437",0.416812982462391
"2017_1417_1437",0.356932917993327
"2017_1278_1437",0.190166647651194
"2017_1116_1437",0.159081800026528
"2017_1277_1437",0.148452754678831
"2017_1345_1437",0.355705741957277
"2017_1199_1437",0.343586958550896
"2017_1246_1437",0.464142262446389
"2017_1355_1437",0.0277771856012825
"2017_1190_1437",0.0978540811647916
"2017_1323_1437",0.280379513592561
"2017_1112_1438",0.438038980651875
"2017_1274_1438",0.287508372008341
"2017_1315_1438",0.0571287868769598
"2017_1344_1438",0.175208341629525
"2017_1166_1438",0.368624307404573
"2017_1437_1438",0.634113549243488
"2017_1425_1438",0.174163481272911
"2017_1332_1438",0.491933966570795
"2017_1323_1438",0.403073543260806
"2017_1343_1438",0.152584632757061
"2017_1305_1438",0.191905063551235
"2017_1345_1438",0.488965110648022
"2017_1235_1438",0.466630921894373
"2017_1321_1438",0.251239945964584
"2017_1407_1438",0.065407479537669
"2017_1436_1438",0.14518356783877
"2017_1435_1438",0.239887196537709
"2017_1348_1438",0.219493207972082
"2017_1277_1438",0.232030136653325
"2017_1423_1438",0.173412464059745
"2017_1240_1438",0.0526995441336943
"2017_1124_1438",0.470431903347147
"2017_1374_1438",0.428793263454131
"2017_1139_1438",0.390005837428743
"2017_1329_1438",0.360473896158023
"2017_1308_1438",0.102322011688156
"2017_1257_1438",0.573109641581918
"2017_1314_1438",0.634928257545915
"2017_1196_1438",0.554459970041687
"2017_1388_1438",0.375218998077635
"2017_1116_1438",0.246908138130641
"2017_1268_1438",0.240375964343668
"2017_1195_1438",0.0811436884906934
"2017_1199_1438",0.475658009528881
"2017_1413_1438",0.036887032324781
"2017_1242_1438",0.560248280013527
"2017_1153_1438",0.415747314297286
"2017_1411_1438",0.0387636452517702
"2017_1300_1438",0.0561356206997066
"2017_1278_1438",0.28925137190015
"2017_1173_1438",0.255572464902647
"2017_1297_1438",0.0618228616846809
"2017_1245_1438",0.0709951886436592
"2017_1309_1438",0.0401588578610154
"2017_1211_1438",0.699024721897368
"2017_1376_1438",0.286064894248663
"2017_1233_1438",0.0819853262758928
"2017_1371_1438",0.214513084287679
"2017_1246_1438",0.600182933994846
"2017_1181_1438",0.553305336990625
"2017_1137_1438",0.124897905438253
"2017_1266_1438",0.2752267230556
"2017_1433_1438",0.216141247347405
"2017_1276_1438",0.382361873638261
"2017_1417_1438",0.49030216902201
"2017_1243_1438",0.250688190521221
"2017_1355_1438",0.0471795928151887
"2017_1190_1438",0.15823842673436
"2017_1292_1438",0.188728622525749
"2017_1291_1438",0.0371154911204837
"2017_1240_1439",0.159746463478756
"2017_1278_1439",0.581728007606528
"2017_1196_1439",0.809628997917904
"2017_1344_1439",0.420612082680098
"2017_1348_1439",0.490069214967404
"2017_1257_1439",0.82104501226772
"2017_1376_1439",0.577939471560222
"2017_1199_1439",0.756106169435461
"2017_1211_1439",0.888107257879685
"2017_1112_1439",0.727062419154287
"2017_1116_1439",0.528400131245373
"2017_1276_1439",0.679038910439376
"2017_1436_1439",0.367258958901041
"2017_1153_1439",0.708608998110354
"2017_1181_1439",0.808907737363411
"2017_1233_1439",0.23383544963849
"2017_1329_1439",0.65826812463682
"2017_1388_1439",0.672387311387087
"2017_1139_1439",0.686026163645956
"2017_1305_1439",0.447992542602649
"2017_1417_1439",0.766758519305251
"2017_1173_1439",0.539861293843032
"2017_1315_1439",0.17154345408443
"2017_1438_1439",0.77362490273899
"2017_1235_1439",0.749363177054784
"2017_1332_1439",0.767924176399189
"2017_1292_1439",0.442900503154172
"2017_1435_1439",0.518889939730107
"2017_1277_1439",0.508001956513218
"2017_1355_1439",0.144727037515762
"2017_1308_1439",0.280336553318984
"2017_1246_1439",0.836869981821812
"2017_1268_1439",0.519558610732336
"2017_1345_1439",0.765800264484261
"2017_1437_1439",0.855548476836185
"2017_1274_1439",0.579659948658864
"2017_1321_1439",0.534167579916026
"2017_1124_1439",0.752219191739846
"2017_1195_1439",0.23182862250206
"2017_1243_1439",0.533437142441966
"2017_1300_1439",0.168917569859826
"2017_1190_1439",0.391145408650338
"2017_1309_1439",0.125096191908178
"2017_1413_1439",0.115738769639546
"2017_1374_1439",0.719527180664027
"2017_1245_1439",0.20708149774636
"2017_1297_1439",0.183805918232617
"2017_1371_1439",0.482747033295929
"2017_1166_1439",0.666138350648662
"2017_1343_1439",0.380935883216313
"2017_1433_1439",0.485153631371987
"2017_1407_1439",0.193008295199111
"2017_1314_1439",0.855982105488019
"2017_1137_1439",0.327844539330284
"2017_1425_1439",0.418846932473099
"2017_1266_1439",0.564791180354021
"2017_1291_1439",0.116396573200053
"2017_1411_1439",0.121122434780406
"2017_1323_1439",0.69766827671354
"2017_1242_1439",0.813218984481247
"2017_1423_1439",0.417574309366838
"2017_1233_1448",0.213433251448334
"2017_1332_1448",0.746314676783447
"2017_1112_1448",0.703119062318716
"2017_1297_1448",0.166818389890821
"2017_1276_1448",0.652893957600961
"2017_1343_1448",0.353622917349589
"2017_1153_1448",0.683750956459905
"2017_1211_1448",0.875879714477706
"2017_1196_1448",0.790845128199604
"2017_1321_1448",0.504827228618458
"2017_1411_1448",0.109153416258139
"2017_1308_1448",0.257239336411625
"2017_1274_1448",0.550775238881894
"2017_1374_1448",0.695199913896101
"2017_1314_1448",0.840872967888061
"2017_1348_1448",0.460755263499091
"2017_1345_1448",0.744058912302262
"2017_1437_1448",0.84040232868456
"2017_1388_1448",0.645983012560453
"2017_1423_1448",0.389286294896775
"2017_1166_1448",0.639500436928295
"2017_1376_1448",0.549028514615184
"2017_1439_1448",0.470640278952999
"2017_1323_1448",0.672308515527389
"2017_1246_1448",0.820176985750543
"2017_1277_1448",0.478622145823485
"2017_1329_1448",0.631349779876347
"2017_1181_1448",0.790071153816895
"2017_1371_1448",0.453481566464267
"2017_1355_1448",0.130772542111794
"2017_1417_1448",0.745076511805993
"2017_1257_1448",0.80311363554943
"2017_1435_1448",0.489506940739371
"2017_1240_1448",0.144588624063883
"2017_1305_1448",0.419126770796996
"2017_1291_1448",0.104838845720216
"2017_1344_1448",0.392256875395339
"2017_1407_1448",0.1753529957419
"2017_1436_1448",0.340387431756401
"2017_1137_1448",0.302478262446172
"2017_1190_1448",0.363530283939119
"2017_1309_1448",0.112784888124471
"2017_1266_1448",0.535703124521676
"2017_1278_1448",0.552875790833301
"2017_1173_1448",0.510550964666834
"2017_1124_1448",0.729662141512633
"2017_1139_1448",0.660165531736114
"2017_1433_1448",0.455870851303529
"2017_1242_1448",0.794699516391717
"2017_1292_1448",0.414116689922384
"2017_1425_1448",0.390530513183437
"2017_1438_1448",0.752375052941916
"2017_1300_1448",0.153048018803993
"2017_1235_1448",0.726640611182743
"2017_1243_1448",0.504093495819078
"2017_1195_1448",0.211553172948545
"2017_1199_1448",0.733777740043836
"2017_1413_1448",0.10423865401427
"2017_1116_1448",0.499037198987677
"2017_1315_1448",0.155473355754493
"2017_1268_1448",0.490176325279968
"2017_1245_1448",0.188439465944724
"2017_1348_1452",0.157698389797019
"2017_1435_1452",0.173628026677414
"2017_1425_1452",0.12311746442988
"2017_1190_1452",0.111231260732473
"2017_1448_1452",0.179733900979088
"2017_1374_1452",0.333230931183741
"2017_1112_1452",0.34164855589239
"2017_1329_1452",0.272864081722847
"2017_1321_1452",0.182598320559
"2017_1433_1452",0.155102589676629
"2017_1343_1452",0.107043432284664
"2017_1308_1452",0.0705338063174151
"2017_1314_1452",0.536581120882531
"2017_1344_1452",0.123902029974531
"2017_1411_1452",0.0261458972205176
"2017_1242_1452",0.458927267276538
"2017_1413_1452",0.0248643298085266
"2017_1438_1452",0.39967205791526
"2017_1153_1452",0.321456221996798
"2017_1240_1452",0.0357141354506387
"2017_1291_1452",0.0250202607552648
"2017_1266_1452",0.20179785531399
"2017_1323_1452",0.310131071081846
"2017_1278_1452",0.213181374526089
"2017_1166_1452",0.279900581457705
"2017_1233_1452",0.0561201044702
"2017_1243_1452",0.182160637087865
"2017_1139_1452",0.298569433710034
"2017_1436_1452",0.101586521674677
"2017_1124_1452",0.371627235712552
"2017_1292_1452",0.134106900109695
"2017_1195_1452",0.0555279308148411
"2017_1332_1452",0.391955763047816
"2017_1277_1452",0.167463039624678
"2017_1196_1452",0.453107165031034
"2017_1173_1452",0.186041253176838
"2017_1211_1452",0.607264063901121
"2017_1257_1452",0.47195898279496
"2017_1268_1452",0.174012698190129
"2017_1276_1452",0.291860124436917
"2017_1305_1452",0.136518718997562
"2017_1315_1452",0.0387742366655932
"2017_1417_1452",0.390400771101646
"2017_1437_1452",0.535707429037653
"2017_1274_1452",0.21176019222915
"2017_1388_1452",0.285626063366206
"2017_1181_1452",0.451949495680109
"2017_1297_1452",0.0420274047348814
"2017_1245_1452",0.0484143459434229
"2017_1309_1452",0.0270997652185009
"2017_1300_1452",0.038087269069598
"2017_1355_1452",0.0319133644382568
"2017_1116_1452",0.179166818851974
"2017_1235_1452",0.36806971156788
"2017_1371_1452",0.153843980813362
"2017_1376_1452",0.210584616064981
"2017_1407_1452",0.0445187058355722
"2017_1345_1452",0.389128156865928
"2017_1137_1452",0.0867740567036156
"2017_1246_1452",0.499848917708458
"2017_1439_1452",0.163047532789613
"2017_1423_1452",0.122553899379004
"2017_1199_1452",0.376536152098397
"2017_1343_1455",0.167033312149523
"2017_1199_1455",0.50255652294847
"2017_1124_1455",0.497315183543914
"2017_1348_1455",0.23849453082038
"2017_1309_1455",0.044520924117578
"2017_1439_1455",0.245784572154783
"2017_1448_1455",0.268224693293813
"2017_1344_1455",0.191315670677271
"2017_1433_1455",0.234939739767532
"2017_1332_1455",0.518842134199494
"2017_1371_1455",0.233212100675163
"2017_1195_1455",0.0895422377243434
"2017_1245_1455",0.0784330067525608
"2017_1323_1455",0.429227480240632
"2017_1355_1455",0.0522627304853454
"2017_1376_1455",0.308551009679776
"2017_1278_1455",0.311878542552439
"2017_1300_1455",0.0621207725084132
"2017_1437_1455",0.658715699569423
"2017_1291_1455",0.0411611620313516
"2017_1137_1455",0.137149161164472
"2017_1411_1455",0.0429809493486151
"2017_1266_1455",0.297215569927862
"2017_1417_1455",0.517211943408269
"2017_1292_1455",0.20576881245946
"2017_1257_1455",0.599221165401057
"2017_1297_1455",0.0683704607587161
"2017_1246_1455",0.625719944313925
"2017_1423_1455",0.189392604626178
"2017_1425_1455",0.190196904401758
"2017_1190_1455",0.173113112026294
"2017_1315_1455",0.0632127378144236
"2017_1452_1455",0.625861464126033
"2017_1268_1455",0.260581532059145
"2017_1329_1455",0.385649492482093
"2017_1388_1455",0.400779038758206
"2017_1116_1455",0.267469452303725
"2017_1436_1455",0.159062967046862
"2017_1374_1455",0.455343032163687
"2017_1321_1455",0.272031688586189
"2017_1435_1455",0.260065745202711
"2017_1243_1455",0.271450825570195
"2017_1345_1455",0.515875774497018
"2017_1196_1455",0.580877997195078
"2017_1274_1455",0.310058674832903
"2017_1112_1455",0.464695496321154
"2017_1240_1455",0.058340987725059
"2017_1139_1455",0.415902635954551
"2017_1308_1455",0.112643843096647
"2017_1276_1455",0.40809067121246
"2017_1173_1455",0.276590306273563
"2017_1153_1455",0.442114527397406
"2017_1407_1455",0.0723054628208269
"2017_1413_1455",0.040908858721603
"2017_1305_1455",0.209158111250925
"2017_1242_1455",0.586579003120543
"2017_1211_1455",0.721181369454098
"2017_1166_1455",0.394018424273057
"2017_1314_1455",0.659505042256604
"2017_1181_1455",0.579739934797974
"2017_1438_1455",0.52689181941569
"2017_1233_1455",0.0904624106531043
"2017_1277_1455",0.251766683163941
"2017_1235_1455",0.493499407949158
"2017_1345_1457",0.914718838397318
"2017_1300_1457",0.400015134872665
"2017_1274_1457",0.818956509655823
"2017_1240_1457",0.384095753794283
"2017_1439_1457",0.766368152088517
"2017_1329_1457",0.86336235504464
"2017_1190_1457",0.678179049365125
"2017_1246_1457",0.943908093687201
"2017_1417_1457",0.91513529947386
"2017_1116_1457",0.78611069892505
"2017_1243_1457",0.78949175715442
"2017_1448_1457",0.786757530221908
"2017_1376_1457",0.817907805393431
"2017_1181_1457",0.93282049663812
"2017_1411_1457",0.311325957332351
"2017_1266_1457",0.809774592398525
"2017_1323_1457",0.883307900392025
"2017_1438_1457",0.918100192182901
"2017_1371_1457",0.753780318182247
"2017_1195_1457",0.497475431512114
"2017_1423_1457",0.70165200771733
"2017_1242_1457",0.934562292879227
"2017_1291_1457",0.301726651873111
"2017_1137_1457",0.615375701963809
"2017_1235_1457",0.907470611286197
"2017_1344_1457",0.704257487379394
"2017_1332_1457",0.915641006511763
"2017_1211_1457",0.963011840615441
"2017_1437_1457",0.951047561005843
"2017_1343_1457",0.66870600389699
"2017_1199_1457",0.910468182274142
"2017_1276_1457",0.874052426970148
"2017_1309_1457",0.319272985254947
"2017_1308_1457",0.560975813087437
"2017_1257_1457",0.937693636503867
"2017_1315_1457",0.404485058485112
"2017_1173_1457",0.793753410544447
"2017_1297_1457",0.424859539866951
"2017_1112_1457",0.8973098747789
"2017_1355_1457",0.356943493922534
"2017_1388_1457",0.870672566034792
"2017_1455_1457",0.909631079765673
"2017_1245_1457",0.461403953326394
"2017_1452_1457",0.943940081678825
"2017_1166_1457",0.867460215931902
"2017_1268_1457",0.780089922983088
"2017_1124_1457",0.908744385883762
"2017_1425_1457",0.702745775948988
"2017_1348_1457",0.759179742581282
"2017_1277_1457",0.772050641429682
"2017_1292_1457",0.722824863086241
"2017_1153_1457",0.888603376215905
"2017_1321_1457",0.789979151058988
"2017_1314_1457",0.951210859542735
"2017_1233_1457",0.500284197626953
"2017_1374_1457",0.893788195855798
"2017_1305_1457",0.726935778339171
"2017_1278_1457",0.820212399102641
"2017_1413_1457",0.300377524768994
"2017_1433_1457",0.755564403187584
"2017_1435_1457",0.779630057799601
"2017_1196_1457",0.933112732781988
"2017_1407_1457",0.43962992328348
"2017_1436_1457",0.655639509234065
"2017_1139_1457",0.877559783640942
"2017_1190_1458",0.227058704133118
"2017_1116_1458",0.338771980130975
"2017_1305_1458",0.270659448921863
"2017_1153_1458",0.526510979190014
"2017_1417_1458",0.600513027903871
"2017_1245_1458",0.10668083128906
"2017_1257_1458",0.677203387040975
"2017_1308_1458",0.15119138824492
"2017_1235_1458",0.577550107042736
"2017_1243_1458",0.343317283822563
"2017_1268_1458",0.330877257033783
"2017_1439_1458",0.31378253126527
"2017_1457_1458",0.122344800775276
"2017_1291_1458",0.0568129850921873
"2017_1292_1458",0.266609526856504
"2017_1124_1458",0.581269946728459
"2017_1196_1458",0.660406645181673
"2017_1199_1458",0.586363994680682
"2017_1300_1458",0.0850358029087852
"2017_1321_1458",0.343979322374714
"2017_1137_1458",0.182359231541661
"2017_1433_1458",0.301135330010978
"2017_1348_1458",0.305292028861569
"2017_1413_1458",0.056470392015082
"2017_1173_1458",0.349165320703229
"2017_1323_1458",0.513427892532718
"2017_1329_1458",0.468315383086055
"2017_1195_1458",0.121264602467563
"2017_1344_1458",0.249223923223294
"2017_1355_1458",0.0718198046685844
"2017_1314_1458",0.731022694434812
"2017_1297_1458",0.0933613788789499
"2017_1455_1458",0.583881553079434
"2017_1112_1458",0.549159370976721
"2017_1332_1458",0.602078344928115
"2017_1436_1458",0.209740810276997
"2017_1309_1458",0.0613685519701425
"2017_1376_1458",0.385048521839563
"2017_1345_1458",0.599228761911599
"2017_1448_1458",0.339635207114892
"2017_1437_1458",0.730331353178362
"2017_1374_1458",0.539821250262412
"2017_1181_1458",0.659357893213725
"2017_1343_1458",0.21958743996436
"2017_1266_1458",0.372416399687808
"2017_1277_1458",0.320715879777509
"2017_1242_1458",0.665648544663336
"2017_1233_1458",0.122466917845315
"2017_1371_1458",0.299111229373971
"2017_1452_1458",0.701244498202954
"2017_1411_1458",0.0592819760410123
"2017_1166_1458",0.477085133958084
"2017_1435_1458",0.33028448079829
"2017_1139_1458",0.499777922707898
"2017_1240_1458",0.0799806378411681
"2017_1276_1458",0.491716786650015
"2017_1425_1458",0.247870318549744
"2017_1246_1458",0.701117875449057
"2017_1278_1458",0.388737224861061
"2017_1274_1458",0.386720918834007
"2017_1388_1458",0.484132337793057
"2017_1315_1458",0.0864934235525181
"2017_1407_1458",0.0985825111473902
"2017_1423_1458",0.246896488572586
"2017_1438_1458",0.609782812028515
"2017_1211_1458",0.783987593464748
"2017_1245_1462",0.20489826919656
"2017_1425_1462",0.41560129664795
"2017_1355_1462",0.143082575479404
"2017_1371_1462",0.479414713226665
"2017_1407_1462",0.190937709835194
"2017_1376_1462",0.574680104587063
"2017_1315_1462",0.169654731944573
"2017_1423_1462",0.414331504320299
"2017_1332_1462",0.765536759246558
"2017_1343_1462",0.377793045541276
"2017_1266_1462",0.561507314063264
"2017_1413_1462",0.11437963756904
"2017_1190_1462",0.387971127773686
"2017_1278_1462",0.578476558876806
"2017_1321_1462",0.530844586632836
"2017_1243_1462",0.530113522128391
"2017_1235_1462",0.746847763933862
"2017_1268_1462",0.516225786053642
"2017_1196_1462",0.807563096372147
"2017_1344_1462",0.417362591856329
"2017_1345_1462",0.763397730029518
"2017_1292_1462",0.439609470690333
"2017_1199_1462",0.753636181027995
"2017_1323_1462",0.69484532001597
"2017_1112_1462",0.724405505502608
"2017_1436_1462",0.364162582950748
"2017_1240_1462",0.157962862490831
"2017_1300_1462",0.167051929376966
"2017_1435_1462",0.515556801544032
"2017_1137_1462",0.324909831008246
"2017_1374_1462",0.716825484060411
"2017_1274_1462",0.576404129931459
"2017_1242_1462",0.811182955717088
"2017_1257_1462",0.819075312636259
"2017_1411_1462",0.119708640445562
"2017_1437_1462",0.85389096398808
"2017_1181_1462",0.806835876132908
"2017_1388_1462",0.669440143843386
"2017_1348_1462",0.486733912705647
"2017_1195_1462",0.22945999125693
"2017_1116_1462",0.525072575259683
"2017_1166_1462",0.663163129400833
"2017_1308_1462",0.277651445413476
"2017_1276_1462",0.676122757482173
"2017_1153_1462",0.705845126168532
"2017_1438_1462",0.771278663319331
"2017_1314_1462",0.85432872113101
"2017_1433_1462",0.48182017332683
"2017_1439_1462",0.496662939205166
"2017_1233_1462",0.231452492255703
"2017_1139_1462",0.683143871513732
"2017_1309_1462",0.12364253946261
"2017_1417_1462",0.764362790321469
"2017_1291_1462",0.115030721351394
"2017_1297_1462",0.181811813790682
"2017_1246_1462",0.835039467011682
"2017_1448_1462",0.526032862549124
"2017_1277_1462",0.504665394038738
"2017_1452_1462",0.835122695629754
"2017_1329_1462",0.655259064361075
"2017_1173_1462",0.536543677143749
"2017_1124_1462",0.749722868708233
"2017_1455_1462",0.751732578597896
"2017_1211_1462",0.886773898627759
"2017_1305_1462",0.444693875772126
"2017_1457_1462",0.231250339131976
"2017_1458_1462",0.683336122149089
