"Id","Pred"
"2017_1112_1116",0.698387096774193
"2017_1112_1124",0.483777038269551
"2017_1116_1124",0.286610878661088
"2017_1116_1137",0.886185959760308
"2017_1124_1137",0.932036304177824
"2017_1112_1137",0.92931433923202
"2017_1124_1139",0.57972972972973
"2017_1112_1139",0.563653136531365
"2017_1116_1139",0.362171837708831
"2017_1137_1139",0.0823569951757409
"2017_1116_1153",0.325112107623318
"2017_1112_1153",0.525043936731107
"2017_1137_1153",0.0750804994895154
"2017_1139_1153",0.461281070745698
"2017_1124_1153",0.541237113402062
"2017_1116_1166",0.374087591240876
"2017_1137_1166",0.0847918637653737
"2017_1139_1166",0.512295081967213
"2017_1112_1166",0.575842696629214
"2017_1153_1166",0.550970873786408
"2017_1124_1166",0.591864716636197
"2017_1139_1173",0.723821989528796
"2017_1112_1173",0.765186915887851
"2017_1116_1173",0.590983606557377
"2017_1137_1173",0.139399241761446
"2017_1124_1173",0.772108843537415
"2017_1166_1173",0.712566844919786
"2017_1153_1173",0.754278728606357
"2017_1112_1181",0.434782608695652
"2017_1116_1181",0.24616122840691
"2017_1139_1181",0.372073578595318
"2017_1124_1181",0.450913242009132
"2017_1166_1181",0.360169491525424
"2017_1137_1181",0.0602850296380376
"2017_1173_1181",0.207644628099174
"2017_1153_1181",0.41
"2017_1139_1190",0.911770984544445
"2017_1112_1190",0.924179977007558
"2017_1116_1190",0.878479300611573
"2017_1173_1190",0.851565866973136
"2017_1124_1190",0.927078432295097
"2017_1181_1190",0.93526408119792
"2017_1137_1190",0.470874701520674
"2017_1166_1190",0.909186124864501
"2017_1153_1190",0.919503739482705
"2017_1173_1195",0.88065286690819
"2017_1124_1195",0.942775676076849
"2017_1112_1195",0.940446269398252
"2017_1166_1195",0.92832719489094
"2017_1190_1195",0.598917086975375
"2017_1181_1195",0.949331128627197
"2017_1116_1195",0.903141530125145
"2017_1153_1195",0.936679037062357
"2017_1137_1195",0.570151085480066
"2017_1139_1195",0.930424741121555
"2017_1173_1196",0.216594827586207
"2017_1112_1196",0.456730769230769
"2017_1116_1196",0.255988023952096
"2017_1153_1196",0.431818181818182
"2017_1139_1196",0.393598615916955
"2017_1181_1196",0.522058823529412
"2017_1190_1196",0.068302007359584
"2017_1166_1196",0.381578947368421
"2017_1124_1196",0.472919937205652
"2017_1137_1196",0.0636286994719794
"2017_1195_1196",0.0535205745181394
"2017_1112_1199",0.515625
"2017_1196_1199",0.558823529411765
"2017_1181_1199",0.580696202531646
"2017_1166_1199",0.439655172413793
"2017_1116_1199",0.316225165562914
"2017_1173_1199",0.241586538461538
"2017_1190_1199",0.0787078180941015
"2017_1139_1199",0.45188679245283
"2017_1195_1199",0.0618788472967521
"2017_1153_1199",0.490574506283663
"2017_1124_1199",0.531833616298812
"2017_1137_1199",0.0733991912780877
"2017_1139_1211",0.33125
"2017_1181_1211",0.457547169811321
"2017_1196_1211",0.435595567867036
"2017_1173_1211",0.19106463878327
"2017_1199_1211",0.377596439169139
"2017_1112_1211",0.392857142857143
"2017_1116_1211",0.227797513321492
"2017_1166_1211",0.319620253164557
"2017_1195_1211",0.0455699174810475
"2017_1137_1211",0.0542935029532031
"2017_1124_1211",0.408798283261803
"2017_1190_1211",0.0583394500592852
"2017_1153_1211",0.368440779610195
"2017_1199_1233",0.941495854294358
"2017_1112_1233",0.943704539543781
"2017_1181_1233",0.952136992945641
"2017_1190_1233",0.621287360629626
"2017_1166_1233",0.932183391108371
"2017_1139_1233",0.934179034204047
"2017_1153_1233",0.940125544292955
"2017_1196_1233",0.949431788209229
"2017_1195_1233",0.522857800774795
"2017_1124_1233",0.945916483977046
"2017_1116_1233",0.90816933982921
"2017_1211_1233",0.956970958081912
"2017_1173_1233",0.886645438113418
"2017_1137_1233",0.592744502669083
"2017_1139_1235",0.413101604278075
"2017_1166_1235",0.400994575045208
"2017_1199_1235",0.460924369747899
"2017_1196_1235",0.519828926905132
"2017_1153_1235",0.451530612244898
"2017_1195_1235",0.0562095843069878
"2017_1181_1235",0.54185520361991
"2017_1112_1235",0.476523887973641
"2017_1211_1235",0.584042553191489
"2017_1124_1235",0.492741935483871
"2017_1137_1235",0.066776874898135
"2017_1173_1235",0.224832214765101
"2017_1116_1235",0.279958677685951
"2017_1190_1235",0.0716572657080771
"2017_1233_1235",0.0531202007567961
"2017_1166_1240",0.973720890337522
"2017_1181_1240",0.981779390118795
"2017_1199_1240",0.977517474178576
"2017_1116_1240",0.963631237665633
"2017_1139_1240",0.974539826318195
"2017_1195_1240",0.80817843866171
"2017_1196_1240",0.980703522335417
"2017_1173_1240",0.954202324451586
"2017_1211_1240",0.983689142066175
"2017_1124_1240",0.979297762536637
"2017_1112_1240",0.97840871051287
"2017_1233_1240",0.79934506753991
"2017_1153_1240",0.976962770107056
"2017_1235_1240",0.979683860646701
"2017_1190_1240",0.843556520074041
"2017_1137_1240",0.833717774762551
"2017_1199_1242",0.416141732283465
"2017_1112_1242",0.43160741885626
"2017_1195_1242",0.0502671186775158
"2017_1124_1242",0.447727272727273
"2017_1196_1242",0.474743777452416
"2017_1181_1242",0.496799431009957
"2017_1139_1242",0.368968386023295
"2017_1240_1242",0.0180694912380292
"2017_1116_1242",0.244751908396947
"2017_1233_1242",0.0474819914804489
"2017_1166_1242",0.3570826306914
"2017_1211_1242",0.539261744966443
"2017_1153_1242",0.406847133757962
"2017_1173_1242",0.206365503080082
"2017_1137_1242",0.0598135518988926
"2017_1190_1242",0.0642328733059804
"2017_1235_1242",0.454954954954955
"2017_1195_1243",0.0797915186637504
"2017_1139_1243",0.556941431670282
"2017_1199_1243",0.604545454545454
"2017_1240_1243",0.0294793307915279
"2017_1112_1243",0.619822485207101
"2017_1196_1243",0.661602209944751
"2017_1181_1243",0.682504440497336
"2017_1166_1243",0.544701986754967
"2017_1116_1243",0.41796875
"2017_1233_1243",0.0755471617392088
"2017_1242_1243",0.685512367491166
"2017_1190_1243",0.100778659210612
"2017_1211_1243",0.721900826446281
"2017_1124_1243",0.635576923076923
"2017_1173_1243",0.329250720461095
"2017_1153_1243",0.595286885245902
"2017_1137_1243",0.0941902853952511
"2017_1235_1243",0.642585551330799
"2017_1139_1245",0.946925036844603
"2017_1181_1245",0.961600672293207
"2017_1196_1245",0.959399422926261
"2017_1166_1245",0.945284938068138
"2017_1112_1245",0.954728016534208
"2017_1199_1245",0.952922473578091
"2017_1242_1245",0.961910438664109
"2017_1240_1245",0.236800154581904
"2017_1124_1245",0.956533968864431
"2017_1195_1245",0.609706485053037
"2017_1116_1245",0.925402871888495
"2017_1190_1245",0.704674948027616
"2017_1243_1245",0.938914124716097
"2017_1233_1245",0.58723759318756
"2017_1137_1245",0.677430003503193
"2017_1153_1245",0.951801147834766
"2017_1211_1245",0.965525773530414
"2017_1173_1245",0.907349670780099
"2017_1235_1245",0.957319767792218
"2017_1211_1246",0.518627450980392
"2017_1139_1246",0.349033816425121
"2017_1181_1246",0.476141078838174
"2017_1242_1246",0.479338842975207
"2017_1199_1246",0.395801526717557
"2017_1137_1246",0.0568494915657397
"2017_1112_1246",0.411169415292354
"2017_1124_1246",0.427205882352941
"2017_1166_1246",0.337275693311582
"2017_1195_1246",0.0477434071138572
"2017_1243_1246",0.295221843003413
"2017_1245_1246",0.0361456543558512
"2017_1233_1246",0.0450890997298786
"2017_1173_1246",0.198224852071006
"2017_1190_1246",0.0610691910634777
"2017_1235_1246",0.434402332361516
"2017_1240_1246",0.0171227374024577
"2017_1116_1246",0.235753676470588
"2017_1153_1246",0.386574074074074
"2017_1196_1246",0.454125177809388
"2017_1112_1257",0.436915887850467
"2017_1199_1257",0.421428571428571
"2017_1195_1257",0.0509402933372378
"2017_1139_1257",0.374161073825503
"2017_1245_1257",0.0386086529900242
"2017_1242_1257",0.505349500713267
"2017_1233_1257",0.048120432852625
"2017_1153_1257",0.412118780096308
"2017_1173_1257",0.20850622406639
"2017_1211_1257",0.544594594594594
"2017_1124_1257",0.453053435114504
"2017_1166_1257",0.362244897959184
"2017_1190_1257",0.0650756828249323
"2017_1240_1257",0.0183227677770468
"2017_1181_1257",0.50214899713467
"2017_1196_1257",0.480088495575221
"2017_1246_1257",0.526005547850208
"2017_1137_1257",0.0606034992815485
"2017_1243_1257",0.31951871657754
"2017_1116_1257",0.247109826589595
"2017_1235_1257",0.460287443267776
"2017_1112_1266",0.639112903225806
"2017_1245_1266",0.0641279087314762
"2017_1199_1266",0.62396694214876
"2017_1124_1266",0.654715127701375
"2017_1233_1266",0.0792265369493607
"2017_1173_1266",0.348214285714286
"2017_1211_1266",0.744949494949495
"2017_1166_1266",0.56447963800905
"2017_1195_1266",0.0836519684023481
"2017_1153_1266",0.614779874213837
"2017_1242_1266",0.704054054054054
"2017_1243_1266",0.519879518072289
"2017_1240_1266",0.0310182490065555
"2017_1139_1266",0.576666666666667
"2017_1190_1266",0.105494673790968
"2017_1137_1266",0.0986448373116874
"2017_1181_1266",0.701086956521739
"2017_1246_1266",0.723043478260869
"2017_1235_1266",0.661650485436893
"2017_1257_1266",0.699090909090909
"2017_1196_1266",0.680451127819549
"2017_1116_1266",0.437667560321716
"2017_1211_1268",0.805765595463138
"2017_1190_1268",0.145815692915608
"2017_1245_1268",0.0908672967540521
"2017_1124_1268",0.768581081081081
"2017_1233_1268",0.111240509266934
"2017_1173_1268",0.49169741697417
"2017_1112_1268",0.761600928074246
"2017_1266_1268",0.643805309734513
"2017_1242_1268",0.79030612244898
"2017_1195_1268",0.11714188340218
"2017_1235_1268",0.771666666666667
"2017_1137_1268",0.136903909494487
"2017_1243_1268",0.662857142857143
"2017_1246_1268",0.798529411764706
"2017_1257_1268",0.788144329896907
"2017_1181_1268",0.789014373716632
"2017_1166_1268",0.704907161803713
"2017_1199_1268",0.754773269689737
"2017_1153_1268",0.750606796116505
"2017_1139_1268",0.716233766233766
"2017_1116_1268",0.582792207792208
"2017_1240_1268",0.0448547846933734
"2017_1196_1268",0.779978586723769
"2017_1245_1274",0.0641279087314762
"2017_1190_1274",0.105494673790968
"2017_1137_1274",0.0986448373116874
"2017_1211_1274",0.744949494949495
"2017_1233_1274",0.0792265369493607
"2017_1235_1274",0.661650485436893
"2017_1181_1274",0.701086956521739
"2017_1257_1274",0.699090909090909
"2017_1173_1274",0.348214285714286
"2017_1153_1274",0.614779874213837
"2017_1196_1274",0.680451127819549
"2017_1166_1274",0.56447963800905
"2017_1246_1274",0.723043478260869
"2017_1240_1274",0.0310182490065555
"2017_1139_1274",0.576666666666667
"2017_1199_1274",0.62396694214876
"2017_1268_1274",0.356194690265487
"2017_1242_1274",0.704054054054054
"2017_1112_1274",0.639112903225806
"2017_1243_1274",0.519879518072289
"2017_1266_1274",0.5
"2017_1124_1274",0.654715127701375
"2017_1195_1274",0.0836519684023481
"2017_1116_1274",0.437667560321716
"2017_1137_1276",0.0722436333408902
"2017_1211_1276",0.615979381443299
"2017_1233_1276",0.0575631369454071
"2017_1245_1276",0.0463080007846043
"2017_1190_1276",0.0774782543491302
"2017_1166_1276",0.433111954459203
"2017_1246_1276",0.597727272727273
"2017_1173_1276",0.238717339667458
"2017_1235_1276",0.5325
"2017_1199_1276",0.493409490333919
"2017_1266_1276",0.369631901840491
"2017_1153_1276",0.483985765124555
"2017_1181_1276",0.574175824175824
"2017_1243_1276",0.389
"2017_1274_1276",0.369631901840491
"2017_1196_1276",0.55226904376013
"2017_1116_1276",0.310043668122271
"2017_1242_1276",0.57734375
"2017_1268_1276",0.242334905660377
"2017_1240_1276",0.0221023869856528
"2017_1139_1276",0.445327102803738
"2017_1195_1276",0.0608883377655601
"2017_1257_1276",0.572047244094488
"2017_1124_1276",0.525252525252525
"2017_1112_1276",0.509036144578313
"2017_1233_1277",0.106601585460784
"2017_1190_1277",0.140051054985768
"2017_1245_1277",0.0869623050791962
"2017_1153_1277",0.742243436754177
"2017_1173_1277",0.473021582733813
"2017_1235_1277",0.763676148796499
"2017_1137_1277",0.13141495601173
"2017_1166_1277",0.6875
"2017_1199_1277",0.746478873239437
"2017_1246_1277",0.79110251450677
"2017_1139_1277",0.698979591836735
"2017_1242_1277",0.782696177062374
"2017_1240_1277",0.0427987706921841
"2017_1196_1277",0.772151898734177
"2017_1116_1277",0.564285714285714
"2017_1257_1277",0.780487804878049
"2017_1274_1277",0.625722543352601
"2017_1112_1277",0.753424657534246
"2017_1243_1277",0.644957983193277
"2017_1124_1277",0.760532150776053
"2017_1266_1277",0.625722543352601
"2017_1181_1277",0.781376518218623
"2017_1276_1277",0.749419953596288
"2017_1211_1277",0.798507462686567
"2017_1195_1277",0.112300128327258
"2017_1268_1277",0.481316725978648
"2017_1190_1278",0.105945382459498
"2017_1137_1278",0.0990707796469653
"2017_1246_1278",0.724738675958188
"2017_1235_1278",0.663424124513619
"2017_1173_1278",0.35
"2017_1196_1278",0.682203389830508
"2017_1257_1278",0.700819672131147
"2017_1116_1278",0.439516129032258
"2017_1199_1278",0.625776397515528
"2017_1153_1278",0.616596638655462
"2017_1245_1278",0.0644195494648759
"2017_1242_1278",0.705776173285198
"2017_1233_1278",0.0795788762126135
"2017_1240_1278",0.0311661559197894
"2017_1112_1278",0.640909090909091
"2017_1243_1278",0.521739130434782
"2017_1266_1278",0.501861042183623
"2017_1277_1278",0.376086956521739
"2017_1276_1278",0.632172131147541
"2017_1211_1278",0.745784148397976
"2017_1166_1278",0.566326530612245
"2017_1124_1278",0.656496062992126
"2017_1181_1278",0.702813067150635
"2017_1268_1278",0.357988165680473
"2017_1195_1278",0.0840215233641006
"2017_1139_1278",0.578507795100223
"2017_1274_1278",0.501861042183623
"2017_1199_1291",0.990090140529646
"2017_1196_1291",0.991515267724462
"2017_1173_1291",0.979444896063175
"2017_1243_1291",0.986935823153855
"2017_1257_1291",0.991949422359683
"2017_1235_1291",0.991059928782484
"2017_1266_1291",0.986237462094705
"2017_1124_1291",0.990887327206734
"2017_1190_1291",0.923127035830619
"2017_1116_1291",0.983796402252025
"2017_1245_1291",0.875036771194917
"2017_1137_1291",0.917597765363128
"2017_1246_1291",0.992483597681381
"2017_1139_1291",0.988751906456533
"2017_1240_1291",0.773270708795901
"2017_1112_1291",0.990489495459674
"2017_1276_1291",0.990260544198971
"2017_1233_1291",0.897520023159317
"2017_1278_1291",0.986170254326679
"2017_1153_1291",0.989841306281746
"2017_1195_1291",0.902796210699739
"2017_1242_1291",0.99206224633944
"2017_1181_1291",0.991994934647913
"2017_1211_1291",0.992844437257439
"2017_1268_1291",0.979882934591123
"2017_1274_1291",0.986237462094705
"2017_1166_1291",0.988382777631924
"2017_1277_1291",0.980835859679515
"2017_1199_1292",0.80078125
"2017_1245_1292",0.117175867203441
"2017_1196_1292",0.822916666666667
"2017_1124_1292",0.812958435207824
"2017_1243_1292",0.757142857142857
"2017_1112_1292",0.806818181818182
"2017_1190_1292",0.183601848012794
"2017_1116_1292",0.68956043956044
"2017_1266_1292",0.748355263157895
"2017_1291_1292",0.0267735592194827
"2017_1278_1292",0.747524752475248
"2017_1257_1292",0.83
"2017_1137_1292",0.1730421141547
"2017_1139_1292",0.781428571428571
"2017_1153_1292",0.797082228116711
"2017_1235_1292",0.81566265060241
"2017_1240_1292",0.0590346355797485
"2017_1242_1292",0.831868131868132
"2017_1181_1292",0.83075221238938
"2017_1195_1292",0.149334163883625
"2017_1246_1292",0.838947368421053
"2017_1211_1292",0.845141700404858
"2017_1276_1292",0.803341902313625
"2017_1166_1292",0.776315789473684
"2017_1233_1292",0.142175350128186
"2017_1173_1292",0.601694915254237
"2017_1274_1292",0.748355263157895
"2017_1268_1292",0.609832635983263
"2017_1277_1292",0.628048780487805
"2017_1196_1297",0.965276573608462
"2017_1181_1297",0.967173924922135
"2017_1292_1297",0.898195221148958
"2017_1116_1297",0.935755534167469
"2017_1235_1297",0.963482463072154
"2017_1243_1297",0.947537332984019
"2017_1257_1297",0.96699357178177
"2017_1199_1297",0.959683913831286
"2017_1268_1297",0.921480852176186
"2017_1240_1297",0.278489030240958
"2017_1112_1297",0.961244435842849
"2017_1278_1297",0.944636439037877
"2017_1166_1297",0.953070072650574
"2017_1266_1297",0.94489037702963
"2017_1137_1297",0.742233759546898
"2017_1139_1297",0.954492083933035
"2017_1245_1297",0.56159281894576
"2017_1274_1297",0.94489037702963
"2017_1124_1297",0.962804160733082
"2017_1190_1297",0.755215548855024
"2017_1291_1297",0.143059203879572
"2017_1242_1297",0.967440789117121
"2017_1195_1297",0.669265966359477
"2017_1233_1297",0.647422180614531
"2017_1173_1297",0.91991067857619
"2017_1277_1297",0.924915635545557
"2017_1276_1297",0.960349151871164
"2017_1211_1297",0.97055291407284
"2017_1246_1297",0.969114698473086
"2017_1153_1297",0.958714177719744
"2017_1211_1300",0.982957491789547
"2017_1240_1300",0.483173795991624
"2017_1278_1300",0.967465383980811
"2017_1196_1300",0.979841626824358
"2017_1166_1300",0.972558821640369
"2017_1268_1300",0.953214826711441
"2017_1292_1300",0.938477968705001
"2017_1181_1300",0.980964297383194
"2017_1243_1300",0.969223103982327
"2017_1116_1300",0.962046400071066
"2017_1199_1300",0.976517844056866
"2017_1235_1300",0.978777743743429
"2017_1137_1300",0.827837474815312
"2017_1257_1300",0.980857689033588
"2017_1274_1300",0.967619492724333
"2017_1266_1300",0.967619492724333
"2017_1153_1300",0.975939292116798
"2017_1291_1300",0.219693835333057
"2017_1276_1300",0.976914348495628
"2017_1195_1300",0.801701798491588
"2017_1233_1300",0.79268095430651
"2017_1190_1300",0.837927546310931
"2017_1112_1300",0.977447478621952
"2017_1139_1300",0.973412640793213
"2017_1245_1300",0.755868768153897
"2017_1124_1300",0.978374935677349
"2017_1242_1300",0.981122001870494
"2017_1246_1300",0.982110082139393
"2017_1173_1300",0.952234105984944
"2017_1277_1300",0.955353721829391
"2017_1297_1300",0.706050076918996
"2017_1240_1305",0.0642581862989277
"2017_1291_1305",0.0292634537488634
"2017_1292_1305",0.534615384615385
"2017_1112_1305",0.819767441860465
"2017_1278_1305",0.762755102040816
"2017_1274_1305",0.763559322033898
"2017_1199_1305",0.814
"2017_1139_1305",0.795454545454545
"2017_1211_1305",0.856185567010309
"2017_1181_1305",0.84255079006772
"2017_1196_1305",0.835106382978723
"2017_1166_1305",0.790540540540541
"2017_1243_1305",0.772058823529412
"2017_1276_1305",0.816447368421053
"2017_1116_1305",0.721590909090909
"2017_1195_1305",0.160689542520474
"2017_1266_1305",0.763559322033898
"2017_1268_1305",0.643478260869565
"2017_1257_1305",0.841836734693878
"2017_1233_1305",0.153125142622427
"2017_1124_1305",0.825625
"2017_1242_1305",0.843609865470852
"2017_1173_1305",0.635462555066079
"2017_1190_1305",0.196709607818251
"2017_1137_1305",0.185643083694737
"2017_1246_1305",0.850321888412017
"2017_1277_1305",0.661392405063291
"2017_1300_1305",0.0669443501423237
"2017_1235_1305",0.82820197044335
"2017_1153_1305",0.810461956521739
"2017_1297_1305",0.11020913593836
"2017_1245_1305",0.126601322767086
"2017_1291_1308",0.0969818729738368
"2017_1211_1308",0.954317578552971
"2017_1112_1308",0.940302167642725
"2017_1199_1308",0.937971930311534
"2017_1242_1308",0.949609610350258
"2017_1166_1308",0.928156819997086
"2017_1274_1308",0.916152700666592
"2017_1195_1308",0.499015437933207
"2017_1139_1308",0.930258839707611
"2017_1276_1308",0.938964616612396
"2017_1116_1308",0.90291985419396
"2017_1181_1308",0.949206943946244
"2017_1196_1308",0.946348787743511
"2017_1243_1308",0.920021082770846
"2017_1257_1308",0.948934905326902
"2017_1266_1308",0.916152700666592
"2017_1278_1308",0.915782391840725
"2017_1233_1308",0.476158591023456
"2017_1268_1308",0.882598363145322
"2017_1292_1308",0.850351578440708
"2017_1246_1308",0.952139087541288
"2017_1124_1308",0.942636742486533
"2017_1245_1308",0.389330204007944
"2017_1300_1308",0.197915460335843
"2017_1190_1308",0.597949483666538
"2017_1305_1308",0.838978709510353
"2017_1153_1308",0.936526657760775
"2017_1277_1308",0.887448945061345
"2017_1240_1308",0.191446983011131
"2017_1173_1308",0.880389147688782
"2017_1235_1308",0.943653745385491
"2017_1297_1308",0.329799897053146
"2017_1137_1308",0.569175017256563
"2017_1112_1309",0.994071052880224
"2017_1199_1309",0.993820835892843
"2017_1243_1309",0.99184091092027
"2017_1276_1309",0.993927615238218
"2017_1291_1309",0.675691871867509
"2017_1139_1309",0.992981619859712
"2017_1181_1309",0.995013377129083
"2017_1195_1309",0.936573450134771
"2017_1196_1309",0.994713287891614
"2017_1305_1309",0.981571734235809
"2017_1166_1309",0.992749935353246
"2017_1257_1309",0.994984910011912
"2017_1266_1309",0.991401697801732
"2017_1242_1309",0.995055476966834
"2017_1173_1309",0.987113351653188
"2017_1278_1309",0.99135941301055
"2017_1300_1309",0.846648434772489
"2017_1116_1309",0.989864007322683
"2017_1292_1309",0.983161250750732
"2017_1233_1309",0.932942343901074
"2017_1274_1309",0.991401697801732
"2017_1190_1309",0.950376576915835
"2017_1268_1309",0.987390796788732
"2017_1277_1309",0.987993932049892
"2017_1245_1309",0.917237156136164
"2017_1308_1309",0.936725727456064
"2017_1137_1309",0.946651957410631
"2017_1124_1309",0.994320214476287
"2017_1211_1309",0.995544484154221
"2017_1235_1309",0.994428283306625
"2017_1297_1309",0.904316729596282
"2017_1153_1309",0.993664876662805
"2017_1246_1309",0.995318944111514
"2017_1240_1309",0.84110092849391
"2017_1196_1314",0.457142857142857
"2017_1116_1314",0.237060998151571
"2017_1257_1314",0.477019498607242
"2017_1199_1314",0.398773006134969
"2017_1243_1314",0.298027444253859
"2017_1308_1314",0.0482240220656913
"2017_1233_1314",0.0454325409453137
"2017_1242_1314",0.482365145228216
"2017_1245_1314",0.0364244938542506
"2017_1166_1314",0.340163934426229
"2017_1139_1314",0.351941747572816
"2017_1309_1314",0.00471877159748906
"2017_1291_1314",0.00757673044818287
"2017_1153_1314",0.38953488372093
"2017_1297_1314",0.0311253302937672
"2017_1181_1314",0.479166666666667
"2017_1190_1314",0.0615237282416688
"2017_1112_1314",0.414156626506024
"2017_1278_1314",0.278021015761821
"2017_1300_1314",0.0180314838782286
"2017_1276_1314",0.405251141552511
"2017_1305_1314",0.150647948164147
"2017_1268_1314",0.202662721893491
"2017_1195_1314",0.0481056863135246
"2017_1124_1314",0.430206794682423
"2017_1274_1314",0.27972027972028
"2017_1266_1314",0.27972027972028
"2017_1235_1314",0.437408491947291
"2017_1137_1314",0.0572752326556696
"2017_1246_1314",0.503028263795424
"2017_1173_1314",0.199404761904762
"2017_1292_1314",0.162076271186441
"2017_1240_1314",0.0172583756988551
"2017_1211_1314",0.521653543307087
"2017_1277_1314",0.21011673151751
"2017_1305_1315",0.925776052498999
"2017_1243_1315",0.965678778574885
"2017_1196_1315",0.977481864391502
"2017_1116_1315",0.957724172436374
"2017_1309_1315",0.139918241664897
"2017_1276_1315",0.974224017657271
"2017_1245_1315",0.723494914322368
"2017_1300_1315",0.457318755604608
"2017_1173_1315",0.94687780253511
"2017_1246_1315",0.98000859396474
"2017_1190_1315",0.822984380295142
"2017_1314_1315",0.979850856182998
"2017_1137_1315",0.812261068452867
"2017_1233_1315",0.775161416552534
"2017_1235_1315",0.9762974865002
"2017_1268_1315",0.947960348153717
"2017_1242_1315",0.978907790067215
"2017_1291_1315",0.20242066139331
"2017_1124_1315",0.975849162081619
"2017_1153_1315",0.973139529991445
"2017_1308_1315",0.785044893378227
"2017_1277_1315",0.950322494185594
"2017_1240_1315",0.440568429949989
"2017_1278_1315",0.963728844587813
"2017_1166_1315",0.969382290406637
"2017_1139_1315",0.970330887478635
"2017_1181_1315",0.978732126398703
"2017_1274_1315",0.963899761876339
"2017_1292_1315",0.931729066907475
"2017_1297_1315",0.665963610489937
"2017_1211_1315",0.980952957127371
"2017_1257_1315",0.978613382664399
"2017_1112_1315",0.974817124749629
"2017_1199_1315",0.973782972335406
"2017_1195_1315",0.784642053973013
"2017_1266_1315",0.963899761876339
"2017_1243_1321",0.602
"2017_1235_1321",0.744210526315789
"2017_1116_1321",0.52027027027027
"2017_1246_1321",0.772897196261682
"2017_1233_1321",0.0962774581402356
"2017_1245_1321",0.0783087015811005
"2017_1153_1321",0.693935926773455
"2017_1173_1321",0.429054054054054
"2017_1277_1321",0.455882352941177
"2017_1309_1321",0.0106910763688878
"2017_1190_1321",0.12712750686954
"2017_1305_1321",0.297058823529412
"2017_1308_1321",0.101741849198614
"2017_1315_1321",0.044485177414235
"2017_1196_1321",0.753048780487805
"2017_1297_1321",0.0674924165824065
"2017_1276_1321",0.708797327394209
"2017_1137_1321",0.119132674254382
"2017_1112_1321",0.717105263157895
"2017_1268_1321",0.437290969899666
"2017_1292_1321",0.329545454545455
"2017_1257_1321",0.761764705882353
"2017_1314_1321",0.771616541353383
"2017_1139_1321",0.657317073170732
"2017_1240_1321",0.0382861070323972
"2017_1195_1321",0.101511183541016
"2017_1211_1321",0.780685920577617
"2017_1242_1321",0.764077669902913
"2017_1300_1321",0.0399498192245356
"2017_1199_1321",0.702702702702703
"2017_1181_1321",0.7626953125
"2017_1274_1321",0.582417582417582
"2017_1278_1321",0.580578512396694
"2017_1166_1321",0.645522388059702
"2017_1266_1321",0.582417582417582
"2017_1291_1321",0.0170832931184249
"2017_1124_1321",0.740938166311301
"2017_1173_1323",0.248148148148148
"2017_1190_1323",0.0815551989054936
"2017_1321_1323",0.311200923787529
"2017_1305_1323",0.191620879120879
"2017_1268_1323",0.251838235294118
"2017_1245_1323",0.0488639238323023
"2017_1257_1323",0.59329563812601
"2017_1277_1323",0.260240963855422
"2017_1235_1323",0.553938356164384
"2017_1153_1323",0.505494505494505
"2017_1308_1323",0.0643298593462547
"2017_1137_1323",0.0760762884957161
"2017_1243_1323",0.410123966942149
"2017_1196_1323",0.573627287853577
"2017_1292_1323",0.205093833780161
"2017_1211_1323",0.636877828054299
"2017_1315_1323",0.027242533580515
"2017_1278_1323",0.388771186440678
"2017_1240_1323",0.0233666688911558
"2017_1297_1323",0.0418611943418577
"2017_1112_1323",0.530530973451327
"2017_1116_1323",0.330316742081448
"2017_1246_1323",0.618788819875776
"2017_1199_1323",0.514918625678119
"2017_1233_1323",0.0606867018775097
"2017_1291_1323",0.0103065769936239
"2017_1139_1323",0.466763005780347
"2017_1276_1323",0.521505376344086
"2017_1181_1323",0.595410628019324
"2017_1242_1323",0.598557692307692
"2017_1166_1323",0.454500978473581
"2017_1195_1323",0.0641756160328251
"2017_1124_1323",0.546712802768166
"2017_1300_1323",0.0244042915758309
"2017_1314_1323",0.615834633385336
"2017_1309_1323",0.00642782929363389
"2017_1274_1323",0.390591966173361
"2017_1266_1323",0.390591966173361
"2017_1321_1329",0.341240875912409
"2017_1153_1329",0.537213740458015
"2017_1245_1329",0.0528768384640271
"2017_1211_1329",0.667316692667707
"2017_1277_1329",0.299618320610687
"2017_1116_1329",0.360714285714286
"2017_1173_1329",0.262402088772846
"2017_1190_1329",0.0879162175960066
"2017_1137_1329",0.0820624338321554
"2017_1315_1329",0.0295546548292021
"2017_1323_1329",0.531730769230769
"2017_1235_1329",0.585409252669039
"2017_1112_1329",0.562154696132597
"2017_1314_1329",0.646607431340872
"2017_1297_1329",0.0453362010414308
"2017_1196_1329",0.604922279792746
"2017_1308_1329",0.0694870250074094
"2017_1240_1329",0.0253613815796281
"2017_1199_1329",0.546610169491525
"2017_1291_1329",0.0112035952780327
"2017_1257_1329",0.624371859296482
"2017_1292_1329",0.217948717948718
"2017_1276_1329",0.553171641791045
"2017_1309_1329",0.00699045658781903
"2017_1166_1329",0.486196319018405
"2017_1268_1329",0.282383419689119
"2017_1233_1329",0.0655797384726647
"2017_1139_1329",0.498490945674044
"2017_1305_1329",0.203947368421053
"2017_1274_1329",0.421840354767184
"2017_1124_1329",0.578237410071943
"2017_1266_1329",0.421840354767184
"2017_1181_1329",0.626460767946578
"2017_1242_1329",0.629568106312292
"2017_1278_1329",0.42
"2017_1195_1329",0.0693216665289718
"2017_1243_1329",0.441558441558442
"2017_1246_1329",0.64951768488746
"2017_1300_1329",0.02648435320736
"2017_1245_1332",0.0441433112417676
"2017_1190_1332",0.0740097414225342
"2017_1173_1332",0.230504587155963
"2017_1321_1332",0.261853448275862
"2017_1308_1332",0.0582392321506379
"2017_1153_1332",0.464904679376083
"2017_1277_1332",0.242152466367713
"2017_1323_1332",0.459424083769634
"2017_1329_1332",0.427858439201452
"2017_1257_1332",0.553076923076923
"2017_1297_1332",0.0377806427268725
"2017_1199_1332",0.474315068493151
"2017_1268_1332",0.234054669703872
"2017_1292_1332",0.189356435643564
"2017_1315_1332",0.0245376044687203
"2017_1240_1332",0.0210353765083506
"2017_1181_1332",0.55521472392638
"2017_1291_1332",0.00926168175396369
"2017_1137_1332",0.0689854235820465
"2017_1112_1332",0.48993288590604
"2017_1139_1332",0.426363636363637
"2017_1278_1332",0.349403578528827
"2017_1274_1332",0.351190476190476
"2017_1211_1332",0.597262247838617
"2017_1235_1332",0.513414634146341
"2017_1314_1332",0.575892857142857
"2017_1309_1332",0.00577309786775434
"2017_1233_1332",0.0549133775788276
"2017_1124_1332",0.50615763546798
"2017_1243_1332",0.370388349514563
"2017_1166_1332",0.414206642066421
"2017_1196_1332",0.533227848101266
"2017_1246_1332",0.578888888888889
"2017_1276_1332",0.480899830220713
"2017_1116_1332",0.292283298097252
"2017_1305_1332",0.176582278481013
"2017_1195_1332",0.058098354913469
"2017_1242_1332",0.558396946564885
"2017_1300_1332",0.0219726060273597
"2017_1266_1332",0.351190476190476
"2017_1242_1343",0.933701015415446
"2017_1323_1343",0.915889840688791
"2017_1245_1343",0.283347557608314
"2017_1308_1343",0.389298645567923
"2017_1173_1343",0.84739405419543
"2017_1153_1343",0.916977833160144
"2017_1137_1343",0.457900528621675
"2017_1277_1343",0.855956326258856
"2017_1274_1343",0.891322323378844
"2017_1321_1343",0.869169276973358
"2017_1314_1343",0.936489232220547
"2017_1240_1343",0.152193486292651
"2017_1309_1343",0.0480404666423625
"2017_1195_1343",0.38833572003938
"2017_1235_1343",0.926063558134266
"2017_1211_1343",0.93976735601693
"2017_1315_1343",0.172369052618948
"2017_1190_1343",0.486997483703513
"2017_1297_1343",0.239101305455317
"2017_1292_1343",0.811547571276169
"2017_1257_1343",0.932833751347354
"2017_1268_1343",0.850067744874361
"2017_1329_1343",0.909356566850106
"2017_1116_1343",0.87490660914873
"2017_1139_1343",0.909035398940819
"2017_1199_1343",0.918815590307497
"2017_1291_1343",0.0745132432906508
"2017_1276_1343",0.920079236934622
"2017_1243_1343",0.896157704276169
"2017_1112_1343",0.921783664333619
"2017_1278_1343",0.890860318665934
"2017_1305_1343",0.798216886914056
"2017_1196_1343",0.929514446888968
"2017_1233_1343",0.366085569352951
"2017_1181_1343",0.933183365547779
"2017_1266_1343",0.891322323378844
"2017_1166_1343",0.906381732167081
"2017_1332_1343",0.923644680437636
"2017_1124_1343",0.924763503084912
"2017_1246_1343",0.936957105391539
"2017_1300_1343",0.157710172567597
"2017_1309_1344",0.0230146532301728
"2017_1153_1344",0.840974212034384
"2017_1173_1344",0.716346153846154
"2017_1199_1344",0.844101123595506
"2017_1257_1344",0.868483412322275
"2017_1277_1344",0.745412844036697
"2017_1323_1344",0.839130434782609
"2017_1137_1344",0.219366681964204
"2017_1233_1344",0.182855546774941
"2017_1195_1344",0.191417625035226
"2017_1308_1344",0.191792165645241
"2017_1343_1344",0.237206337082528
"2017_1181_1344",0.869103773584906
"2017_1291_1344",0.0364122608516766
"2017_1314_1344",0.875
"2017_1332_1344",0.852393617021277
"2017_1297_1344",0.133470339924461
"2017_1321_1344",0.764830508474576
"2017_1190_1344",0.231618471194799
"2017_1245_1344",0.152497667408311
"2017_1112_1344",0.849184782608696
"2017_1166_1344",0.823248407643312
"2017_1268_1344",0.7239336492891
"2017_1211_1344",0.880901287553648
"2017_1315_1344",0.0909699023131363
"2017_1240_1344",0.0790186343413502
"2017_1124_1344",0.854330708661417
"2017_1274_1344",0.798913043478261
"2017_1243_1344",0.806620209059233
"2017_1278_1344",0.798181818181818
"2017_1329_1344",0.828173374613003
"2017_1292_1344",0.619318181818182
"2017_1246_1344",0.875838926174497
"2017_1139_1344",0.827639751552795
"2017_1116_1344",0.773469387755102
"2017_1266_1344",0.798913043478261
"2017_1242_1344",0.870023419203747
"2017_1196_1344",0.862623762376238
"2017_1276_1344",0.846260387811634
"2017_1305_1344",0.585329341317365
"2017_1235_1344",0.856589147286822
"2017_1300_1344",0.0822478182751541
"2017_1233_1345",0.0529629746560692
"2017_1291_1345",0.00891193796888375
"2017_1199_1345",0.459731543624161
"2017_1308_1345",0.056180249755469
"2017_1309_1345",0.00555410377775999
"2017_1240_1345",0.0202531854765407
"2017_1277_1345",0.235807860262009
"2017_1166_1345",0.399819494584838
"2017_1195_1345",0.0560439495676158
"2017_1321_1345",0.255252100840336
"2017_1257_1345",0.538519637462236
"2017_1243_1345",0.356261859582543
"2017_1124_1345",0.491545893719807
"2017_1344_1345",0.143041237113402
"2017_1323_1345",0.444871794871795
"2017_1297_1345",0.0364068844312466
"2017_1153_1345",0.450339558573854
"2017_1190_1345",0.0714507986999516
"2017_1245_1345",0.0425520197064066
"2017_1315_1345",0.0236294060313948
"2017_1276_1345",0.46630615640599
"2017_1278_1345",0.335436893203884
"2017_1292_1345",0.183894230769231
"2017_1211_1345",0.5828611898017
"2017_1332_1345",0.48538961038961
"2017_1274_1345",0.337209302325581
"2017_1137_1345",0.066583089566792
"2017_1242_1345",0.543853073463268
"2017_1116_1345",0.278865979381443
"2017_1268_1345",0.227827050997783
"2017_1329_1345",0.413410301953819
"2017_1112_1345",0.475328947368421
"2017_1343_1345",0.073724121559273
"2017_1181_1345",0.54066265060241
"2017_1139_1345",0.411921708185053
"2017_1235_1345",0.498803827751196
"2017_1305_1345",0.171375921375921
"2017_1314_1345",0.56140350877193
"2017_1246_1345",0.564410480349345
"2017_1266_1345",0.337209302325581
"2017_1173_1345",0.224330357142857
"2017_1300_1345",0.0211565759936617
"2017_1196_1345",0.518633540372671
"2017_1233_1348",0.0923043591895126
"2017_1195_1348",0.0973542680471475
"2017_1323_1348",0.671768707482993
"2017_1243_1348",0.58420365535248
"2017_1199_1348",0.685840707964602
"2017_1245_1348",0.0749920587301027
"2017_1266_1348",0.564516129032258
"2017_1315_1348",0.0425104135068548
"2017_1308_1348",0.0975769091690603
"2017_1291_1348",0.0162968419114262
"2017_1124_1348",0.715408805031447
"2017_1277_1348",0.437898089171975
"2017_1309_1348",0.010194805697177
"2017_1332_1348",0.709745762711865
"2017_1190_1348",0.122119134854036
"2017_1274_1348",0.564516129032258
"2017_1211_1348",0.773131672597865
"2017_1314_1348",0.763888888888889
"2017_1196_1348",0.745
"2017_1137_1348",0.114381430964346
"2017_1297_1348",0.0645898290506397
"2017_1240_1348",0.0365722641678355
"2017_1112_1348",0.700431034482759
"2017_1166_1348",0.628048780487805
"2017_1246_1348",0.765193370165746
"2017_1116_1348",0.502199413489736
"2017_1268_1348",0.419381107491857
"2017_1257_1348",0.753861003861004
"2017_1278_1348",0.56266846361186
"2017_1292_1348",0.3125
"2017_1345_1348",0.723140495867769
"2017_1181_1348",0.754807692307692
"2017_1344_1348",0.227459016393443
"2017_1305_1348",0.28041825095057
"2017_1242_1348",0.756214149139579
"2017_1276_1348",0.692013129102845
"2017_1173_1348",0.411184210526316
"2017_1329_1348",0.641408114558473
"2017_1343_1348",0.125705901170572
"2017_1139_1348",0.639952153110048
"2017_1153_1348",0.676966292134832
"2017_1235_1348",0.722049689440994
"2017_1300_1348",0.0381654954740353
"2017_1321_1348",0.481927710843374
"2017_1233_1355",0.798783479860969
"2017_1323_1355",0.976546749217152
"2017_1195_1355",0.807632916340891
"2017_1196_1355",0.980631619965284
"2017_1266_1355",0.968868031962344
"2017_1308_1355",0.808008193523215
"2017_1276_1355",0.977815572717313
"2017_1315_1355",0.558008718886233
"2017_1277_1355",0.957046900777752
"2017_1211_1355",0.983628115424157
"2017_1137_1355",0.833223182511439
"2017_1124_1355",0.979220770994591
"2017_1166_1355",0.973623908533938
"2017_1292_1355",0.940757395167407
"2017_1243_1355",0.970412359976189
"2017_1268_1355",0.954983944891182
"2017_1190_1355",0.84308332536114
"2017_1278_1355",0.968719606384805
"2017_1309_1355",0.158421495551816
"2017_1344_1355",0.920711074587905
"2017_1181_1355",0.981711396300467
"2017_1274_1355",0.968868031962344
"2017_1246_1355",0.982813269486677
"2017_1240_1355",0.498568374436894
"2017_1257_1355",0.981608866763093
"2017_1305_1355",0.935517160042458
"2017_1329_1355",0.974544904325155
"2017_1314_1355",0.982677136248904
"2017_1291_1355",0.226125838390291
"2017_1343_1355",0.847342867779363
"2017_1297_1355",0.720203488372093
"2017_1348_1355",0.963294694206369
"2017_1345_1355",0.97967144645358
"2017_1139_1355",0.974445760044869
"2017_1112_1355",0.978328510840699
"2017_1199_1355",0.977434066614388
"2017_1242_1355",0.981863064896005
"2017_1173_1355",0.954037884944097
"2017_1116_1355",0.963498898457841
"2017_1235_1355",0.979608264853239
"2017_1321_1355",0.96157495256167
"2017_1153_1355",0.976877370060758
"2017_1332_1355",0.978886428874844
"2017_1245_1355",0.762580816365917
"2017_1300_1355",0.515395237739793
"2017_1277_1371",0.552973977695167
"2017_1292_1371",0.424008810572687
"2017_1266_1371",0.676605504587156
"2017_1196_1371",0.793956043956044
"2017_1268_1371",0.534351145038168
"2017_1323_1371",0.763257575757576
"2017_1124_1371",0.782986111111111
"2017_1309_1371",0.0137974179903044
"2017_1297_1371",0.0852006807545029
"2017_1116_1371",0.616554054054054
"2017_1315_1371",0.0566580548461213
"2017_1166_1371",0.743150684931507
"2017_1190_1371",0.156885818402672
"2017_1181_1371",0.802631578947368
"2017_1211_1371",0.818665377176016
"2017_1233_1371",0.120207982515854
"2017_1278_1371",0.674846625766871
"2017_1240_1371",0.0488802026205054
"2017_1235_1371",0.785958904109589
"2017_1112_1371",0.776252983293556
"2017_1195_1371",0.126490879585702
"2017_1329_1371",0.749331550802139
"2017_1343_1371",0.161231504819005
"2017_1243_1371",0.695266272189349
"2017_1274_1371",0.676605504587156
"2017_1276_1371",0.77245145631068
"2017_1199_1371",0.76965601965602
"2017_1321_1371",0.596689895470383
"2017_1348_1371",0.614406779661017
"2017_1242_1371",0.803870292887029
"2017_1291_1371",0.0219916754674784
"2017_1305_1371",0.389908256880734
"2017_1139_1371",0.748659517426273
"2017_1345_1371",0.786446469248292
"2017_1344_1371",0.307788944723618
"2017_1173_1371",0.526061776061776
"2017_1355_1371",0.0490549391392769
"2017_1137_1371",0.147462594477865
"2017_1153_1371",0.765625
"2017_1257_1371",0.801797040169133
"2017_1332_1371",0.780444964871194
"2017_1300_1371",0.0509713081343328
"2017_1246_1371",0.811746987951807
"2017_1314_1371",0.810606060606061
"2017_1245_1371",0.0984455358383914
"2017_1308_1371",0.126767211196696
"2017_1233_1374",0.0507115218935627
"2017_1323_1374",0.4275
"2017_1266_1374",0.320621468926554
"2017_1277_1374",0.228329809725159
"2017_1315_1374",0.0225845187511546
"2017_1345_1374",0.482503888024883
"2017_1124_1374",0.474056603773585
"2017_1166_1374",0.382688927943761
"2017_1309_1374",0.00530266753049211
"2017_1196_1374",0.50113808801214
"2017_1195_1374",0.0536716095556668
"2017_1276_1374",0.448863636363636
"2017_1274_1374",0.320621468926554
"2017_1211_1374",0.565533980582524
"2017_1257_1374",0.521048744460857
"2017_1278_1374",0.318867924528302
"2017_1329_1374",0.396193771626298
"2017_1292_1374",0.177494199535963
"2017_1243_1374",0.339483394833948
"2017_1371_1374",0.206497797356828
"2017_1297_1374",0.0348240681699612
"2017_1268_1374",0.22049356223176
"2017_1116_1374",0.2565
"2017_1181_1374",0.52319587628866
"2017_1139_1374",0.39471403812825
"2017_1112_1374",0.457865168539326
"2017_1235_1374",0.481308411214953
"2017_1348_1374",0.255511022044088
"2017_1344_1374",0.137717121588089
"2017_1291_1374",0.00851022910306032
"2017_1314_1374",0.543991416309013
"2017_1173_1374",0.217062634989201
"2017_1137_1374",0.0638056463992525
"2017_1245_1374",0.0407172834064734
"2017_1242_1374",0.526392961876833
"2017_1199_1374",0.442307692307692
"2017_1190_1374",0.0684906535861063
"2017_1240_1374",0.0193536160703711
"2017_1300_1374",0.020217993106875
"2017_1343_1374",0.0706796048791769
"2017_1153_1374",0.43294701986755
"2017_1246_1374",0.547008547008547
"2017_1305_1374",0.165284360189573
"2017_1321_1374",0.24745417515275
"2017_1332_1374",0.467908082408875
"2017_1308_1374",0.053802587474936
"2017_1355_1374",0.0194257256889752
"2017_1277_1376",0.418730650154799
"2017_1323_1376",0.653333333333333
"2017_1233_1376",0.0882091965506362
"2017_1195_1376",0.0930667649687804
"2017_1166_1376",0.609188544152745
"2017_1343_1376",0.120400130062593
"2017_1211_1376",0.764886164623468
"2017_1309_1376",0.00968883954502343
"2017_1315_1376",0.040488404704357
"2017_1124_1376",0.697530864197531
"2017_1278_1376",0.543421052631579
"2017_1243_1376",0.565051020408163
"2017_1276_1376",0.67381974248927
"2017_1196_1376",0.722495088408644
"2017_1274_1376",0.545275590551181
"2017_1345_1376",0.705375253549696
"2017_1266_1376",0.545275590551181
"2017_1371_1376",0.366776315789474
"2017_1348_1376",0.480659025787966
"2017_1329_1376",0.622663551401869
"2017_1292_1376",0.294483985765125
"2017_1116_1376",0.482857142857143
"2017_1297_1376",0.0616090657368475
"2017_1291_1376",0.0154943756291855
"2017_1235_1376",0.704268292682927
"2017_1112_1376",0.682346723044397
"2017_1199_1376",0.667570498915401
"2017_1257_1376",0.745256166982922
"2017_1314_1376",0.755464480874317
"2017_1173_1376",0.392172523961661
"2017_1153_1376",0.658590308370044
"2017_1374_1376",0.721456692913386
"2017_1181_1376",0.746219281663516
"2017_1268_1376",0.400316455696203
"2017_1321_1376",0.462609970674487
"2017_1305_1376",0.256433823529412
"2017_1300_1376",0.0363395375870037
"2017_1245_1376",0.0715813765454974
"2017_1242_1376",0.74765037593985
"2017_1190_1376",0.116936396559529
"2017_1139_1376",0.621194379391101
"2017_1240_1376",0.0348188030059807
"2017_1246_1376",0.75679347826087
"2017_1137_1376",0.109469827092637
"2017_1344_1376",0.219367588932806
"2017_1308_1376",0.0932810023545679
"2017_1332_1376",0.691787941787942
"2017_1355_1376",0.034945778383791
"2017_1233_1388",0.0583134906840934
"2017_1323_1388",0.483754512635379
"2017_1277_1388",0.252927400468384
"2017_1343_1388",0.0809284936723226
"2017_1195_1388",0.0616781756309752
"2017_1309_1388",0.00615750886653241
"2017_1266_1388",0.374742268041237
"2017_1116_1388",0.314977973568282
"2017_1243_1388",0.394153225806452
"2017_1196_1388",0.557504078303426
"2017_1315_1388",0.026127615262538
"2017_1211_1388",0.621111111111111
"2017_1345_1388",0.53894472361809
"2017_1166_1388",0.438336520076482
"2017_1348_1388",0.312913907284768
"2017_1124_1388",0.530508474576271
"2017_1329_1388",0.452067669172932
"2017_1274_1388",0.374742268041237
"2017_1371_1388",0.229779411764706
"2017_1278_1388",0.372933884297521
"2017_1300_1388",0.0234017691682718
"2017_1257_1388",0.577258320126783
"2017_1291_1388",0.00987530337266717
"2017_1374_1388",0.556372549019608
"2017_1112_1388",0.514298093587522
"2017_1181_1388",0.579383886255924
"2017_1199_1388",0.498672566371681
"2017_1173_1388",0.241007194244604
"2017_1153_1388",0.489247311827957
"2017_1344_1388",0.15546218487395
"2017_1268_1388",0.244642857142857
"2017_1292_1388",0.198701298701299
"2017_1297_1388",0.040181258778677
"2017_1245_1388",0.0469215820506592
"2017_1355_1388",0.0224885860400071
"2017_1314_1388",0.599923430321593
"2017_1376_1388",0.331168831168831
"2017_1137_1388",0.0731651317635654
"2017_1276_1388",0.505263157894737
"2017_1332_1388",0.524358974358974
"2017_1190_1388",0.0784587931558166
"2017_1308_1388",0.0618269575780632
"2017_1235_1388",0.537751677852349
"2017_1240_1388",0.0224054555593137
"2017_1321_1388",0.296067415730337
"2017_1242_1388",0.582547169811321
"2017_1305_1388",0.185505319148936
"2017_1139_1388",0.450564971751413
"2017_1246_1388",0.602896341463415
"2017_1309_1407",0.0912127085208003
"2017_1233_1407",0.62761574679571
"2017_1124_1407",0.960823660163003
"2017_1243_1407",0.944806889352818
"2017_1211_1407",0.968967035116893
"2017_1323_1407",0.955925257015838
"2017_1266_1407",0.942033619587064
"2017_1173_1407",0.915915716936125
"2017_1274_1407",0.942033619587064
"2017_1195_1407",0.649697246838437
"2017_1374_1407",0.963315217391304
"2017_1153_1407",0.956529186078378
"2017_1315_1407",0.314665127020785
"2017_1166_1407",0.950607192900514
"2017_1277_1407",0.921140939597315
"2017_1345_1407",0.961652363108909
"2017_1344_1407",0.860426748790145
"2017_1268_1407",0.917554573804574
"2017_1116_1407",0.932471264367816
"2017_1292_1407",0.893289606458123
"2017_1112_1407",0.959185642609031
"2017_1300_1407",0.275145959233842
"2017_1139_1407",0.952098746791484
"2017_1343_1407",0.75190939186195
"2017_1297_1407",0.479508196721311
"2017_1190_1407",0.746118758002561
"2017_1199_1407",0.957547169811321
"2017_1329_1407",0.952278880866426
"2017_1196_1407",0.963420961604981
"2017_1371_1407",0.910583427282976
"2017_1235_1407",0.961536129970902
"2017_1181_1407",0.965414804317017
"2017_1314_1407",0.967202522485268
"2017_1388_1407",0.957688716991198
"2017_1376_1407",0.935228664761127
"2017_1355_1407",0.255610098176718
"2017_1291_1407",0.136838036335524
"2017_1245_1407",0.541193446285608
"2017_1321_1407",0.929074446680081
"2017_1308_1407",0.650642337605088
"2017_1276_1407",0.958245590944986
"2017_1242_1407",0.965695285467128
"2017_1246_1407",0.967454862535905
"2017_1240_1407",0.254967231873505
"2017_1305_1407",0.884552401746725
"2017_1278_1407",0.941767621145374
"2017_1348_1407",0.932109993580141
"2017_1137_1407",0.715819161474996
"2017_1257_1407",0.965225254850378
"2017_1332_1407",0.960209456917095
"2017_1233_1411",0.899871676916372
"2017_1274_1411",0.986595421925747
"2017_1243_1411",0.987275932729052
"2017_1323_1411",0.989962719713408
"2017_1196_1411",0.991737493856316
"2017_1195_1411",0.905044544452608
"2017_1309_1411",0.33385024368631
"2017_1268_1411",0.980401774289857
"2017_1407_1411",0.866139056127403
"2017_1211_1411",0.993032177842477
"2017_1124_1411",0.991125803087461
"2017_1345_1411",0.991321346277339
"2017_1266_1411",0.986595421925747
"2017_1329_1411",0.9890887935538
"2017_1374_1411",0.991712657360315
"2017_1315_1411",0.801521405260127
"2017_1153_1411",0.990106790681652
"2017_1199_1411",0.99034920679371
"2017_1292_1411",0.973910821757069
"2017_1173_1411",0.979974723263314
"2017_1297_1411",0.860022339561332
"2017_1190_1411",0.924959172563963
"2017_1181_1411",0.992204729752655
"2017_1344_1411",0.964506411246717
"2017_1112_1411",0.990738252328034
"2017_1300_1411",0.784452204732618
"2017_1245_1411",0.877806996808888
"2017_1116_1411",0.984216492248506
"2017_1321_1411",0.983359086409619
"2017_1308_1411",0.905262072757262
"2017_1139_1411",0.989045439374434
"2017_1314_1411",0.992621950566801
"2017_1348_1411",0.984125613210806
"2017_1388_1411",0.990382871255355
"2017_1137_1411",0.9195459320649
"2017_1355_1411",0.778090792015454
"2017_1376_1411",0.984907705445707
"2017_1276_1411",0.990515212814267
"2017_1235_1411",0.991293940810166
"2017_1166_1411",0.988685795892907
"2017_1343_1411",0.927268730214562
"2017_1242_1411",0.992270295730579
"2017_1371_1411",0.978574093070969
"2017_1332_1411",0.990980646174381
"2017_1291_1411",0.510064412238325
"2017_1257_1411",0.992160397638736
"2017_1246_1411",0.992680712336331
"2017_1278_1411",0.986529930231195
"2017_1277_1411",0.981330751103768
"2017_1240_1411",0.777493812547078
"2017_1305_1411",0.971482063800736
"2017_1274_1413",0.992734439345805
"2017_1323_1413",0.994570951292421
"2017_1124_1413",0.995203510952307
"2017_1407_1413",0.921570702794242
"2017_1243_1413",0.993106207204525
"2017_1315_1413",0.878431587006453
"2017_1329_1413",0.994095052913426
"2017_1195_1413",0.94578313253012
"2017_1196_1413",0.995535821866641
"2017_1292_1413",0.985746710779411
"2017_1309_1413",0.563677060821242
"2017_1233_1413",0.942635218827415
"2017_1211_1413",0.996238349544135
"2017_1291_1413",0.742350486787204
"2017_1266_1413",0.992734439345805
"2017_1245_1413",0.928964018661724
"2017_1411_1413",0.737791932059448
"2017_1181_1413",0.995789485646749
"2017_1173_1413",0.989101017826675
"2017_1374_1413",0.995522333945664
"2017_1112_1413",0.994992837257075
"2017_1153_1413",0.994649355900872
"2017_1116_1413",0.991432337434095
"2017_1321_1413",0.990962092013465
"2017_1344_1413",0.98049384016005
"2017_1388_1413",0.994799562068385
"2017_1268_1413",0.989336288279991
"2017_1199_1413",0.994781249119644
"2017_1137_1413",0.954495210022108
"2017_1276_1413",0.994871546426001
"2017_1139_1413",0.994071430857362
"2017_1348_1413",0.991382518490952
"2017_1297_1413",0.917648366303623
"2017_1166_1413",0.993875425662049
"2017_1190_1413",0.957705479452055
"2017_1314_1413",0.996015871991741
"2017_1278_1413",0.992698644174681
"2017_1300_1413",0.866374128396249
"2017_1345_1413",0.995309770362306
"2017_1376_1413",0.99181106887101
"2017_1343_1413",0.959068311544835
"2017_1235_1413",0.995294879609875
"2017_1371_1413",0.988328503024194
"2017_1242_1413",0.995825069863878
"2017_1305_1413",0.984396057951483
"2017_1240_1413",0.861374407582938
"2017_1277_1413",0.989847646188415
"2017_1246_1413",0.996047747055812
"2017_1308_1413",0.945915040630626
"2017_1257_1413",0.995765423914783
"2017_1332_1413",0.995124615101192
"2017_1355_1413",0.861805296531145
"2017_1329_1417",0.421762589928058
"2017_1195_1417",0.0572243239231513
"2017_1309_1417",0.00567978552371266
"2017_1211_1417",0.591201716738197
"2017_1266_1417",0.345284872298625
"2017_1181_1417",0.549086757990868
"2017_1196_1417",0.527080062794348
"2017_1124_1417",0.5
"2017_1116_1417",0.286610878661088
"2017_1245_1417",0.0434660311355686
"2017_1243_1417",0.364423076923077
"2017_1314_1417",0.569793205317578
"2017_1323_1417",0.453287197231834
"2017_1297_1417",0.0371958392669185
"2017_1139_1417",0.42027027027027
"2017_1291_1417",0.00911267279326589
"2017_1268_1417",0.231418918918919
"2017_1233_1417",0.0540835160229544
"2017_1308_1417",0.0573632575134667
"2017_1407_1417",0.0391763398369968
"2017_1190_1417",0.0729215677049026
"2017_1315_1417",0.0241508379183813
"2017_1153_1417",0.458762886597938
"2017_1411_1417",0.00887419691253911
"2017_1376_1417",0.302469135802469
"2017_1345_1417",0.508454106280193
"2017_1199_1417",0.468166383701188
"2017_1321_1417",0.259061833688699
"2017_1276_1417",0.474747474747475
"2017_1292_1417",0.187041564792176
"2017_1344_1417",0.145669291338583
"2017_1166_1417",0.408135283363802
"2017_1278_1417",0.343503937007874
"2017_1277_1417",0.239467849223947
"2017_1374_1417",0.525943396226415
"2017_1173_1417",0.227891156462585
"2017_1242_1417",0.552272727272727
"2017_1300_1417",0.0216250643226509
"2017_1257_1417",0.546946564885496
"2017_1348_1417",0.284591194968553
"2017_1371_1417",0.217013888888889
"2017_1388_1417",0.469491525423729
"2017_1343_1417",0.0752364969150877
"2017_1332_1417",0.49384236453202
"2017_1413_1417",0.00479648904769303
"2017_1305_1417",0.174375
"2017_1274_1417",0.345284872298625
"2017_1355_1417",0.0207792290054094
"2017_1246_1417",0.572794117647059
"2017_1235_1417",0.507258064516129
"2017_1112_1417",0.483777038269551
"2017_1137_1417",0.0679636958221759
"2017_1240_1417",0.0207022374633636
"2017_1292_1423",0.808269195216643
"2017_1407_1423",0.244270205066345
"2017_1329_1423",0.907499424944724
"2017_1268_1423",0.847277229641227
"2017_1411_1423",0.0712280399586635
"2017_1314_1423",0.935133306778417
"2017_1376_1423",0.877246562797855
"2017_1181_1423",0.931763876816738
"2017_1242_1423",0.93229143401037
"2017_1196_1423",0.928025225277876
"2017_1344_1423",0.759031098284275
"2017_1116_1423",0.872480148586295
"2017_1139_1423",0.907172603204364
"2017_1323_1423",0.914149126667044
"2017_1343_1423",0.491337157817734
"2017_1211_1423",0.938475144642227
"2017_1195_1423",0.3798794489093
"2017_1276_1423",0.918414602336009
"2017_1348_1423",0.871858193571043
"2017_1277_1423",0.853248605453069
"2017_1124_1423",0.923185250445379
"2017_1374_1423",0.9278275090377
"2017_1266_1423",0.889157802365939
"2017_1308_1423",0.380838957258171
"2017_1274_1423",0.889157802365939
"2017_1417_1423",0.923185250445379
"2017_1278_1423",0.888688193059659
"2017_1309_1423",0.0470121298608634
"2017_1235_1423",0.924509525980469
"2017_1291_1423",0.0729771516921491
"2017_1243_1423",0.894073582298963
"2017_1315_1423",0.169321329639889
"2017_1300_1423",0.154852155003171
"2017_1245_1423",0.275433997724912
"2017_1173_1423",0.844566666403729
"2017_1246_1423",0.935610231910673
"2017_1199_1423",0.917127890887527
"2017_1233_1423",0.357716168179863
"2017_1257_1423",0.93140758094217
"2017_1321_1423",0.866655275320931
"2017_1371_1423",0.83582521683344
"2017_1332_1423",0.922045669434631
"2017_1166_1423",0.904472470948694
"2017_1112_1423",0.920150300073347
"2017_1297_1423",0.235354419139156
"2017_1137_1423",0.449270577239572
"2017_1190_1423",0.478338979068356
"2017_1240_1423",0.149410222804718
"2017_1345_1423",0.924725812058539
"2017_1388_1423",0.917388469875023
"2017_1305_1423",0.794791352071899
"2017_1413_1423",0.0400468384074941
"2017_1153_1423",0.915256770297992
"2017_1355_1423",0.149867515380398
"2017_1181_1425",0.909547738693467
"2017_1329_1425",0.878787878787879
"2017_1139_1425",0.878378378378378
"2017_1274_1425",0.856
"2017_1376_1425",0.841409691629956
"2017_1277_1425",0.8125
"2017_1291_1425",0.0546971569839308
"2017_1314_1425",0.913875598086124
"2017_1276_1425",0.892537313432836
"2017_1407_1425",0.19547134935305
"2017_1268_1425",0.805405405405405
"2017_1195_1425",0.259260437303477
"2017_1211_1425",0.918181818181818
"2017_1278_1425",0.855421686746988
"2017_1235_1425",0.900277008310249
"2017_1343_1425",0.374414249347364
"2017_1417_1425",0.898591549295775
"2017_1166_1425",0.875
"2017_1348_1425",0.834862385321101
"2017_1242_1425",0.910224438902743
"2017_1344_1425",0.65983606557377
"2017_1124_1425",0.898591549295775
"2017_1266_1425",0.856
"2017_1292_1425",0.76
"2017_1321_1425",0.828571428571428
"2017_1246_1425",0.914489311163895
"2017_1257_1425",0.909090909090909
"2017_1332_1425",0.897142857142857
"2017_1112_1425",0.894736842105263
"2017_1371_1425",0.791907514450867
"2017_1297_1425",0.18767572633552
"2017_1243_1425",0.862068965517241
"2017_1196_1425",0.904761904761905
"2017_1173_1425",0.802197802197802
"2017_1315_1425",0.131599138819541
"2017_1153_1425",0.888544891640867
"2017_1323_1425",0.887147335423197
"2017_1345_1425",0.900552486187845
"2017_1116_1425",0.835616438356164
"2017_1305_1425",0.74468085106383
"2017_1309_1425",0.0349008130942607
"2017_1137_1425",0.333876221498371
"2017_1355_1425",0.115616409388877
"2017_1413_1425",0.0296542340323355
"2017_1240_1425",0.115243558397593
"2017_1374_1425",0.904509283819629
"2017_1308_1425",0.259706005193484
"2017_1245_1425",0.211776138742151
"2017_1233_1425",0.249016588117416
"2017_1300_1425",0.119689046596321
"2017_1423_1425",0.382850513063446
"2017_1388_1425",0.891238670694864
"2017_1199_1425",0.890909090909091
"2017_1411_1425",0.0533516526046907
"2017_1190_1425",0.361812888581861
"2017_1277_1433",0.574427480916031
"2017_1407_1433",0.0940557367328787
"2017_1417_1433",0.791764705882353
"2017_1278_1433",0.695141065830721
"2017_1235_1433",0.794663573085847
"2017_1314_1433",0.818647540983606
"2017_1276_1433",0.781481481481481
"2017_1195_1433",0.132667249509389
"2017_1181_1433",0.810897435897436
"2017_1268_1433",0.555882352941176
"2017_1211_1433",0.826470588235294
"2017_1274_1433",0.696875
"2017_1305_1433",0.411137440758294
"2017_1233_1433",0.126139631934132
"2017_1371_1433",0.521604938271605
"2017_1257_1433",0.810085836909871
"2017_1240_1433",0.0515804537227998
"2017_1196_1433",0.802455357142857
"2017_1291_1433",0.0232558139534884
"2017_1348_1433",0.635416666666667
"2017_1242_1433",0.812101910828025
"2017_1329_1433",0.758855585831063
"2017_1292_1433",0.445454545454546
"2017_1116_1433",0.637543252595156
"2017_1246_1433",0.819755600814664
"2017_1343_1433",0.168645389014916
"2017_1332_1433",0.789285714285714
"2017_1376_1433",0.654040404040404
"2017_1355_1433",0.0517641304004797
"2017_1413_1433",0.0123524704940988
"2017_1300_1433",0.0537782159939582
"2017_1166_1433",0.752793296089385
"2017_1308_1433",0.132954196841097
"2017_1297_1433",0.0896507983883002
"2017_1243_1433",0.715256797583081
"2017_1139_1433",0.758196721311475
"2017_1374_1433",0.802013422818792
"2017_1323_1433",0.772493573264782
"2017_1425_1433",0.216867469879518
"2017_1344_1433",0.328125
"2017_1112_1433",0.785194174757282
"2017_1345_1433",0.795138888888889
"2017_1199_1433",0.77875
"2017_1309_1433",0.0145999756251593
"2017_1423_1433",0.17168454253178
"2017_1173_1433",0.547619047619047
"2017_1315_1433",0.0597513544992253
"2017_1190_1433",0.164155589683843
"2017_1124_1433",0.791764705882353
"2017_1245_1433",0.103479764281888
"2017_1321_1433",0.617857142857143
"2017_1153_1433",0.774809160305344
"2017_1266_1433",0.696875
"2017_1388_1433",0.77930174563591
"2017_1137_1433",0.15440938946915
"2017_1411_1433",0.0226585357835563
"2017_1376_1435",0.512784090909091
"2017_1277_1435",0.431388012618297
"2017_1417_1435",0.709375
"2017_1240_1435",0.0359684780535051
"2017_1423_1435",0.126293879748499
"2017_1371_1435",0.379194630872483
"2017_1278_1435",0.556149732620321
"2017_1407_1435",0.0668176074136479
"2017_1257_1435",0.750959692898273
"2017_1300_1435",0.0375367900077607
"2017_1246_1435",0.762362637362637
"2017_1433_1435",0.358247422680412
"2017_1274_1435",0.558
"2017_1211_1435",0.770353982300885
"2017_1388_1435",0.680921052631579
"2017_1314_1435",0.761049723756906
"2017_1413_1435",0.00846973299195318
"2017_1233_1435",0.0908976998726667
"2017_1291_1435",0.0160202742453727
"2017_1332_1435",0.703684210526316
"2017_1235_1435",0.716049382716049
"2017_1268_1435",0.412903225806452
"2017_1425_1435",0.16289592760181
"2017_1276_1435",0.685869565217391
"2017_1305_1435",0.262218045112782
"2017_1116_1435",0.495639534883721
"2017_1309_1435",0.0100203791433156
"2017_1243_1435",0.577720207253886
"2017_1181_1435",0.751912045889101
"2017_1292_1435",0.306363636363637
"2017_1166_1435",0.621670702179177
"2017_1199_1435",0.67967032967033
"2017_1323_1435",0.665540540540541
"2017_1343_1435",0.123886104373227
"2017_1139_1435",0.633610451306413
"2017_1124_1435",0.709375
"2017_1315_1435",0.0418143380078742
"2017_1242_1435",0.753326996197719
"2017_1355_1435",0.0360994343816713
"2017_1195_1435",0.0958818705509884
"2017_1321_1435",0.475373134328358
"2017_1153_1435",0.670758928571429
"2017_1329_1435",0.635071090047393
"2017_1173_1435",0.404723127035831
"2017_1196_1435",0.742047713717694
"2017_1308_1435",0.0961016402475491
"2017_1112_1435",0.694325481798715
"2017_1190_1435",0.120341253202888
"2017_1344_1435",0.224696356275304
"2017_1266_1435",0.558
"2017_1348_1435",0.493440233236152
"2017_1411_1435",0.0156048359709298
"2017_1137_1435",0.112695980195685
"2017_1297_1435",0.0635647021479209
"2017_1374_1435",0.741533864541833
"2017_1245_1435",0.0738196157454053
"2017_1345_1435",0.717145790554415
"2017_1376_1436",0.877246562797855
"2017_1257_1436",0.93140758094217
"2017_1371_1436",0.83582521683344
"2017_1417_1436",0.923185250445379
"2017_1323_1436",0.914149126667044
"2017_1388_1436",0.917388469875023
"2017_1413_1436",0.0400468384074941
"2017_1278_1436",0.888688193059659
"2017_1343_1436",0.491337157817734
"2017_1235_1436",0.924509525980469
"2017_1277_1436",0.853248605453069
"2017_1423_1436",0.5
"2017_1305_1436",0.794791352071899
"2017_1407_1436",0.244270205066345
"2017_1309_1436",0.0470121298608634
"2017_1433_1436",0.82831545746822
"2017_1425_1436",0.617149486936554
"2017_1116_1436",0.872480148586295
"2017_1139_1436",0.907172603204364
"2017_1268_1436",0.847277229641227
"2017_1233_1436",0.357716168179863
"2017_1246_1436",0.935610231910673
"2017_1355_1436",0.149867515380398
"2017_1199_1436",0.917127890887527
"2017_1274_1436",0.889157802365939
"2017_1211_1436",0.938475144642227
"2017_1112_1436",0.920150300073347
"2017_1195_1436",0.3798794489093
"2017_1292_1436",0.808269195216643
"2017_1166_1436",0.904472470948694
"2017_1329_1436",0.907499424944724
"2017_1435_1436",0.873706120251501
"2017_1345_1436",0.924725812058539
"2017_1243_1436",0.894073582298963
"2017_1332_1436",0.922045669434631
"2017_1314_1436",0.935133306778417
"2017_1300_1436",0.154852155003171
"2017_1315_1436",0.169321329639889
"2017_1240_1436",0.149410222804718
"2017_1173_1436",0.844566666403729
"2017_1242_1436",0.93229143401037
"2017_1181_1436",0.931763876816738
"2017_1344_1436",0.759031098284275
"2017_1276_1436",0.918414602336009
"2017_1153_1436",0.915256770297992
"2017_1137_1436",0.449270577239572
"2017_1411_1436",0.0712280399586635
"2017_1196_1436",0.928025225277876
"2017_1291_1436",0.0729771516921491
"2017_1321_1436",0.866655275320931
"2017_1348_1436",0.871858193571043
"2017_1297_1436",0.235354419139156
"2017_1266_1436",0.889157802365939
"2017_1245_1436",0.275433997724912
"2017_1308_1436",0.380838957258171
"2017_1190_1436",0.478338979068356
"2017_1124_1436",0.923185250445379
"2017_1374_1436",0.9278275090377
"2017_1233_1437",0.0433417085427136
"2017_1376_1437",0.236355633802817
"2017_1277_1437",0.202626641651032
"2017_1116_1437",0.229017857142857
"2017_1246_1437",0.484251968503937
"2017_1323_1437",0.365909090909091
"2017_1417_1437",0.411637931034483
"2017_1371_1437",0.182392996108949
"2017_1343_1437",0.0606595930351613
"2017_1435_1437",0.230871886120996
"2017_1257_1437",0.458276797829037
"2017_1309_1437",0.0044896714558767
"2017_1278_1437",0.255508474576271
"2017_1235_1437",0.418803418803419
"2017_1388_1437",0.381696428571428
"2017_1433_1437",0.174556213017751
"2017_1268_1437",0.195342205323194
"2017_1305_1437",0.144709543568465
"2017_1199_1437",0.380402384500745
"2017_1274_1437",0.256345177664975
"2017_1407_1437",0.0312623176980686
"2017_1413_1437",0.00379051399574398
"2017_1211_1437",0.502880921895006
"2017_1345_1437",0.419985775248933
"2017_1300_1437",0.0171709323277046
"2017_1112_1437",0.395680819912152
"2017_1348_1437",0.228085867620751
"2017_1243_1437",0.280730897009967
"2017_1291_1437",0.00721021651017374
"2017_1425_1437",0.0823798627002289
"2017_1292_1437",0.155804480651731
"2017_1181_1437",0.46041948579161
"2017_1153_1437",0.371234939759036
"2017_1329_1437",0.335423197492163
"2017_1423_1437",0.0619601412476456
"2017_1355_1437",0.0164953689270593
"2017_1276_1437",0.386834319526627
"2017_1195_1437",0.0458998484404815
"2017_1314_1437",0.481225296442688
"2017_1166_1437",0.322337042925278
"2017_1196_1437",0.438456189151599
"2017_1266_1437",0.256345177664975
"2017_1242_1437",0.463611859838275
"2017_1332_1437",0.405571635311143
"2017_1137_1437",0.0546816907853343
"2017_1308_1437",0.0460131137414379
"2017_1321_1437",0.220508166969147
"2017_1344_1437",0.119870410367171
"2017_1139_1437",0.333987441130298
"2017_1173_1437",0.192160611854684
"2017_1245_1437",0.0347277838615302
"2017_1240_1437",0.0164338923047009
"2017_1374_1437",0.437325905292479
"2017_1124_1437",0.411637931034483
"2017_1297_1437",0.0296652017184337
"2017_1411_1437",0.00702105552669376
"2017_1436_1437",0.0619601412476456
"2017_1315_1437",0.0191901767136144
"2017_1190_1437",0.0587541225975208
"2017_1417_1438",0.465062111801242
"2017_1116_1438",0.25246062992126
"2017_1277_1438",0.224532224532225
"2017_1376_1438",0.260174418604651
"2017_1235_1438",0.472307692307692
"2017_1257_1438",0.512043795620438
"2017_1278_1438",0.310408921933085
"2017_1323_1438",0.418585526315789
"2017_1355_1438",0.0189762485972442
"2017_1274_1438",0.312152133580705
"2017_1437_1438",0.553719008264463
"2017_1343_1438",0.0691564633668914
"2017_1413_1438",0.0043719909374115
"2017_1435_1438",0.254411764705882
"2017_1425_1438",0.0935064935064936
"2017_1305_1438",0.162209302325581
"2017_1292_1438",0.174259681093394
"2017_1388_1438",0.434677419354839
"2017_1233_1438",0.0495872807082366
"2017_1246_1438",0.538028169014085
"2017_1433_1438",0.194505494505495
"2017_1199_1438",0.433360258481422
"2017_1196_1438",0.492128935532234
"2017_1309_1438",0.00517765719606927
"2017_1423_1438",0.0706205223225326
"2017_1243_1438",0.330909090909091
"2017_1173_1438",0.213375796178344
"2017_1345_1438",0.473502304147466
"2017_1268_1438",0.216772151898734
"2017_1332_1438",0.458920187793427
"2017_1139_1438",0.385897435897436
"2017_1124_1438",0.465062111801242
"2017_1153_1438",0.424019607843137
"2017_1211_1438",0.556584362139918
"2017_1112_1438",0.448890649762282
"2017_1166_1438",0.373916811091854
"2017_1348_1438",0.251479289940828
"2017_1329_1438",0.387372013651877
"2017_1181_1438",0.514192139737991
"2017_1195_1438",0.0524866706651605
"2017_1321_1438",0.243486973947896
"2017_1314_1438",0.535007072135785
"2017_1308_1438",0.0526149754064285
"2017_1407_1438",0.0358555605786618
"2017_1300_1438",0.0197506799288097
"2017_1315_1438",0.0220641601161241
"2017_1297_1438",0.0340348988725851
"2017_1276_1438",0.439903846153846
"2017_1266_1438",0.312152133580705
"2017_1137_1438",0.0624170275740495
"2017_1190_1438",0.0670100306973929
"2017_1436_1438",0.0706205223225326
"2017_1291_1438",0.00831044439749279
"2017_1374_1438",0.490990990990991
"2017_1371_1438",0.202922077922078
"2017_1344_1438",0.135036496350365
"2017_1242_1438",0.517391304347826
"2017_1245_1438",0.0398019968903958
"2017_1411_1438",0.0080927332714955
"2017_1240_1438",0.0189057642911688
"2017_1417_1439",0.760532150776053
"2017_1376_1439",0.581269349845201
"2017_1277_1439",0.5
"2017_1433_1439",0.425572519083969
"2017_1278_1439",0.623913043478261
"2017_1199_1439",0.746478873239437
"2017_1305_1439",0.338607594936709
"2017_1323_1439",0.739759036144578
"2017_1437_1439",0.797373358348968
"2017_1246_1439",0.79110251450677
"2017_1374_1439",0.771670190274841
"2017_1274_1439",0.625722543352601
"2017_1116_1439",0.564285714285714
"2017_1243_1439",0.644957983193277
"2017_1196_1439",0.772151898734177
"2017_1355_1439",0.0429530992222484
"2017_1235_1439",0.763676148796499
"2017_1425_1439",0.1875
"2017_1112_1439",0.753424657534246
"2017_1423_1439",0.14675139454693
"2017_1388_1439",0.747072599531616
"2017_1343_1439",0.144043673741144
"2017_1211_1439",0.798507462686567
"2017_1344_1439",0.254587155963303
"2017_1309_1439",0.012006067950108
"2017_1195_1439",0.112300128327258
"2017_1435_1439",0.568611987381703
"2017_1292_1439",0.371951219512195
"2017_1321_1439",0.544117647058823
"2017_1233_1439",0.106601585460784
"2017_1268_1439",0.481316725978648
"2017_1407_1439",0.0788590604026845
"2017_1332_1439",0.757847533632287
"2017_1139_1439",0.698979591836735
"2017_1345_1439",0.764192139737991
"2017_1329_1439",0.700381679389313
"2017_1413_1439",0.0101523538115855
"2017_1291_1439",0.0191641403204851
"2017_1173_1439",0.473021582733813
"2017_1315_1439",0.0496775058144059
"2017_1348_1439",0.562101910828025
"2017_1276_1439",0.749419953596288
"2017_1181_1439",0.781376518218623
"2017_1266_1439",0.625722543352601
"2017_1242_1439",0.782696177062374
"2017_1371_1439",0.447026022304833
"2017_1314_1439",0.78988326848249
"2017_1124_1439",0.760532150776053
"2017_1438_1439",0.775467775467775
"2017_1166_1439",0.6875
"2017_1300_1439",0.0446462781706085
"2017_1308_1439",0.112551054938655
"2017_1153_1439",0.742243436754177
"2017_1240_1439",0.0427987706921841
"2017_1257_1439",0.780487804878049
"2017_1137_1439",0.13141495601173
"2017_1297_1439",0.0750843644544432
"2017_1190_1439",0.140051054985768
"2017_1436_1439",0.14675139454693
"2017_1411_1439",0.0186692488962323
"2017_1245_1439",0.0869623050791962
"2017_1417_1448",0.667330677290837
"2017_1278_1448",0.511363636363636
"2017_1199_1448",0.636792452830189
"2017_1374_1448",0.691793893129771
"2017_1437_1448",0.749571917808219
"2017_1425_1448",0.148148148148148
"2017_1246_1448",0.742517605633803
"2017_1274_1448",0.513224181360201
"2017_1332_1448",0.661468812877263
"2017_1433_1448",0.315495207667732
"2017_1376_1448",0.467914438502674
"2017_1305_1448",0.2421875
"2017_1277_1448",0.38716814159292
"2017_1235_1448",0.674212598425197
"2017_1321_1448",0.430672268907563
"2017_1292_1448",0.257575757575758
"2017_1181_1448",0.713302752293578
"2017_1139_1448",0.589729119638826
"2017_1355_1448",0.0322015430826315
"2017_1309_1448",0.00890329511442028
"2017_1343_1448",0.11199635883506
"2017_1233_1448",0.0817605273418462
"2017_1388_1448",0.638075313807531
"2017_1195_1448",0.0863092897034531
"2017_1439_1448",0.38716814159292
"2017_1153_1448",0.627659574468085
"2017_1323_1448",0.622317596566524
"2017_1344_1448",0.20631970260223
"2017_1438_1448",0.700187969924812
"2017_1173_1448",0.360942249240122
"2017_1314_1448",0.741150442477876
"2017_1243_1448",0.533088235294118
"2017_1315_1448",0.0373316397138606
"2017_1112_1448",0.651840490797546
"2017_1407_1448",0.059881087202718
"2017_1124_1448",0.667330677290837
"2017_1329_1448",0.591216216216216
"2017_1268_1448",0.368975903614458
"2017_1196_1448",0.692857142857143
"2017_1116_1448",0.450819672131148
"2017_1266_1448",0.513224181360201
"2017_1240_1448",0.0320840914743498
"2017_1211_1448",0.750851788756388
"2017_1345_1448",0.675343811394892
"2017_1435_1448",0.455163043478261
"2017_1413_1448",0.00752375923970433
"2017_1276_1448",0.643153526970954
"2017_1166_1448",0.577586206896552
"2017_1242_1448",0.716240875912409
"2017_1436_1448",0.114215206088464
"2017_1297_1448",0.0569377310207563
"2017_1291_1448",0.0142471928200588
"2017_1348_1448",0.448630136986301
"2017_1190_1448",0.108732636452925
"2017_1137_1448",0.101705734245895
"2017_1300_1448",0.0334909789268777
"2017_1257_1448",0.711325966850829
"2017_1371_1448",0.3359375
"2017_1308_1448",0.0865100200218971
"2017_1245_1448",0.0662266620951906
"2017_1423_1448",0.114215206088464
"2017_1411_1448",0.0138768648452757
"2017_1112_1452",0.421232876712329
"2017_1433_1452",0.183991683991684
"2017_1274_1452",0.286283185840708
"2017_1437_1452",0.52593085106383
"2017_1268_1452",0.2055
"2017_1439_1452",0.21301775147929
"2017_1278_1452",0.284574468085106
"2017_1199_1452",0.405813953488372
"2017_1407_1452",0.0334017687934302
"2017_1332_1452",0.431203007518797
"2017_1309_1452",0.0048091837069856
"2017_1305_1452",0.152960526315789
"2017_1243_1452",0.3046875
"2017_1233_1452",0.0462546183963825
"2017_1211_1452",0.528807947019867
"2017_1246_1452",0.510190217391304
"2017_1329_1452",0.360294117647059
"2017_1374_1452",0.463150289017341
"2017_1292_1452",0.164516129032258
"2017_1435_1452",0.242070895522388
"2017_1153_1452",0.396551724137931
"2017_1343_1452",0.0646299547198437
"2017_1323_1452",0.391167192429022
"2017_1355_1452",0.0176490525840085
"2017_1376_1452",0.247693726937269
"2017_1181_1452",0.48632538569425
"2017_1291_1452",0.00772133400222479
"2017_1235_1452",0.444526627218935
"2017_1321_1452",0.231428571428571
"2017_1297_1452",0.0317001741332911
"2017_1173_1452",0.202213279678068
"2017_1139_1452",0.358837970540098
"2017_1116_1452",0.240168539325843
"2017_1196_1452",0.464285714285714
"2017_1242_1452",0.489525139664805
"2017_1388_1452",0.407120743034056
"2017_1344_1452",0.127002288329519
"2017_1195_1452",0.048972770875033
"2017_1438_1452",0.472142857142857
"2017_1417_1452",0.437313432835821
"2017_1314_1452",0.507162346521146
"2017_1266_1452",0.286283185840708
"2017_1124_1452",0.437313432835821
"2017_1166_1452",0.347014925373134
"2017_1436_1452",0.066007476810832
"2017_1257_1452",0.484177215189873
"2017_1448_1452",0.262096774193548
"2017_1348_1452",0.23921200750469
"2017_1276_1452",0.412307692307692
"2017_1345_1452",0.445716395864106
"2017_1245_1452",0.0370921564862176
"2017_1315_1452",0.0205270603870516
"2017_1277_1452",0.21301775147929
"2017_1190_1452",0.0626110931566616
"2017_1308_1452",0.0490930903923191
"2017_1371_1452",0.192110655737705
"2017_1423_1452",0.066007476810832
"2017_1413_1452",0.00406054096707729
"2017_1137_1452",0.0582938677615399
"2017_1240_1452",0.0175833793662523
"2017_1425_1452",0.0875912408759125
"2017_1411_1452",0.00751889951892134
"2017_1300_1452",0.0183706814386963
"2017_1433_1455",0.191144708423326
"2017_1274_1455",0.303930530164534
"2017_1407_1455",0.0350629973474801
"2017_1439_1455",0.220858895705521
"2017_1448_1455",0.291666666666667
"2017_1196_1455",0.483333333333333
"2017_1278_1455",0.302197802197802
"2017_1374_1455",0.482195845697329
"2017_1233_1455",0.0485118057864982
"2017_1181_1455",0.505395683453237
"2017_1437_1455",0.544959128065395
"2017_1329_1455",0.378787878787879
"2017_1199_1455",0.424641148325359
"2017_1343_1455",0.0676975842319362
"2017_1242_1455",0.508595988538682
"2017_1435_1455",0.250482625482625
"2017_1348_1455",0.247572815533981
"2017_1112_1455",0.440140845070422
"2017_1323_1455",0.409902597402597
"2017_1291_1455",0.00811982475858431
"2017_1309_1455",0.00505840534035555
"2017_1268_1455",0.213174273858921
"2017_1246_1455",0.52924791086351
"2017_1235_1455",0.463525835866261
"2017_1116_1455",0.248546511627907
"2017_1371_1455",0.199468085106383
"2017_1388_1455",0.425955414012739
"2017_1314_1455",0.526223776223776
"2017_1321_1455",0.239644970414201
"2017_1292_1455",0.171140939597315
"2017_1276_1455",0.431170886075949
"2017_1277_1455",0.220858895705521
"2017_1355_1455",0.0185471013263679
"2017_1139_1455",0.377318718381113
"2017_1243_1455",0.32258064516129
"2017_1332_1455",0.45015455950541
"2017_1417_1455",0.456288343558282
"2017_1376_1455",0.256202290076336
"2017_1436_1455",0.0691338944576403
"2017_1211_1455",0.547829036635007
"2017_1344_1455",0.132458233890215
"2017_1166_1455",0.365384615384615
"2017_1305_1455",0.159246575342466
"2017_1452_1455",0.519067796610169
"2017_1173_1455",0.209812108559499
"2017_1245_1455",0.0389269552791162
"2017_1297_1455",0.0332807046701014
"2017_1190_1455",0.0655920690676711
"2017_1300_1455",0.0193044814109177
"2017_1153_1455",0.415322580645161
"2017_1425_1455",0.0916030534351146
"2017_1266_1455",0.303930530164534
"2017_1438_1455",0.491202346041056
"2017_1308_1455",0.0514786605667719
"2017_1195_1455",0.051352922752359
"2017_1124_1455",0.456288343558282
"2017_1240_1455",0.0184781707289491
"2017_1423_1455",0.0691338944576403
"2017_1345_1455",0.464719271623672
"2017_1137_1455",0.0610875631003855
"2017_1315_1455",0.0215672400914377
"2017_1413_1455",0.0042711887853915
"2017_1257_1455",0.503246753246753
"2017_1411_1455",0.00790705411327422
"2017_1166_1457",0.936359245513244
"2017_1139_1457",0.938243129902807
"2017_1276_1457",0.946031301198586
"2017_1291_1457",0.108800327835263
"2017_1112_1457",0.947225852691935
"2017_1433_1457",0.88100104572678
"2017_1407_1457",0.39788972089857
"2017_1348_1457",0.913187460988973
"2017_1274_1457",0.92557524228551
"2017_1437_1457",0.959416742316172
"2017_1323_1457",0.943086750932072
"2017_1374_1457",0.952484436683875
"2017_1329_1457",0.938470802202124
"2017_1181_1457",0.955164941437731
"2017_1309_1457",0.0714343795739145
"2017_1268_1457",0.895198425987944
"2017_1277_1457",0.899611035367712
"2017_1211_1457",0.959710644050339
"2017_1199_1457",0.945144397212849
"2017_1448_1457",0.92317724315699
"2017_1243_1457",0.929055202901836
"2017_1417_1457",0.94930954887827
"2017_1196_1457",0.952619326999508
"2017_1246_1457",0.957773917150182
"2017_1439_1457",0.899611035367712
"2017_1332_1457",0.948527899995888
"2017_1305_1457",0.855188570106432
"2017_1455_1457",0.954554530932326
"2017_1190_1457",0.646572502892403
"2017_1173_1457",0.893186278692721
"2017_1233_1457",0.526110340041638
"2017_1314_1457",0.957450967062103
"2017_1242_1457",0.955523379761228
"2017_1452_1457",0.956677856994532
"2017_1371_1457",0.886657913799348
"2017_1343_1457",0.659036187238864
"2017_1435_1457",0.914521305654193
"2017_1413_1457",0.0611655293858684
"2017_1292_1457",0.865677647816289
"2017_1195_1457",0.548916239603461
"2017_1355_1457",0.211636058664143
"2017_1153_1457",0.943852606082354
"2017_1308_1457",0.54989652954501
"2017_1235_1457",0.950216751511295
"2017_1278_1457",0.92524187768753
"2017_1116_1457",0.913636677245757
"2017_1344_1457",0.826603407674193
"2017_1436_1457",0.667289295440262
"2017_1245_1457",0.438624210014584
"2017_1376_1457",0.917069696568173
"2017_1297_1457",0.377852290541717
"2017_1388_1457",0.945324102384904
"2017_1438_1457",0.953542532660333
"2017_1321_1457",0.909418192343874
"2017_1425_1457",0.762431201366483
"2017_1257_1457",0.954922755590767
"2017_1423_1457",0.667289295440262
"2017_1300_1457",0.217929099719459
"2017_1266_1457",0.92557524228551
"2017_1315_1457",0.235955402242208
"2017_1137_1457",0.618345360044406
"2017_1411_1457",0.106327454106032
"2017_1240_1457",0.211056574528546
"2017_1345_1457",0.950364804314208
"2017_1124_1457",0.94930954887827
"2017_1181_1458",0.583333333333333
"2017_1276_1458",0.509259259259259
"2017_1112_1458",0.518292682926829
"2017_1329_1458",0.456049149338374
"2017_1332_1458",0.528350515463917
"2017_1166_1458",0.442307692307692
"2017_1246_1458",0.606814701378254
"2017_1139_1458",0.454545454545455
"2017_1314_1458",0.603846153846154
"2017_1243_1458",0.398073022312373
"2017_1433_1458",0.222361809045226
"2017_1242_1458",0.586492890995261
"2017_1448_1458",0.365789473684211
"2017_1274_1458",0.378630705394191
"2017_1436_1458",0.083398230013586
"2017_1309_1458",0.00622293477901558
"2017_1343_1458",0.0817011282582222
"2017_1308_1458",0.0624342447035609
"2017_1173_1458",0.242753623188406
"2017_1268_1458",0.246402877697842
"2017_1323_1458",0.487749546279492
"2017_1305_1458",0.186997319034853
"2017_1374_1458",0.560344827586207
"2017_1199_1458",0.502669039145908
"2017_1211_1458",0.625
"2017_1437_1458",0.62219730941704
"2017_1278_1458",0.376819126819127
"2017_1300_1458",0.0236445977605195
"2017_1348_1458",0.316666666666667
"2017_1355_1458",0.0227222353055259
"2017_1321_1458",0.299773755656109
"2017_1292_1458",0.200261780104712
"2017_1233_1458",0.0588892204270406
"2017_1196_1458",0.561475409836066
"2017_1344_1458",0.156779661016949
"2017_1291_1458",0.00997970230040596
"2017_1407_1458",0.0427387848578742
"2017_1417_1458",0.534497444633731
"2017_1277_1458",0.254716981132076
"2017_1137_1458",0.0738718318565836
"2017_1190_1458",0.0792106406357806
"2017_1376_1458",0.334967320261438
"2017_1266_1458",0.378630705394191
"2017_1195_1458",0.0622841336308341
"2017_1153_1458",0.493243243243243
"2017_1388_1458",0.503996447602131
"2017_1116_1458",0.318736141906874
"2017_1435_1458",0.322847682119205
"2017_1455_1458",0.578
"2017_1413_1458",0.00525576644820836
"2017_1439_1458",0.254716981132076
"2017_1257_1458",0.581210191082803
"2017_1425_1458",0.109756097560976
"2017_1297_1458",0.0405884737517735
"2017_1245_1458",0.0473925456694846
"2017_1371_1458",0.231481481481482
"2017_1315_1458",0.0263977010121244
"2017_1411_1458",0.00971883416291826
"2017_1124_1458",0.534497444633731
"2017_1423_1458",0.083398230013586
"2017_1452_1458",0.596811819595645
"2017_1345_1458",0.542929292929293
"2017_1235_1458",0.541736930860034
"2017_1457_1458",0.0552185804402488
"2017_1438_1458",0.569286871961102
"2017_1240_1458",0.0226382680016256
"2017_1242_1462",0.743016759776536
"2017_1246_1462",0.752244165170556
"2017_1332_1462",0.682098765432099
"2017_1308_1462",0.0910539317115408
"2017_1277_1462",0.408536585365854
"2017_1292_1462",0.284965034965035
"2017_1190_1462",0.114242803965651
"2017_1211_1462",0.760416666666667
"2017_1344_1462",0.215116279069767
"2017_1139_1462",0.611111111111111
"2017_1305_1462",0.251805054151625
"2017_1181_1462",0.741573033707865
"2017_1348_1462",0.470338983050847
"2017_1343_1462",0.117641578024476
"2017_1374_1462",0.711988304093567
"2017_1417_1462",0.687881873727088
"2017_1376_1462",0.489669421487603
"2017_1166_1462",0.599056603773585
"2017_1413_1462",0.00796877016389212
"2017_1153_1462",0.648692810457516
"2017_1116_1462",0.472535211267606
"2017_1196_1462",0.713035019455253
"2017_1315_1462",0.0394460425233934
"2017_1309_1462",0.00942886581709683
"2017_1433_1462",0.336092715231788
"2017_1274_1462",0.534974093264249
"2017_1243_1462",0.554785894206549
"2017_1278_1462",0.533116883116883
"2017_1423_1462",0.119951239704638
"2017_1245_1462",0.0698173035849243
"2017_1411_1462",0.0146902107888062
"2017_1137_1462",0.106919176856546
"2017_1297_1462",0.0600689931006899
"2017_1173_1462",0.382075471698113
"2017_1388_1462",0.658993576017131
"2017_1321_1462",0.452312138728324
"2017_1355_1462",0.0340392637018283
"2017_1199_1462",0.657725321888412
"2017_1437_1462",0.759162303664921
"2017_1112_1462",0.672594142259414
"2017_1425_1462",0.155172413793104
"2017_1257_1462",0.740601503759398
"2017_1300_1462",0.0353986577922616
"2017_1436_1462",0.119951239704638
"2017_1240_1462",0.033915425914651
"2017_1345_1462",0.69578313253012
"2017_1235_1462",0.69466800804829
"2017_1195_1462",0.0908441016692247
"2017_1124_1462",0.687881873727088
"2017_1268_1462",0.390186915887851
"2017_1407_1462",0.0631594664543102
"2017_1439_1462",0.408536585365854
"2017_1329_1462",0.612586605080831
"2017_1291_1462",0.0150817995910021
"2017_1276_1462",0.664012738853503
"2017_1314_1462",0.750902527075812
"2017_1448_1462",0.521767810026385
"2017_1371_1462",0.356796116504854
"2017_1438_1462",0.720249520153551
"2017_1266_1462",0.534974093264249
"2017_1452_1462",0.747714808043876
"2017_1435_1462",0.476890756302521
"2017_1233_1462",0.0860873413986427
"2017_1455_1462",0.739130434782609
"2017_1323_1462",0.643406593406593
"2017_1457_1462",0.0809199043247786
"2017_1458_1462",0.655172413793103
