id,pred
2017_1112_1116,0.63034414505313563
2017_1112_1124,0.64097477046804729
2017_1112_1137,0.92824515837158783
2017_1112_1139,0.55318861628140326
2017_1112_1153,0.5440822091423454
2017_1112_1166,0.69280146231509088
2017_1112_1173,0.74031022867562968
2017_1112_1181,0.57871130894002365
2017_1112_1190,0.80879893881961795
2017_1112_1195,0.96992162884444988
2017_1112_1196,0.63165139713251128
2017_1112_1199,0.6419510413277959
2017_1112_1211,0.43191671071552795
2017_1112_1233,0.82250987095426764
2017_1112_1235,0.48841699362504126
2017_1112_1240,0.95279545377179331
2017_1112_1242,0.35973257454636254
2017_1112_1243,0.67012854608406602
2017_1112_1245,0.92199289918849436
2017_1112_1246,0.35395266122955904
2017_1112_1257,0.54905149565820188
2017_1112_1266,0.76571500806277815
2017_1112_1268,0.78496936199300393
2017_1112_1274,0.64853624305141744
2017_1112_1276,0.71437972608627254
2017_1112_1277,0.73798334850836733
2017_1112_1278,0.74305969317215259
2017_1112_1291,0.98882813985766815
2017_1112_1292,0.80847897305671546
2017_1112_1297,0.94406856476018464
2017_1112_1300,0.88273489304274744
2017_1112_1305,0.74180153003093996
2017_1112_1308,0.88283765718689078
2017_1112_1309,0.95690510125542982
2017_1112_1314,0.39953280346984332
2017_1112_1315,0.97590876182810626
2017_1112_1321,0.68734298994789333
2017_1112_1323,0.39576432218274227
2017_1112_1329,0.58706675992740942
2017_1112_1332,0.5458685160200849
2017_1112_1343,0.84143564987469199
2017_1112_1344,0.83006126832179739
2017_1112_1345,0.50674560736961582
2017_1112_1348,0.64853157789599503
2017_1112_1355,0.894796023598186
2017_1112_1371,0.70422589267385383
2017_1112_1374,0.46911436126588157
2017_1112_1376,0.83264885476001405
2017_1112_1388,0.6689948842953537
2017_1112_1407,1.0534997668352335
2017_1112_1411,0.87062844686623808
2017_1112_1413,1.0430957510390848
2017_1112_1417,0.55812547762470943
2017_1112_1423,0.90333532186807575
2017_1112_1425,0.66358141278055882
2017_1112_1433,0.78581006906894002
2017_1112_1435,0.77485031410854655
2017_1112_1436,0.81959708754356453
2017_1112_1437,0.38259133837906195
2017_1112_1438,0.55448649432315833
2017_1112_1439,0.78875031918507366
2017_1112_1448,0.69699214246505958
2017_1112_1452,0.36339196695826137
2017_1112_1455,0.54948522523301213
2017_1112_1457,0.88353369651138414
2017_1112_1458,0.6646939848977701
2017_1112_1462,0.68951845475142071
2017_1116_1124,0.43868304625785437
2017_1116_1137,0.92025549915895666
2017_1116_1139,0.51881279612546138
2017_1116_1153,0.48553206849754116
2017_1116_1166,0.56001708333795364
2017_1116_1173,0.61794353391668844
2017_1116_1181,0.27254439345034764
2017_1116_1190,0.90431724833766591
2017_1116_1195,0.80305762155919691
2017_1116_1196,0.3921699064710934
2017_1116_1199,0.59258782266387033
2017_1116_1211,0.42697236865452393
2017_1116_1233,0.88153291553243063
2017_1116_1235,0.48265725658627512
2017_1116_1240,0.86441280586861258
2017_1116_1242,0.27846264804531773
2017_1116_1243,0.51140122181108261
2017_1116_1245,0.77270100191963431
2017_1116_1246,0.16459660352797623
2017_1116_1257,0.3522728385714069
2017_1116_1266,0.6171898578422601
2017_1116_1268,0.63406582681203372
2017_1116_1274,0.55482104769639307
2017_1116_1276,0.42216653506156737
2017_1116_1277,0.55400658297241501
2017_1116_1278,0.6174658827207965
2017_1116_1291,1.0010489501234383
2017_1116_1292,0.75387907630726336
2017_1116_1297,0.89109938201148264
2017_1116_1300,0.92428901277787334
2017_1116_1305,0.61612694060218431
2017_1116_1308,0.87130349210269675
2017_1116_1309,1.0006984172139171
2017_1116_1314,0.3732163612452879
2017_1116_1315,0.85546780423097779
2017_1116_1321,0.62921650988034683
2017_1116_1323,0.26371862284320868
2017_1116_1329,0.6258849668222527
2017_1116_1332,0.28015770562929782
2017_1116_1343,0.71848655116871896
2017_1116_1344,0.60979942111805263
2017_1116_1345,0.36963939346081698
2017_1116_1348,0.55561530263735592
2017_1116_1355,0.84691164978509981
2017_1116_1371,0.56494747828221004
2017_1116_1374,0.39338051617013359
2017_1116_1376,0.72553006186377023
2017_1116_1388,0.54270367691603139
2017_1116_1407,1.0175960630930456
2017_1116_1411,0.92367487035449736
2017_1116_1413,0.99104762731125406
2017_1116_1417,0.41815182964290243
2017_1116_1423,0.66960284774035461
2017_1116_1425,0.64561450404866627
2017_1116_1433,0.59403289628251765
2017_1116_1435,0.74216706025474988
2017_1116_1436,0.78083773500708009
2017_1116_1437,0.1777391940385859
2017_1116_1438,0.33528877350543373
2017_1116_1439,0.61284364733601426
2017_1116_1448,0.61725716920124285
2017_1116_1452,0.21263022523697428
2017_1116_1455,0.36623941866016574
2017_1116_1457,0.97122505175302676
2017_1116_1458,0.51904273450911287
2017_1116_1462,0.50359213259188518
2017_1124_1137,0.87342525467748255
2017_1124_1139,0.6135289325448372
2017_1124_1153,0.60867852755256857
2017_1124_1166,0.56707283518846752
2017_1124_1173,0.77345448616660428
2017_1124_1181,0.37137346097910146
2017_1124_1190,0.86812150432685908
2017_1124_1195,0.92287739322768692
2017_1124_1196,0.49171936503985836
2017_1124_1199,0.65599627493038115
2017_1124_1211,0.51473463635264838
2017_1124_1233,0.99876830512573311
2017_1124_1235,0.43043409298318108
2017_1124_1240,0.93570953860327588
2017_1124_1242,0.26626813432096363
2017_1124_1243,0.65286347960141866
2017_1124_1245,0.95812171255903977
2017_1124_1246,0.2477513914983962
2017_1124_1257,0.49224081792430591
2017_1124_1266,0.64783335805903774
2017_1124_1268,0.71196035112336431
2017_1124_1274,0.67974175463696973
2017_1124_1276,0.55973382529899229
2017_1124_1277,0.65696837800211216
2017_1124_1278,0.81260600793512894
2017_1124_1291,0.96664271908925292
2017_1124_1292,0.65491269383311279
2017_1124_1297,1.0094794740941895
2017_1124_1300,0.93397379645724543
2017_1124_1305,0.73933165448147964
2017_1124_1308,0.83483336293538812
2017_1124_1309,0.89401963492487246
2017_1124_1314,0.41058797063589586
2017_1124_1315,0.89687706353992602
2017_1124_1321,0.66823080337523866
2017_1124_1323,0.43696474108495664
2017_1124_1329,0.60451678670520681
2017_1124_1332,0.42410720482898712
2017_1124_1343,0.76913718734461778
2017_1124_1344,0.64885577413518902
2017_1124_1345,0.45781940734190202
2017_1124_1348,0.65199965149223094
2017_1124_1355,0.98386135704197131
2017_1124_1371,0.71403849181863444
2017_1124_1374,0.44052217636000252
2017_1124_1376,0.73145632037090591
2017_1124_1388,0.62725244307375971
2017_1124_1407,0.9761644170990047
2017_1124_1411,0.91138942203528994
2017_1124_1413,0.85829672002164981
2017_1124_1417,0.378093607413304
2017_1124_1423,0.72034948078044669
2017_1124_1425,0.59078060504302421
2017_1124_1433,0.73033816665038365
2017_1124_1435,0.72176884466611912
2017_1124_1436,0.95336025192639817
2017_1124_1437,0.43903290711699483
2017_1124_1438,0.51698399149031005
2017_1124_1439,0.64630114352419699
2017_1124_1448,0.67402474950782509
2017_1124_1452,0.27299510355329748
2017_1124_1455,0.53451730664318442
2017_1124_1457,1.0211116532417079
2017_1124_1458,0.61033560478530047
2017_1124_1462,0.68107213739728012
2017_1137_1139,0.21079122480756865
2017_1137_1153,0.035239804461870888
2017_1137_1166,0.1165994135782796
2017_1137_1173,0.22750935326410132
2017_1137_1181,0.073013925839924249
2017_1137_1190,0.33395153712023556
2017_1137_1195,0.51355822414060126
2017_1137_1196,0.041090275321571446
2017_1137_1199,0.15678689577640961
2017_1137_1211,0.1052252467608501
2017_1137_1233,0.48857360487198154
2017_1137_1235,0.093868235714538284
2017_1137_1240,0.66879379675279294
2017_1137_1242,0.12911568758107222
2017_1137_1243,0.14208241198920507
2017_1137_1245,0.46060783390815008
2017_1137_1246,0.077057130069520197
2017_1137_1257,0.14681232764665716
2017_1137_1266,0.14347468013838105
2017_1137_1268,0.13996396133501082
2017_1137_1274,0.23577115381269043
2017_1137_1276,0.19689416470992235
2017_1137_1277,0.24883812437626326
2017_1137_1278,0.1469577342157759
2017_1137_1291,0.81018415064931382
2017_1137_1292,0.18233347709036279
2017_1137_1297,0.48064996160309659
2017_1137_1300,0.81738359998501997
2017_1137_1305,0.19133379043073656
2017_1137_1308,0.40646305579269759
2017_1137_1309,0.72843221601365638
2017_1137_1314,0.11961687743625546
2017_1137_1315,0.73950711489576226
2017_1137_1321,0.26892324057042438
2017_1137_1323,0.093546465907152793
2017_1137_1329,0.084480719028191098
2017_1137_1332,0.064247812932415257
2017_1137_1343,0.33798881215547832
2017_1137_1344,0.089604504992977715
2017_1137_1345,0.082571267353998404
2017_1137_1348,0.18477589509516396
2017_1137_1355,0.54063006954737447
2017_1137_1371,0.043358806020966395
2017_1137_1374,0.016757760745607614
2017_1137_1376,0.2664190381612731
2017_1137_1388,0.055421130860141277
2017_1137_1407,0.55925969560691247
2017_1137_1411,0.75430925489720346
2017_1137_1413,0.6984588463527116
2017_1137_1417,0.013927604856624316
2017_1137_1423,0.34438715697920619
2017_1137_1425,0.25149060921025324
2017_1137_1433,0.15952952750300328
2017_1137_1435,0.1465726767441726
2017_1137_1436,0.39245590657127261
2017_1137_1437,0.051646074041619333
2017_1137_1438,0.084661070965789967
2017_1137_1439,0.21232076351770596
2017_1137_1448,0.30435435773912023
2017_1137_1452,0.067601471117095246
2017_1137_1455,0.020542182288239674
2017_1137_1457,0.53542367014620662
2017_1137_1458,0.16778122704632964
2017_1137_1462,0.046537537961156616
2017_1139_1153,0.48780255534729366
2017_1139_1166,0.66370596123896541
2017_1139_1173,0.67558032777477006
2017_1139_1181,0.41847623193597416
2017_1139_1190,0.86852873359031646
2017_1139_1195,0.81448666079936916
2017_1139_1196,0.49439651590341532
2017_1139_1199,0.57949062111420147
2017_1139_1211,0.34878675092192668
2017_1139_1233,0.95975203434895118
2017_1139_1235,0.49819434338806301
2017_1139_1240,0.86416195170665167
2017_1139_1242,0.25949912794594698
2017_1139_1243,0.69594347494199282
2017_1139_1245,0.74575433823308568
2017_1139_1246,0.31944770016401802
2017_1139_1257,0.49160046507105193
2017_1139_1266,0.59736987539976105
2017_1139_1268,0.63538797855850992
2017_1139_1274,0.60144705175352231
2017_1139_1276,0.50515508265898046
2017_1139_1277,0.59091519153881755
2017_1139_1278,0.7269305220571135
2017_1139_1291,1.0305586898706274
2017_1139_1292,0.61239704408086837
2017_1139_1297,0.98440189821045732
2017_1139_1300,0.96066905682315051
2017_1139_1305,0.6309806808785754
2017_1139_1308,0.8626466898335885
2017_1139_1309,0.97623580048274938
2017_1139_1314,0.38198847323484708
2017_1139_1315,0.96527893620342564
2017_1139_1321,0.53764618417172638
2017_1139_1323,0.35135654678403339
2017_1139_1329,0.5513039654141646
2017_1139_1332,0.39072894841608447
2017_1139_1343,0.72465745335109999
2017_1139_1344,0.5727922302447449
2017_1139_1345,0.44764464582497204
2017_1139_1348,0.6677574929673219
2017_1139_1355,0.87940216593306852
2017_1139_1371,0.58774254265486436
2017_1139_1374,0.52605092466251691
2017_1139_1376,0.73242686504768073
2017_1139_1388,0.56275345031454416
2017_1139_1407,1.0375452263120108
2017_1139_1411,1.0174744854526589
2017_1139_1413,0.89092389731195287
2017_1139_1417,0.32952405660855677
2017_1139_1423,0.80743564326212613
2017_1139_1425,0.56675552132219531
2017_1139_1433,0.58507532755358127
2017_1139_1435,0.6440901716238141
2017_1139_1436,0.77590336769560297
2017_1139_1437,0.25862385653012415
2017_1139_1438,0.37214493527502618
2017_1139_1439,0.70595381902257681
2017_1139_1448,0.75715673222426527
2017_1139_1452,0.32181670870906531
2017_1139_1455,0.43054935005781364
2017_1139_1457,0.82770402839719304
2017_1139_1458,0.45388801860964384
2017_1139_1462,0.62137335347360412
2017_1153_1166,0.5830818236368791
2017_1153_1173,0.59617865967963157
2017_1153_1181,0.39637055808828947
2017_1153_1190,0.93433520016397698
2017_1153_1195,0.80137720146745539
2017_1153_1196,0.47850654050799535
2017_1153_1199,0.52363529656126151
2017_1153_1211,0.34718854835339696
2017_1153_1233,0.84535003271551168
2017_1153_1235,0.46621415046329306
2017_1153_1240,0.9206665827831082
2017_1153_1242,0.23292876863467094
2017_1153_1243,0.6957866418791554
2017_1153_1245,0.9037073968525029
2017_1153_1246,0.3075806344734251
2017_1153_1257,0.35196646792645214
2017_1153_1266,0.59739163180920618
2017_1153_1268,0.55820643142219795
2017_1153_1274,0.5720249278786077
2017_1153_1276,0.56394533277253012
2017_1153_1277,0.63292487788915663
2017_1153_1278,0.7754540398351879
2017_1153_1291,0.96722521514587545
2017_1153_1292,0.64531822375476855
2017_1153_1297,0.89638851207405601
2017_1153_1300,1.0105652508431744
2017_1153_1305,0.71991603071250976
2017_1153_1308,0.8856600730209796
2017_1153_1309,0.87490091044707419
2017_1153_1314,0.39944953891125079
2017_1153_1315,0.86015783399109147
2017_1153_1321,0.60094915497834933
2017_1153_1323,0.30875135009424187
2017_1153_1329,0.5890723127305596
2017_1153_1332,0.31977997901994132
2017_1153_1343,0.90132003538885652
2017_1153_1344,0.75956959682767144
2017_1153_1345,0.4874763142260648
2017_1153_1348,0.71570166704564409
2017_1153_1355,0.85152415383250313
2017_1153_1371,0.53591035914228347
2017_1153_1374,0.37547389700275685
2017_1153_1376,0.62495393490867079
2017_1153_1388,0.6447602137035825
2017_1153_1407,0.97893248961195223
2017_1153_1411,0.85394585775281584
2017_1153_1413,0.9994429694121223
2017_1153_1417,0.29668365364056892
2017_1153_1423,0.82700150300223974
2017_1153_1425,0.6070432107400846
2017_1153_1433,0.61094220641492414
2017_1153_1435,0.81396147264724172
2017_1153_1436,0.79064220315237577
2017_1153_1437,0.40147475719645148
2017_1153_1438,0.39186134473197387
2017_1153_1439,0.6639850953704528
2017_1153_1448,0.6963217976589865
2017_1153_1452,0.31484203657825927
2017_1153_1455,0.47732528952180947
2017_1153_1457,0.85629704120249073
2017_1153_1458,0.47929487249930075
2017_1153_1462,0.50036221265704706
2017_1166_1173,0.4889154841471739
2017_1166_1181,0.3510973815790488
2017_1166_1190,0.7373531508295027
2017_1166_1195,0.76139506772607657
2017_1166_1196,0.46396435122539881
2017_1166_1199,0.46906905798030113
2017_1166_1211,0.29043962182465294
2017_1166_1233,0.82873235673570678
2017_1166_1235,0.31109121073027435
2017_1166_1240,1.0157243943962679
2017_1166_1242,0.30360420650919545
2017_1166_1243,0.47738829978777408
2017_1166_1245,0.79308595333520604
2017_1166_1246,0.12570252099356172
2017_1166_1257,0.2932425465985567
2017_1166_1266,0.5928750812792084
2017_1166_1268,0.55057668380993929
2017_1166_1274,0.58756703895860085
2017_1166_1276,0.39118961963123366
2017_1166_1277,0.64468689559279169
2017_1166_1278,0.61592943183876181
2017_1166_1291,0.92284854355582169
2017_1166_1292,0.66380379909002507
2017_1166_1297,0.95928732731266508
2017_1166_1300,1.0485725190483315
2017_1166_1305,0.54634562474099402
2017_1166_1308,0.83037613193542503
2017_1166_1309,0.87599356071065915
2017_1166_1314,0.27865858781145381
2017_1166_1315,0.98099199102406021
2017_1166_1321,0.49327121344859082
2017_1166_1323,0.25246526786397577
2017_1166_1329,0.46552295500491181
2017_1166_1332,0.27474731115105322
2017_1166_1343,0.67666282432935732
2017_1166_1344,0.66066897291145166
2017_1166_1345,0.33159211426463669
2017_1166_1348,0.52188395224017203
2017_1166_1355,0.9525953625235285
2017_1166_1371,0.4190985007790497
2017_1166_1374,0.32442405986074352
2017_1166_1376,0.4925196980074884
2017_1166_1388,0.47891988218497178
2017_1166_1407,0.91350941338550773
2017_1166_1411,0.97910813149618603
2017_1166_1413,0.90157134364959235
2017_1166_1417,0.33664082055382877
2017_1166_1423,0.7122111502516455
2017_1166_1425,0.58431727138750955
2017_1166_1433,0.6464970577650101
2017_1166_1435,0.54158974060544862
2017_1166_1436,0.73102745269298353
2017_1166_1437,0.21667176487151793
2017_1166_1438,0.4446063553704771
2017_1166_1439,0.63222996240025853
2017_1166_1448,0.54015094080942672
2017_1166_1452,0.2295146479829589
2017_1166_1455,0.41127419227148909
2017_1166_1457,0.93233817976802846
2017_1166_1458,0.45163198267402982
2017_1166_1462,0.40257183201463154
2017_1173_1181,0.24391405627369361
2017_1173_1190,0.83426239645715683
2017_1173_1195,0.77006377451225605
2017_1173_1196,0.41695198188502208
2017_1173_1199,0.46626197811584358
2017_1173_1211,0.19203371265722544
2017_1173_1233,0.82912937487848115
2017_1173_1235,0.33732345920831452
2017_1173_1240,0.97478276240143813
2017_1173_1242,0.2755430152885352
2017_1173_1243,0.39564365572549426
2017_1173_1245,0.65490946687473528
2017_1173_1246,0.26677049352064153
2017_1173_1257,0.244664322958841
2017_1173_1266,0.47208700424904415
2017_1173_1268,0.48369793950595286
2017_1173_1274,0.50193434065017328
2017_1173_1276,0.47957532196088848
2017_1173_1277,0.56787619735048145
2017_1173_1278,0.50037159524666874
2017_1173_1291,0.92093024505391086
2017_1173_1292,0.53601914623708047
2017_1173_1297,0.84406687145544312
2017_1173_1300,0.88190761856713817
2017_1173_1305,0.5450365270502876
2017_1173_1308,0.79068095089730217
2017_1173_1309,0.98486697857159011
2017_1173_1314,0.24151394352516103
2017_1173_1315,0.80257360991515103
2017_1173_1321,0.42810379031879231
2017_1173_1323,0.23332706202606596
2017_1173_1329,0.36885143847797691
2017_1173_1332,0.2678344467176581
2017_1173_1343,0.63143552322229224
2017_1173_1344,0.42773151132149034
2017_1173_1345,0.40927140215622115
2017_1173_1348,0.46464803379198116
2017_1173_1355,0.84631526752952835
2017_1173_1371,0.38070885585751679
2017_1173_1374,0.3156310163662629
2017_1173_1376,0.52110000409578416
2017_1173_1388,0.33576788869729235
2017_1173_1407,0.8177640058569966
2017_1173_1411,1.0023998306878315
2017_1173_1413,0.83272590216907627
2017_1173_1417,0.20382379420522279
2017_1173_1423,0.67710536722146686
2017_1173_1425,0.54587788125119996
2017_1173_1433,0.50261987482877735
2017_1173_1435,0.64767782380418293
2017_1173_1436,0.8010550673808795
2017_1173_1437,0.13061348021699101
2017_1173_1438,0.30179316771289511
2017_1173_1439,0.46693176894829408
2017_1173_1448,0.52266298511588338
2017_1173_1452,0.24999704141495571
2017_1173_1455,0.23461367022844287
2017_1173_1457,0.80829685741415247
2017_1173_1458,0.41906961017007871
2017_1173_1462,0.50931834938839249
2017_1181_1190,0.84275189561527253
2017_1181_1195,0.89687637517504071
2017_1181_1196,0.65935251750019241
2017_1181_1199,0.56122737983410032
2017_1181_1211,0.55136751197006029
2017_1181_1233,0.95927138247463439
2017_1181_1235,0.64352966877767903
2017_1181_1240,0.92955463083211698
2017_1181_1242,0.36348784288380154
2017_1181_1243,0.80876034048634704
2017_1181_1245,0.88889936859996155
2017_1181_1246,0.44767070917180185
2017_1181_1257,0.4859879105636789
2017_1181_1266,0.73176431032944489
2017_1181_1268,0.69602080299176006
2017_1181_1274,0.60169289276576277
2017_1181_1276,0.72220864920723393
2017_1181_1277,0.81243685597932802
2017_1181_1278,0.80102923852796237
2017_1181_1291,0.96072916519390839
2017_1181_1292,0.77941688020198341
2017_1181_1297,0.93072962802905357
2017_1181_1300,0.94365456576342044
2017_1181_1305,0.64923684124137093
2017_1181_1308,0.82999697037511011
2017_1181_1309,0.98451328660414628
2017_1181_1314,0.5313863805100546
2017_1181_1315,1.039166842633809
2017_1181_1321,0.66905956079319695
2017_1181_1323,0.49651268753730354
2017_1181_1329,0.65126449654290264
2017_1181_1332,0.57567462329625119
2017_1181_1343,0.88483927265098616
2017_1181_1344,0.67082252060640446
2017_1181_1345,0.67743926749243411
2017_1181_1348,0.77268435315356654
2017_1181_1355,0.97725271090138044
2017_1181_1371,0.75406600761103904
2017_1181_1374,0.46904150537107148
2017_1181_1376,0.84659248731130632
2017_1181_1388,0.69570226753392039
2017_1181_1407,0.86590740334809679
2017_1181_1411,0.90911293716857644
2017_1181_1413,0.95889481930870546
2017_1181_1417,0.5459129308992906
2017_1181_1423,0.72941311637368544
2017_1181_1425,0.79997670932915488
2017_1181_1433,0.74631433773681122
2017_1181_1435,0.85933278395815282
2017_1181_1436,0.88414908995321717
2017_1181_1437,0.46275750785131109
2017_1181_1438,0.49222806889716914
2017_1181_1439,0.74093550085522952
2017_1181_1448,0.82078206140646404
2017_1181_1452,0.38083871146358078
2017_1181_1455,0.6506517050769286
2017_1181_1457,0.85083975699625625
2017_1181_1458,0.63804220569711956
2017_1181_1462,0.65274962175240803
2017_1190_1195,0.53573491735789347
2017_1190_1196,0.17783997667916229
2017_1190_1199,0.22316972284845954
2017_1190_1211,0.19184268616396485
2017_1190_1233,0.63906105569755789
2017_1190_1235,0.14526047373368861
2017_1190_1240,0.77440945607921741
2017_1190_1242,0.12702956530117063
2017_1190_1243,0.17526018768368073
2017_1190_1245,0.55536405341489059
2017_1190_1246,0.15532165806707632
2017_1190_1257,0.18828875563741285
2017_1190_1266,0.15752409988602478
2017_1190_1268,0.13785659574395898
2017_1190_1274,0.12645048425597788
2017_1190_1276,0.1265520972586528
2017_1190_1277,0.16813102167486221
2017_1190_1278,0.31587902355667008
2017_1190_1291,0.86873159367284669
2017_1190_1292,0.29271040038538854
2017_1190_1297,0.56436042758082705
2017_1190_1300,0.93230952391511157
2017_1190_1305,0.30563802470787649
2017_1190_1308,0.41090782830252182
2017_1190_1309,0.90700546357031919
2017_1190_1314,0.16353941787712922
2017_1190_1315,0.6693314048596205
2017_1190_1321,0.24604894917902925
2017_1190_1323,0.11097265233673632
2017_1190_1329,0.26379070797262438
2017_1190_1332,0.16204545734148582
2017_1190_1343,0.42035535199023488
2017_1190_1344,0.30224860478592736
2017_1190_1345,0.1004144097657152
2017_1190_1348,0.16168622976797453
2017_1190_1355,0.60548469009101158
2017_1190_1371,0.13058967456897522
2017_1190_1374,0.095867103548036708
2017_1190_1376,0.179831006537222
2017_1190_1388,0.17488244688553584
2017_1190_1407,0.7705563765188943
2017_1190_1411,0.7049831598775731
2017_1190_1413,0.70208105825421874
2017_1190_1417,0.041719298997267895
2017_1190_1423,0.39099464875286288
2017_1190_1425,0.19013630527287478
2017_1190_1433,0.22688564362574831
2017_1190_1435,0.2223062954027451
2017_1190_1436,0.55146556827973869
2017_1190_1437,0.042905464316543601
2017_1190_1438,0.17449586735323672
2017_1190_1439,0.27884654702794909
2017_1190_1448,0.32230413286003334
2017_1190_1452,0.092510162448209601
2017_1190_1455,0.1644510277660152
2017_1190_1457,0.68034175254690421
2017_1190_1458,0.2063559856346896
2017_1190_1462,0.20003879210391762
2017_1195_1196,0.13707232098989902
2017_1195_1199,0.13713321930729164
2017_1195_1211,0.04404050853980182
2017_1195_1233,0.40153769081504392
2017_1195_1235,0.045520231358616665
2017_1195_1240,0.71580044618309813
2017_1195_1242,0.032744299710943919
2017_1195_1243,0.19450591714970994
2017_1195_1245,0.39482577439638578
2017_1195_1246,0.045302336561270945
2017_1195_1257,0.052010848741701296
2017_1195_1266,0.085819678075780323
2017_1195_1268,0.23105197739476621
2017_1195_1274,0.22784032889674719
2017_1195_1276,0.2298732559298414
2017_1195_1277,0.10818921461289989
2017_1195_1278,0.21872847751193275
2017_1195_1291,0.79500949590367131
2017_1195_1292,0.29910196130215749
2017_1195_1297,0.57835861721782655
2017_1195_1300,0.86777713770812026
2017_1195_1305,0.18402226790344592
2017_1195_1308,0.28244130016672681
2017_1195_1309,0.86093994407176178
2017_1195_1314,0.14191736087689091
2017_1195_1315,0.59666675227413302
2017_1195_1321,0.23965861857274051
2017_1195_1323,0.03994440645667871
2017_1195_1329,0.17459130315600899
2017_1195_1332,-0.00053526693227215483
2017_1195_1343,0.35283775039009796
2017_1195_1344,0.18665240998285587
2017_1195_1345,0.05735363230244641
2017_1195_1348,0.088465010506749597
2017_1195_1355,0.59355105961537613
2017_1195_1371,0.11652839210826418
2017_1195_1374,0.10296477892917533
2017_1195_1376,0.23486075972098247
2017_1195_1388,0.034338385442109223
2017_1195_1407,0.5557364797570904
2017_1195_1411,0.69462739844074739
2017_1195_1413,0.59607047001643099
2017_1195_1417,0.16246629309972993
2017_1195_1423,0.33641720230116623
2017_1195_1425,0.1436566371798213
2017_1195_1433,0.13588851847275021
2017_1195_1435,0.14166904876031777
2017_1195_1436,0.36667367485330365
2017_1195_1437,-0.0069569237501057035
2017_1195_1438,0.13512545369180287
2017_1195_1439,0.21345487848277828
2017_1195_1448,0.295791598355157
2017_1195_1452,0.0075156067625761422
2017_1195_1455,0.108730504976926
2017_1195_1457,0.49596497093893321
2017_1195_1458,0.05172862650901483
2017_1195_1462,0.049914267343245236
2017_1196_1199,0.51645317838416427
2017_1196_1211,0.32796503918696768
2017_1196_1233,0.77270807995069146
2017_1196_1235,0.40293479574175495
2017_1196_1240,0.96583315397717706
2017_1196_1242,0.21704206387668465
2017_1196_1243,0.57342061061736604
2017_1196_1245,0.74285533677391846
2017_1196_1246,0.28903904223400023
2017_1196_1257,0.40732422046444555
2017_1196_1266,0.50410529632073431
2017_1196_1268,0.65797353834304229
2017_1196_1274,0.61633082748380719
2017_1196_1276,0.54982975265215928
2017_1196_1277,0.69852828817826274
2017_1196_1278,0.63112488116419663
2017_1196_1291,0.9695753789811502
2017_1196_1292,0.67929873541583541
2017_1196_1297,0.83972021468217883
2017_1196_1300,1.0071317877968644
2017_1196_1305,0.70895694984577273
2017_1196_1308,0.77716600318121964
2017_1196_1309,1.0469564963509754
2017_1196_1314,0.39935789496947394
2017_1196_1315,0.89794577444934787
2017_1196_1321,0.69170539086388616
2017_1196_1323,0.30600559733779148
2017_1196_1329,0.45440924600230048
2017_1196_1332,0.35330932057335351
2017_1196_1343,0.75095513747566034
2017_1196_1344,0.70675253826645024
2017_1196_1345,0.51383431115177203
2017_1196_1348,0.68096809078811715
2017_1196_1355,0.92022109689642595
2017_1196_1371,0.52358615431759903
2017_1196_1374,0.51390225018899505
2017_1196_1376,0.73333893638953174
2017_1196_1388,0.4732224787194218
2017_1196_1407,0.95020729765680456
2017_1196_1411,0.85263371115131714
2017_1196_1413,0.8322617356811064
2017_1196_1417,0.31630761425137421
2017_1196_1423,0.80471504851165654
2017_1196_1425,0.58272913900324685
2017_1196_1433,0.58931296940117561
2017_1196_1435,0.67205029742206712
2017_1196_1436,0.79792019625149146
2017_1196_1437,0.34710396749363481
2017_1196_1438,0.31592095467367692
2017_1196_1439,0.62481710696220971
2017_1196_1448,0.58971169723683137
2017_1196_1452,0.20434158223324747
2017_1196_1455,0.37466431406043638
2017_1196_1457,0.96452454427330658
2017_1196_1458,0.51043132712057981
2017_1196_1462,0.51898436136253279
2017_1199_1211,0.34342509094956408
2017_1199_1233,0.93539493609065183
2017_1199_1235,0.40267105560823263
2017_1199_1240,0.97270893000605529
2017_1199_1242,0.20417516355975587
2017_1199_1243,0.59619760406364364
2017_1199_1245,0.8163336334788811
2017_1199_1246,0.34598451980707712
2017_1199_1257,0.33117087343610285
2017_1199_1266,0.64800502531227366
2017_1199_1268,0.52424505649108566
2017_1199_1274,0.52256017650030329
2017_1199_1276,0.54070019645057676
2017_1199_1277,0.56435543885489836
2017_1199_1278,0.66554769920881818
2017_1199_1291,0.96907681747458507
2017_1199_1292,0.6523086542564801
2017_1199_1297,0.79437654733148133
2017_1199_1300,0.88020481521191574
2017_1199_1305,0.58583017936658732
2017_1199_1308,0.90285262003825206
2017_1199_1309,1.0401231201543615
2017_1199_1314,0.36810815170229
2017_1199_1315,0.87819330070780544
2017_1199_1321,0.69713767233212809
2017_1199_1323,0.36681256759668524
2017_1199_1329,0.56730677248670913
2017_1199_1332,0.26908158049800318
2017_1199_1343,0.73359157799349095
2017_1199_1344,0.65345002059436319
2017_1199_1345,0.4645775744514905
2017_1199_1348,0.56404913815224655
2017_1199_1355,0.81432415347443177
2017_1199_1371,0.58896062026064189
2017_1199_1374,0.50676635473815135
2017_1199_1376,0.60710189595242914
2017_1199_1388,0.49004341945987712
2017_1199_1407,0.99311668834193489
2017_1199_1411,0.88218340172829623
2017_1199_1413,0.86458809369648915
2017_1199_1417,0.27218103895640222
2017_1199_1423,0.67980357553276038
2017_1199_1425,0.477847544315814
2017_1199_1433,0.61801514190768259
2017_1199_1435,0.59977649186330007
2017_1199_1436,0.73780926584678919
2017_1199_1437,0.2250244899436058
2017_1199_1438,0.35343841112485014
2017_1199_1439,0.58822644361571153
2017_1199_1448,0.67366853522794501
2017_1199_1452,0.38291807770062281
2017_1199_1455,0.46692430540641572
2017_1199_1457,0.88331294407766037
2017_1199_1458,0.47577392354619025
2017_1199_1462,0.57776238208227815
2017_1211_1233,0.95042875820848138
2017_1211_1235,0.64651057881206364
2017_1211_1240,0.92091507517112814
2017_1211_1242,0.47033436262246342
2017_1211_1243,0.80842540606905267
2017_1211_1245,0.95579204506911097
2017_1211_1246,0.31027269877929359
2017_1211_1257,0.61706093011036389
2017_1211_1266,0.77872875063408786
2017_1211_1268,0.73901894281385816
2017_1211_1274,0.68246794019301926
2017_1211_1276,0.74284683269285068
2017_1211_1277,0.71047688341022086
2017_1211_1278,0.70023570612841424
2017_1211_1291,1.0808204664543766
2017_1211_1292,0.72566016583497972
2017_1211_1297,0.92381405117224658
2017_1211_1300,0.95578641149981414
2017_1211_1305,0.65284083076638344
2017_1211_1308,0.89738495774896443
2017_1211_1309,0.90142296964783442
2017_1211_1314,0.53275930781878833
2017_1211_1315,1.0502180722107255
2017_1211_1321,0.82739516280110814
2017_1211_1323,0.39434735858381997
2017_1211_1329,0.66825498210330059
2017_1211_1332,0.62297044891066922
2017_1211_1343,0.91311887706646377
2017_1211_1344,0.7453285946935847
2017_1211_1345,0.60770780537612124
2017_1211_1348,0.82468605558575092
2017_1211_1355,0.91375182573159952
2017_1211_1371,0.74538019289413104
2017_1211_1374,0.62294375006106861
2017_1211_1376,0.78392781140183876
2017_1211_1388,0.71700972546400821
2017_1211_1407,1.0227443861272494
2017_1211_1411,0.98733757422899493
2017_1211_1413,1.0055222456306578
2017_1211_1417,0.57826558017338303
2017_1211_1423,0.88326903657905564
2017_1211_1425,0.78188890227888463
2017_1211_1433,0.68974043744285496
2017_1211_1435,0.90102964510234562
2017_1211_1436,0.80789138604503663
2017_1211_1437,0.45495560882651287
2017_1211_1438,0.5559364888745344
2017_1211_1439,0.77540382655892071
2017_1211_1448,0.78254680821384848
2017_1211_1452,0.41286867861293275
2017_1211_1455,0.49407771742021583
2017_1211_1457,0.96998923811642179
2017_1211_1458,0.67676895688983818
2017_1211_1462,0.75554773033511513
2017_1233_1235,0.11397539497364169
2017_1233_1240,0.72572702683325452
2017_1233_1242,0.14143950568473151
2017_1233_1243,0.17376632913056134
2017_1233_1245,0.33707814393603708
2017_1233_1246,0.12774912129031266
2017_1233_1257,0.136981931139145
2017_1233_1266,0.23200269926608705
2017_1233_1268,0.13989188783369372
2017_1233_1274,0.072646710428817596
2017_1233_1276,0.078936255781945755
2017_1233_1277,0.23629068067109812
2017_1233_1278,0.16444360573519906
2017_1233_1291,0.77019949884461014
2017_1233_1292,0.27699994931241473
2017_1233_1297,0.51871307247094967
2017_1233_1300,0.72980703732614649
2017_1233_1305,0.17072253007874705
2017_1233_1308,0.32307532461058158
2017_1233_1309,0.73569132955519256
2017_1233_1314,0.035035930281958949
2017_1233_1315,0.64419576609940543
2017_1233_1321,0.28062791411101906
2017_1233_1323,0.078213459980502414
2017_1233_1329,0.12825106292348162
2017_1233_1332,0.1642600092631209
2017_1233_1343,0.32232507710008029
2017_1233_1344,0.18515958188162351
2017_1233_1345,0.16748380946696179
2017_1233_1348,0.12355138126561817
2017_1233_1355,0.6297840795171854
2017_1233_1371,0.087325063661865363
2017_1233_1374,0.15108373099072797
2017_1233_1376,0.1340570126273487
2017_1233_1388,0.11420836237425284
2017_1233_1407,0.65122911568553876
2017_1233_1411,0.70729264568146233
2017_1233_1413,0.76383983601817007
2017_1233_1417,0.053895111695768841
2017_1233_1423,0.20020570733710702
2017_1233_1425,0.25423349921129712
2017_1233_1433,0.15930764534108532
2017_1233_1435,0.28356587232745739
2017_1233_1436,0.51657505004233339
2017_1233_1437,0.03923979220694418
2017_1233_1438,0.18529123999908079
2017_1233_1439,0.17194527353456229
2017_1233_1448,0.27898503137426206
2017_1233_1452,0.014729966477026131
2017_1233_1455,0.16427835084303624
2017_1233_1457,0.54711263013824241
2017_1233_1458,0.10794264242358668
2017_1233_1462,0.18723127082632157
2017_1235_1240,0.98545680709140304
2017_1235_1242,0.25999383929054931
2017_1235_1243,0.67330479244973451
2017_1235_1245,0.80898376495444935
2017_1235_1246,0.22135163534802588
2017_1235_1257,0.49916335544557644
2017_1235_1266,0.58200243171884991
2017_1235_1268,0.69432253123437726
2017_1235_1274,0.63929242556041688
2017_1235_1276,0.66714268667220522
2017_1235_1277,0.78135473381674503
2017_1235_1278,0.656662899286789
2017_1235_1291,1.0084888811611865
2017_1235_1292,0.68531170223100213
2017_1235_1297,0.99018469604452042
2017_1235_1300,1.0672513311215315
2017_1235_1305,0.76585723679236173
2017_1235_1308,0.75796085134421176
2017_1235_1309,0.95913155228599645
2017_1235_1314,0.45733009961407328
2017_1235_1315,0.93361511264134112
2017_1235_1321,0.66209310423397072
2017_1235_1323,0.29744870610107477
2017_1235_1329,0.65237653573651011
2017_1235_1332,0.47970402453682692
2017_1235_1343,0.92910208193817734
2017_1235_1344,0.58717060746127681
2017_1235_1345,0.46135606598274048
2017_1235_1348,0.70554139509130054
2017_1235_1355,0.92899337679009397
2017_1235_1371,0.66222370729675772
2017_1235_1374,0.44925169838890811
2017_1235_1376,0.70685838355797492
2017_1235_1388,0.64684574998810396
2017_1235_1407,0.9794734775704792
2017_1235_1411,0.99616241333459599
2017_1235_1413,0.88227306842009867
2017_1235_1417,0.41890747928248862
2017_1235_1423,0.86337945070183242
2017_1235_1425,0.61685210441015059
2017_1235_1433,0.66596883833568066
2017_1235_1435,0.6367646421948765
2017_1235_1436,0.78446186500256632
2017_1235_1437,0.32784962124194533
2017_1235_1438,0.44456474266785484
2017_1235_1439,0.66733815602159829
2017_1235_1448,0.69307577891695726
2017_1235_1452,0.41860526011969279
2017_1235_1455,0.37927790740652456
2017_1235_1457,0.90150753014490026
2017_1235_1458,0.5699322397480725
2017_1235_1462,0.53827691384752141
2017_1240_1242,0.021498149358837565
2017_1240_1243,0.021177356270403465
2017_1240_1245,0.15979199362240265
2017_1240_1246,0.11024818182247786
2017_1240_1257,-0.021949523582792056
2017_1240_1266,0.0092992723595904658
2017_1240_1268,0.0077254389164075343
2017_1240_1274,0.085237348353906894
2017_1240_1276,0.10911712162213402
2017_1240_1277,0.11317623456932507
2017_1240_1278,-0.015725483142893529
2017_1240_1291,0.5659540304094578
2017_1240_1292,0.1548815260941466
2017_1240_1297,0.29522655315167412
2017_1240_1300,0.5606260133526112
2017_1240_1305,0.020941263725559552
2017_1240_1308,0.19454350101169657
2017_1240_1309,0.64110384896779649
2017_1240_1314,0.084579401265305304
2017_1240_1315,0.45082557226020109
2017_1240_1321,0.13453992038939486
2017_1240_1323,0.093651031481223224
2017_1240_1329,0.026893174236002973
2017_1240_1332,-0.065306168710118517
2017_1240_1343,0.22707829440140143
2017_1240_1344,-0.011529441488277448
2017_1240_1345,0.11378934595616966
2017_1240_1348,0.11851693065113475
2017_1240_1355,0.33274180064905012
2017_1240_1371,0.12980111300784672
2017_1240_1374,-0.0330369451181938
2017_1240_1376,0.15628288868423776
2017_1240_1388,0.058476259796101202
2017_1240_1407,0.37184224507271879
2017_1240_1411,0.50171851253388722
2017_1240_1413,0.34644842026378658
2017_1240_1417,-0.0010413969303823684
2017_1240_1423,0.067869152886155054
2017_1240_1425,0.048802592268409301
2017_1240_1433,0.024740902426261834
2017_1240_1435,0.18014786139219879
2017_1240_1436,0.16471914434971274
2017_1240_1437,-0.05676216640963952
2017_1240_1438,0.093596129597441208
2017_1240_1439,-0.016269584182605004
2017_1240_1448,0.021197683316361682
2017_1240_1452,0.069598922714389777
2017_1240_1455,0.013044578639550414
2017_1240_1457,0.3498231947222602
2017_1240_1458,-0.02368247972085398
2017_1240_1462,-0.02946893087821939
2017_1242_1243,0.90399441350405074
2017_1242_1245,0.98681844604752356
2017_1242_1246,0.48803162193436211
2017_1242_1257,0.71367117009904335
2017_1242_1266,0.8804133346772508
2017_1242_1268,0.80462820256112377
2017_1242_1274,0.87372908154059137
2017_1242_1276,0.71722935674279831
2017_1242_1277,0.82443067173626827
2017_1242_1278,0.84086899627986544
2017_1242_1291,0.9934552284330268
2017_1242_1292,0.92209677205770169
2017_1242_1297,0.89909829772365102
2017_1242_1300,1.0593911318480691
2017_1242_1305,0.73820694968054923
2017_1242_1308,0.93870781014798166
2017_1242_1309,0.90383652904422052
2017_1242_1314,0.60642356397450148
2017_1242_1315,0.99180927603539604
2017_1242_1321,0.74514618824066248
2017_1242_1323,0.53827025923896898
2017_1242_1329,0.68002498543489975
2017_1242_1332,0.52189288163142311
2017_1242_1343,0.83623696339688547
2017_1242_1344,0.82929106990136003
2017_1242_1345,0.74204142605287182
2017_1242_1348,0.88635108844395016
2017_1242_1355,1.034515488814042
2017_1242_1371,0.8237910593933776
2017_1242_1374,0.66301033578695434
2017_1242_1376,0.83516529745145518
2017_1242_1388,0.65845401285871041
2017_1242_1407,0.88086734643362896
2017_1242_1411,0.93900121744666454
2017_1242_1413,0.88028270528718622
2017_1242_1417,0.66361506660125147
2017_1242_1423,0.93625738243907852
2017_1242_1425,0.78726120533285848
2017_1242_1433,0.80221441849559649
2017_1242_1435,0.78050685853197388
2017_1242_1436,0.94594826360974982
2017_1242_1437,0.52711271735574483
2017_1242_1438,0.6542911879328126
2017_1242_1439,0.89372100099621044
2017_1242_1448,0.92423015421881105
2017_1242_1452,0.53876157052359841
2017_1242_1455,0.57400395844316154
2017_1242_1457,0.96688617106778663
2017_1242_1458,0.7606445056281711
2017_1242_1462,0.82614659223780929
2017_1243_1245,0.70742793773160617
2017_1243_1246,0.26438545965691129
2017_1243_1257,0.37056550071040906
2017_1243_1266,0.37481627043620319
2017_1243_1268,0.5008729604657487
2017_1243_1274,0.46085632450101405
2017_1243_1276,0.4423299869016819
2017_1243_1277,0.48026182611078672
2017_1243_1278,0.5243133697968152
2017_1243_1291,1.0500495828796566
2017_1243_1292,0.63280552379073962
2017_1243_1297,0.77496572528081453
2017_1243_1300,0.90056121873817474
2017_1243_1305,0.43364367137518323
2017_1243_1308,0.73726598803855159
2017_1243_1309,0.93240269386351793
2017_1243_1314,0.31651126119035539
2017_1243_1315,0.97207574597264623
2017_1243_1321,0.48317491333081225
2017_1243_1323,0.16628781099477291
2017_1243_1329,0.36035926413085773
2017_1243_1332,0.33553357305024745
2017_1243_1343,0.67883599722277155
2017_1243_1344,0.49243158113132507
2017_1243_1345,0.40394030936041342
2017_1243_1348,0.43393356696965141
2017_1243_1355,0.86341722535351073
2017_1243_1371,0.3657241529182037
2017_1243_1374,0.29627816434002824
2017_1243_1376,0.58080432856513964
2017_1243_1388,0.45566252088363468
2017_1243_1407,0.8421831696583536
2017_1243_1411,0.84287936601587587
2017_1243_1413,0.94808922952410868
2017_1243_1417,0.21056697275227471
2017_1243_1423,0.6928737320636349
2017_1243_1425,0.48840918119009508
2017_1243_1433,0.5575266311409024
2017_1243_1435,0.67639665716596564
2017_1243_1436,0.65437678200086469
2017_1243_1437,0.15141733170236735
2017_1243_1438,0.23800359355505585
2017_1243_1439,0.53180728573549318
2017_1243_1448,0.56901738323004036
2017_1243_1452,0.16839353722875935
2017_1243_1455,0.30166495477208305
2017_1243_1457,0.77191955931458867
2017_1243_1458,0.48021568839596751
2017_1243_1462,0.43362558510493993
2017_1245_1246,0.11703127481436826
2017_1245_1257,0.035212236611451092
2017_1245_1266,0.16533607653391841
2017_1245_1268,0.17333695476575306
2017_1245_1274,0.21604935598352984
2017_1245_1276,0.15197221607151767
2017_1245_1277,0.25192987582144688
2017_1245_1278,0.24718972037852655
2017_1245_1291,0.91191598651591899
2017_1245_1292,0.34228162943920543
2017_1245_1297,0.57993478960758305
2017_1245_1300,0.77262732773758724
2017_1245_1305,0.33516564905783597
2017_1245_1308,0.53744544153911911
2017_1245_1309,0.93870063757492805
2017_1245_1314,0.16117327470342288
2017_1245_1315,0.66405833482646459
2017_1245_1321,0.19771862908499011
2017_1245_1323,0.015803099963081282
2017_1245_1329,0.23004059730806073
2017_1245_1332,0.018407909613224416
2017_1245_1343,0.54434902762702342
2017_1245_1344,0.20970510215213181
2017_1245_1345,0.24428884696662154
2017_1245_1348,0.34658039904510796
2017_1245_1355,0.68740055052309335
2017_1245_1371,0.1829553915916467
2017_1245_1374,0.03833374656042278
2017_1245_1376,0.1853896234834691
2017_1245_1388,0.20803307822843031
2017_1245_1407,0.83805053687211095
2017_1245_1411,0.68514228557749746
2017_1245_1413,0.70215338248374115
2017_1245_1417,0.18828306621164578
2017_1245_1423,0.36756464202155503
2017_1245_1425,0.2113324068340609
2017_1245_1433,0.27634575828703317
2017_1245_1435,0.31340985973412605
2017_1245_1436,0.43879799069004166
2017_1245_1437,0.0023540471060417428
2017_1245_1438,0.090132218323212526
2017_1245_1439,0.34537183028860008
2017_1245_1448,0.26001254825176018
2017_1245_1452,0.11335976862734981
2017_1245_1455,0.16008503421524686
2017_1245_1457,0.58981197566910371
2017_1245_1458,0.23362394019512589
2017_1245_1462,0.30907039752988685
2017_1246_1257,0.66631294028557175
2017_1246_1266,0.84854329389009919
2017_1246_1268,0.80751715929319412
2017_1246_1274,0.77278875713329387
2017_1246_1276,0.78707570413570649
2017_1246_1277,0.75691639306914238
2017_1246_1278,0.77054810070008073
2017_1246_1291,0.94238879670776443
2017_1246_1292,0.86629288173221908
2017_1246_1297,1.0481724230848128
2017_1246_1300,1.0757779562342242
2017_1246_1305,0.85273134452185473
2017_1246_1308,0.88142337473221966
2017_1246_1309,0.98566514254498427
2017_1246_1314,0.5647945279670582
2017_1246_1315,0.96161013914375026
2017_1246_1321,0.7623097872152832
2017_1246_1323,0.50379559400181528
2017_1246_1329,0.68418723871504539
2017_1246_1332,0.56707387588099467
2017_1246_1343,0.94336755480087953
2017_1246_1344,0.87444868679355214
2017_1246_1345,0.62023492568620409
2017_1246_1348,0.82388212836173824
2017_1246_1355,1.0321965366010146
2017_1246_1371,0.73273820888393359
2017_1246_1374,0.72296513117326544
2017_1246_1376,0.80958614632957371
2017_1246_1388,0.8347120040314786
2017_1246_1407,0.97217767837771363
2017_1246_1411,0.99478629246194228
2017_1246_1413,1.0074321228269516
2017_1246_1417,0.69910021017267621
2017_1246_1423,0.86408282900132383
2017_1246_1425,0.74165533207753331
2017_1246_1433,0.87059820296867019
2017_1246_1435,0.83812816290372705
2017_1246_1436,0.92437200965625888
2017_1246_1437,0.47363959889990259
2017_1246_1438,0.70181780018694362
2017_1246_1439,0.84995698004797582
2017_1246_1448,0.88532495586836268
2017_1246_1452,0.43787700201618274
2017_1246_1455,0.6985318267746754
2017_1246_1457,0.94057425172182307
2017_1246_1458,0.83155084111821542
2017_1246_1462,0.78773726743035821
2017_1257_1266,0.5911685852809998
2017_1257_1268,0.69804953951912141
2017_1257_1274,0.72716414032937449
2017_1257_1276,0.58585884395903187
2017_1257_1277,0.74248799990101799
2017_1257_1278,0.73430831078656933
2017_1257_1291,1.0014419737510536
2017_1257_1292,0.79122364006800661
2017_1257_1297,0.87599351070438225
2017_1257_1300,1.036326138122512
2017_1257_1305,0.68159842411351101
2017_1257_1308,0.87049998419167529
2017_1257_1309,0.89440335375894786
2017_1257_1314,0.37994721867826398
2017_1257_1315,1.0423562124234351
2017_1257_1321,0.67684860205448738
2017_1257_1323,0.45880292793207966
2017_1257_1329,0.72698407829989642
2017_1257_1332,0.57624374971327685
2017_1257_1343,0.90131923182589757
2017_1257_1344,0.80320429706793961
2017_1257_1345,0.62111034765634532
2017_1257_1348,0.70820094027431801
2017_1257_1355,0.84409884545226177
2017_1257_1371,0.54172545148407369
2017_1257_1374,0.51271000596604543
2017_1257_1376,0.69813634734385133
2017_1257_1388,0.68275720735343537
2017_1257_1407,0.97587163753350514
2017_1257_1411,1.0531477409795009
2017_1257_1413,0.97314185312998558
2017_1257_1417,0.44876533882975544
2017_1257_1423,0.72773697717687258
2017_1257_1425,0.62368443435118148
2017_1257_1433,0.77782545191390917
2017_1257_1435,0.68287781510595225
2017_1257_1436,0.96369025812527387
2017_1257_1437,0.4616835726368817
2017_1257_1438,0.46675003891937988
2017_1257_1439,0.76534365183446074
2017_1257_1448,0.80813154668332821
2017_1257_1452,0.29095383667939251
2017_1257_1455,0.49081909236187116
2017_1257_1457,0.93144072141387835
2017_1257_1458,0.70438540629271562
2017_1257_1462,0.67993885873586635
2017_1266_1268,0.45631858572369799
2017_1266_1274,0.4700744993194329
2017_1266_1276,0.41472075098071859
2017_1266_1277,0.63410616931267494
2017_1266_1278,0.62570300168522319
2017_1266_1291,0.97197296989661575
2017_1266_1292,0.66510327160674509
2017_1266_1297,0.89971091122095859
2017_1266_1300,0.9206395752066413
2017_1266_1305,0.45618283694394901
2017_1266_1308,0.72365795516605824
2017_1266_1309,1.0238944009499436
2017_1266_1314,0.33182991999379813
2017_1266_1315,0.99852375396552695
2017_1266_1321,0.5224817647248664
2017_1266_1323,0.20731571158378309
2017_1266_1329,0.49105726324044441
2017_1266_1332,0.31757619196702452
2017_1266_1343,0.85134794379005652
2017_1266_1344,0.56917895099909011
2017_1266_1345,0.3750170218696342
2017_1266_1348,0.62376940564092709
2017_1266_1355,0.87636477570115034
2017_1266_1371,0.54864896811108643
2017_1266_1374,0.25661691131819897
2017_1266_1376,0.63627654417319979
2017_1266_1388,0.47766786915102505
2017_1266_1407,0.89269220170195573
2017_1266_1411,0.86928780033249919
2017_1266_1413,0.82124352104042009
2017_1266_1417,0.29731836563197128
2017_1266_1423,0.70385939419770338
2017_1266_1425,0.43290648986619362
2017_1266_1433,0.55623404802578558
2017_1266_1435,0.58986232600857813
2017_1266_1436,0.69454140009316523
2017_1266_1437,0.15637977048507401
2017_1266_1438,0.26889361243148502
2017_1266_1439,0.48690886232022307
2017_1266_1448,0.67298879360558528
2017_1266_1452,0.20871105462815587
2017_1266_1455,0.31214034381403533
2017_1266_1457,0.82332762397182013
2017_1266_1458,0.45983534395276043
2017_1266_1462,0.41472938569980711
2017_1268_1274,0.44168003818972085
2017_1268_1276,0.52508107019783623
2017_1268_1277,0.50271484933102928
2017_1268_1278,0.64459480180567785
2017_1268_1291,0.94482664397267913
2017_1268_1292,0.66064294149046965
2017_1268_1297,0.86452622581158134
2017_1268_1300,1.030598579735571
2017_1268_1305,0.44612558575646433
2017_1268_1308,0.67748192306361832
2017_1268_1309,0.86543593848661138
2017_1268_1314,0.2080554906114736
2017_1268_1315,0.93295776295972532
2017_1268_1321,0.44811606192747894
2017_1268_1323,0.29287617211848971
2017_1268_1329,0.37748643620908295
2017_1268_1332,0.1998021003576389
2017_1268_1343,0.72428674195390086
2017_1268_1344,0.52549809086458621
2017_1268_1345,0.3506663106806967
2017_1268_1348,0.45389967534789
2017_1268_1355,0.94986928363068268
2017_1268_1371,0.52771387019125648
2017_1268_1374,0.36272458148481418
2017_1268_1376,0.56427149170218249
2017_1268_1388,0.37069205432110408
2017_1268_1407,0.88877372283776923
2017_1268_1411,0.82910876217078733
2017_1268_1413,0.8995406275187191
2017_1268_1417,0.25480775409974665
2017_1268_1423,0.74043177863966592
2017_1268_1425,0.42058646579263292
2017_1268_1433,0.50957652734191483
2017_1268_1435,0.64439389237221001
2017_1268_1436,0.6978165691747592
2017_1268_1437,0.21794014737868492
2017_1268_1438,0.41217664859652037
2017_1268_1439,0.58495364996465671
2017_1268_1448,0.5957234894593717
2017_1268_1452,0.31544395600745273
2017_1268_1455,0.25104692722878819
2017_1268_1457,0.95142981742944122
2017_1268_1458,0.40344770267027608
2017_1268_1462,0.48690695685687779
2017_1274_1276,0.37970046310161565
2017_1274_1277,0.61946539062775208
2017_1274_1278,0.60709863615145099
2017_1274_1291,0.96630062085187407
2017_1274_1292,0.62943315586011572
2017_1274_1297,0.80196998754401938
2017_1274_1300,1.027450550788084
2017_1274_1305,0.63157222577665395
2017_1274_1308,0.83377073526111534
2017_1274_1309,0.99545953110467644
2017_1274_1314,0.31720041596227833
2017_1274_1315,0.90283897910833633
2017_1274_1321,0.57060903228634297
2017_1274_1323,0.30751469500905126
2017_1274_1329,0.47992949865930701
2017_1274_1332,0.24364132480074427
2017_1274_1343,0.85464555417536925
2017_1274_1344,0.6292514204055577
2017_1274_1345,0.29986630570413386
2017_1274_1348,0.45353780404361277
2017_1274_1355,0.7805446460353298
2017_1274_1371,0.40103649852857837
2017_1274_1374,0.30694397157865555
2017_1274_1376,0.51240356692506261
2017_1274_1388,0.4742823406434522
2017_1274_1407,0.92057505062089517
2017_1274_1411,0.92553914074964272
2017_1274_1413,0.92521939137843301
2017_1274_1417,0.28911646207445318
2017_1274_1423,0.64034842430436878
2017_1274_1425,0.60204520429162711
2017_1274_1433,0.60839277575024697
2017_1274_1435,0.56308963828575775
2017_1274_1436,0.78822061822684297
2017_1274_1437,0.3035015500206657
2017_1274_1438,0.30955816476802112
2017_1274_1439,0.48063688856730263
2017_1274_1448,0.63917752664998451
2017_1274_1452,0.14766557545466685
2017_1274_1455,0.36834571347248535
2017_1274_1457,0.83487932060199688
2017_1274_1458,0.46743197011844284
2017_1274_1462,0.55260431904204044
2017_1276_1277,0.58467732445294784
2017_1276_1278,0.59763933901297084
2017_1276_1291,0.96377158062753943
2017_1276_1292,0.67329064662533833
2017_1276_1297,0.82892557770602349
2017_1276_1300,0.91537765156909867
2017_1276_1305,0.60425352721514725
2017_1276_1308,0.75286676378139061
2017_1276_1309,1.0589976263983034
2017_1276_1314,0.28768190771330765
2017_1276_1315,0.87063304029691169
2017_1276_1321,0.60685059094015925
2017_1276_1323,0.22555680876209433
2017_1276_1329,0.49101174556510335
2017_1276_1332,0.40041875366446222
2017_1276_1343,0.70190644292197524
2017_1276_1344,0.65844930518245604
2017_1276_1345,0.37559473009577338
2017_1276_1348,0.60495194537481689
2017_1276_1355,0.87134084630053177
2017_1276_1371,0.54787118018116654
2017_1276_1374,0.42721249755019203
2017_1276_1376,0.61153865157160681
2017_1276_1388,0.57289443014285735
2017_1276_1407,1.0036578875992967
2017_1276_1411,1.0233971780347306
2017_1276_1413,1.0003698661049873
2017_1276_1417,0.32477778001419588
2017_1276_1423,0.65889993067298447
2017_1276_1425,0.53964725604852992
2017_1276_1433,0.62883491212276854
2017_1276_1435,0.555583788328742
2017_1276_1436,0.88524748885869564
2017_1276_1437,0.32266279406940107
2017_1276_1438,0.36268045881478095
2017_1276_1439,0.48994330027763355
2017_1276_1448,0.61407473616332042
2017_1276_1452,0.21949602647011998
2017_1276_1455,0.33509821212165819
2017_1276_1457,0.899245251532232
2017_1276_1458,0.47061892353550522
2017_1276_1462,0.55899976933032547
2017_1277_1278,0.43181273577660273
2017_1277_1291,0.91330305406478329
2017_1277_1292,0.57580768154571793
2017_1277_1297,0.79945026014140119
2017_1277_1300,0.9363516355564836
2017_1277_1305,0.53312252229548651
2017_1277_1308,0.67486477593708949
2017_1277_1309,0.88898358875694017
2017_1277_1314,0.14134580790327952
2017_1277_1315,0.80794855827618883
2017_1277_1321,0.54688801821847222
2017_1277_1323,0.28869855868745153
2017_1277_1329,0.45482900672202975
2017_1277_1332,0.23073144620777125
2017_1277_1343,0.62682890375618561
2017_1277_1344,0.4393969268195449
2017_1277_1345,0.33617812092002142
2017_1277_1348,0.41308088206984189
2017_1277_1355,0.75026521673751922
2017_1277_1371,0.43802368803081465
2017_1277_1374,0.33873468119199135
2017_1277_1376,0.40474434990585267
2017_1277_1388,0.41163798060761614
2017_1277_1407,0.78712044614056365
2017_1277_1411,0.86195584180404772
2017_1277_1413,0.78419992095981139
2017_1277_1417,0.19253876642458545
2017_1277_1423,0.64819582207436321
2017_1277_1425,0.42435406221829203
2017_1277_1433,0.5448852606297323
2017_1277_1435,0.496604507127068
2017_1277_1436,0.81446307651764882
2017_1277_1437,0.16399313315521125
2017_1277_1438,0.25743412014594136
2017_1277_1439,0.49892212821349557
2017_1277_1448,0.53366025995736921
2017_1277_1452,0.27445908489872262
2017_1277_1455,0.33490748597570674
2017_1277_1457,0.83429760856613344
2017_1277_1458,0.29517273238654451
2017_1277_1462,0.4842783157734587
2017_1278_1291,0.97134050961617202
2017_1278_1292,0.45682278899929751
2017_1278_1297,0.77678200183074864
2017_1278_1300,0.87477719908599161
2017_1278_1305,0.54411006801145945
2017_1278_1308,0.76319509569396415
2017_1278_1309,0.91552567057157119
2017_1278_1314,0.11716293337512115
2017_1278_1315,0.81099535286768509
2017_1278_1321,0.44918805466947681
2017_1278_1323,0.19121051709464348
2017_1278_1329,0.43358841593634256
2017_1278_1332,0.19361278799269596
2017_1278_1343,0.60282157697497885
2017_1278_1344,0.42104837899559699
2017_1278_1345,0.35966172667982255
2017_1278_1348,0.43331826728701456
2017_1278_1355,0.75980152013830005
2017_1278_1371,0.47602043747240974
2017_1278_1374,0.2259609053294207
2017_1278_1376,0.53654678177931481
2017_1278_1388,0.30760510187498369
2017_1278_1407,0.88837945502181015
2017_1278_1411,0.8379339879828307
2017_1278_1413,0.83242825075108462
2017_1278_1417,0.14382858835559942
2017_1278_1423,0.6762126165676674
2017_1278_1425,0.5224038054452993
2017_1278_1433,0.51340128102627958
2017_1278_1435,0.58834173283260305
2017_1278_1436,0.68218935696496763
2017_1278_1437,0.13209629074789583
2017_1278_1438,0.25665016219643266
2017_1278_1439,0.4500708143256309
2017_1278_1448,0.59382455820708824
2017_1278_1452,0.1747455417054497
2017_1278_1455,0.30125063640145688
2017_1278_1457,0.81884567632666461
2017_1278_1458,0.30196221290728015
2017_1278_1462,0.40993363767946184
2017_1291_1292,0.015994329552787317
2017_1291_1297,0.25196143493450179
2017_1291_1300,0.45497225717461326
2017_1291_1305,0.035942551861123384
2017_1291_1308,0.043777136922179036
2017_1291_1309,0.37405023154040951
2017_1291_1314,-0.062469684580366711
2017_1291_1315,0.39932426326966841
2017_1291_1321,0.13613309819505212
2017_1291_1323,-0.0040150301550366529
2017_1291_1329,-0.0072185438798545443
2017_1291_1332,-0.06529479766733147
2017_1291_1343,0.1165612947870744
2017_1291_1344,0.089223197011602945
2017_1291_1345,0.037529801486656217
2017_1291_1348,0.13355249288018861
2017_1291_1355,0.14981554149786808
2017_1291_1371,0.12266628430203305
2017_1291_1374,0.11041935200233222
2017_1291_1376,0.044043893932711839
2017_1291_1388,0.076108584249311578
2017_1291_1407,0.33525805831695588
2017_1291_1411,0.33474497779926016
2017_1291_1413,0.24071783564895782
2017_1291_1417,0.085536065084223928
2017_1291_1423,0.10233477884014136
2017_1291_1425,0.013411185081619245
2017_1291_1433,0.09660138819045383
2017_1291_1435,-0.037661722620261309
2017_1291_1436,0.21245711683041285
2017_1291_1437,-0.075931403336468001
2017_1291_1438,0.0025885105831358335
2017_1291_1439,-0.035860464073759382
2017_1291_1448,0.12762800410729289
2017_1291_1452,-0.0012531858423183023
2017_1291_1455,0.057275773363655663
2017_1291_1457,0.30426098380599065
2017_1291_1458,0.037887196907912118
2017_1291_1462,0.13270694322682633
2017_1292_1297,0.72360181027102799
2017_1292_1300,0.82938019044346445
2017_1292_1305,0.37078459574712413
2017_1292_1308,0.63892455565497841
2017_1292_1309,0.85158604096896318
2017_1292_1314,0.10943420453562637
2017_1292_1315,0.8587759981186065
2017_1292_1321,0.53541504569689269
2017_1292_1323,0.19660507681781131
2017_1292_1329,0.34915681083466005
2017_1292_1332,0.27398430003392416
2017_1292_1343,0.70249078082745608
2017_1292_1344,0.53185184940269326
2017_1292_1345,0.25530154733415711
2017_1292_1348,0.38897759004979271
2017_1292_1355,0.89476259843474615
2017_1292_1371,0.28842334006330445
2017_1292_1374,0.35996901091771272
2017_1292_1376,0.51364371723473934
2017_1292_1388,0.33897241357454477
2017_1292_1407,0.96187538513307747
2017_1292_1411,0.91211663598158688
2017_1292_1413,0.95393434028357471
2017_1292_1417,0.17336939211688968
2017_1292_1423,0.48366323084837481
2017_1292_1425,0.49688720653366292
2017_1292_1433,0.50786764199968737
2017_1292_1435,0.47386506576924187
2017_1292_1436,0.7798164239496097
2017_1292_1437,0.088736864332771503
2017_1292_1438,0.17161897337809381
2017_1292_1439,0.48204252938699721
2017_1292_1448,0.4955684903956718
2017_1292_1452,0.17504374997124608
2017_1292_1455,0.28582321597866445
2017_1292_1457,0.78314542392934761
2017_1292_1458,0.31306123363297811
2017_1292_1462,0.45384571410513591
2017_1297_1300,0.73413480434505329
2017_1297_1305,0.24068091321209806
2017_1297_1308,0.39171203861780102
2017_1297_1309,0.80949672947218121
2017_1297_1314,0.021787885715622374
2017_1297_1315,0.71835604035000911
2017_1297_1321,0.20732503693354548
2017_1297_1323,0.062832209960719698
2017_1297_1329,0.19672996383199001
2017_1297_1332,0.054254331807206541
2017_1297_1343,0.30998763735338392
2017_1297_1344,0.15062333122444721
2017_1297_1345,0.18959630195170168
2017_1297_1348,0.21929596723938144
2017_1297_1355,0.58272570016985903
2017_1297_1371,0.076409183431013966
2017_1297_1374,0.09978219906987193
2017_1297_1376,0.18688526896709015
2017_1297_1388,0.041258780368570794
2017_1297_1407,0.57396580771929828
2017_1297_1411,0.61529947471407809
2017_1297_1413,0.56066310528265273
2017_1297_1417,-0.0018580213997732298
2017_1297_1423,0.1374635124017598
2017_1297_1425,0.20322046799005172
2017_1297_1433,0.23252675102988676
2017_1297_1435,0.25492025395893958
2017_1297_1436,0.26669244399272907
2017_1297_1437,0.0067669279856978626
2017_1297_1438,0.092432740035548716
2017_1297_1439,0.10275746668051915
2017_1297_1448,0.11485424040016236
2017_1297_1452,0.0018303647699190462
2017_1297_1455,0.020041101435285036
2017_1297_1457,0.47331193382538073
2017_1297_1458,0.13142818139841855
2017_1297_1462,0.19896185342857672
2017_1300_1305,-0.010305573840664689
2017_1300_1308,0.097501153731048701
2017_1300_1309,0.5012354632909849
2017_1300_1314,-0.073771067944160537
2017_1300_1315,0.37777199411566365
2017_1300_1321,0.010735373355646893
2017_1300_1323,0.095089068738117261
2017_1300_1329,0.018695755531271965
2017_1300_1332,0.12242045400797175
2017_1300_1343,0.050339882471097594
2017_1300_1344,0.040592642457162736
2017_1300_1345,0.065249810067605024
2017_1300_1348,0.015001104283527522
2017_1300_1355,0.34902976543803399
2017_1300_1371,0.12818225908806374
2017_1300_1374,0.079434120275043235
2017_1300_1376,0.044906967658301239
2017_1300_1388,0.081934359168724963
2017_1300_1407,0.38045290622683398
2017_1300_1411,0.39160555637520389
2017_1300_1413,0.26191040158829881
2017_1300_1417,-0.050953345714281173
2017_1300_1423,0.12938945143995303
2017_1300_1425,-0.0056530054985653375
2017_1300_1433,-0.024515818464379946
2017_1300_1435,-0.0066731213996250177
2017_1300_1436,0.19621853992560703
2017_1300_1437,0.019361951175267372
2017_1300_1438,0.12354711997061676
2017_1300_1439,0.10734773612008386
2017_1300_1448,0.0012216083990221616
2017_1300_1452,0.030057753765272491
2017_1300_1455,0.086218399542424384
2017_1300_1457,0.18346327148338404
2017_1300_1458,0.097709497033087289
2017_1300_1462,-0.005184750394419263
2017_1305_1308,0.70345969685694054
2017_1305_1309,0.88259873256224608
2017_1305_1314,0.11686143681557683
2017_1305_1315,0.83430943208517294
2017_1305_1321,0.41156716119594189
2017_1305_1323,0.30709440171633962
2017_1305_1329,0.46697011727964505
2017_1305_1332,0.19264321864398223
2017_1305_1343,0.70129045136600077
2017_1305_1344,0.55997082217771887
2017_1305_1345,0.27898153572067502
2017_1305_1348,0.38176527120830572
2017_1305_1355,0.76047743332437101
2017_1305_1371,0.31228455281665762
2017_1305_1374,0.23572496960956643
2017_1305_1376,0.52491355627994818
2017_1305_1388,0.40540658561139609
2017_1305_1407,0.90574876913722446
2017_1305_1411,0.87710485220693535
2017_1305_1413,0.97362131159315091
2017_1305_1417,0.18212206780351722
2017_1305_1423,0.58369871835771736
2017_1305_1425,0.44699549751360557
2017_1305_1433,0.46039582868144829
2017_1305_1435,0.63818475407821851
2017_1305_1436,0.80369583572197478
2017_1305_1437,0.10329061773904492
2017_1305_1438,0.37568940573471299
2017_1305_1439,0.56087723064834272
2017_1305_1448,0.47511718398987585
2017_1305_1452,0.246525253033055
2017_1305_1455,0.33351641572182594
2017_1305_1457,0.81329861633200129
2017_1305_1458,0.41681736980741441
2017_1305_1462,0.32878611268731228
2017_1308_1309,0.88498268399222801
2017_1308_1314,-0.0040212341258801659
2017_1308_1315,0.72895026883263381
2017_1308_1321,0.17521838506894194
2017_1308_1323,0.19690921054869551
2017_1308_1329,0.12807448763976076
2017_1308_1332,0.10894722436321354
2017_1308_1343,0.42698328564048338
2017_1308_1344,0.20103686090351275
2017_1308_1345,0.07614287468034546
2017_1308_1348,0.2787972175113545
2017_1308_1355,0.69621996652628237
2017_1308_1371,0.31129215756822093
2017_1308_1374,0.073539340210854856
2017_1308_1376,0.35372033610381209
2017_1308_1388,0.16521100306559594
2017_1308_1407,0.7462533379921974
2017_1308_1411,0.80904763102209787
2017_1308_1413,0.68596573226607604
2017_1308_1417,0.077510427696589557
2017_1308_1423,0.36531420282716576
2017_1308_1425,0.2161928384055056
2017_1308_1433,0.18098247827183167
2017_1308_1435,0.41052034065702719
2017_1308_1436,0.62204471023309915
2017_1308_1437,0.034289361000929781
2017_1308_1438,0.14350827832489943
2017_1308_1439,0.34420346264171586
2017_1308_1448,0.33835131896761683
2017_1308_1452,0.092982781222888278
2017_1308_1455,0.08191026439386373
2017_1308_1457,0.61486107086857933
2017_1308_1458,0.19021523385309305
2017_1308_1462,0.15059093877545546
2017_1309_1314,0.030082904131299881
2017_1309_1315,0.31626566115473742
2017_1309_1321,0.087777517697061269
2017_1309_1323,-0.021393481489208548
2017_1309_1329,-0.056902659293278979
2017_1309_1332,0.034203108247779973
2017_1309_1343,0.21431478953390234
2017_1309_1344,0.018970447834119983
2017_1309_1345,-0.046906855273381287
2017_1309_1348,0.042810759963865588
2017_1309_1355,0.33792417259860918
2017_1309_1371,0.07710473198999232
2017_1309_1374,-0.038340857285453528
2017_1309_1376,-0.010937235837065698
2017_1309_1388,-0.048541513969639127
2017_1309_1407,0.36833091368407134
2017_1309_1411,0.27931569795030964
2017_1309_1413,0.24284513892463255
2017_1309_1417,0.10340217509463334
2017_1309_1423,0.045137460070542888
2017_1309_1425,0.096150543863940285
2017_1309_1433,0.15313078111096221
2017_1309_1435,-0.0051958562853405277
2017_1309_1436,0.14048389595128877
2017_1309_1437,0.069490889663690297
2017_1309_1438,-0.021445623351149058
2017_1309_1439,0.079262237547007147
2017_1309_1448,0.086345790658986996
2017_1309_1452,0.083085168230331491
2017_1309_1455,-0.0094914830493825625
2017_1309_1457,0.24447109784517215
2017_1309_1458,0.066857523984797385
2017_1309_1462,0.13926841450245631
2017_1314_1315,0.95188021524625832
2017_1314_1321,0.85751612115401776
2017_1314_1323,0.4602231645923574
2017_1314_1329,0.81874547013340049
2017_1314_1332,0.64291885201772425
2017_1314_1343,0.84280713099473803
2017_1314_1344,0.72074199011375872
2017_1314_1345,0.57526687013940647
2017_1314_1348,0.69341509889475772
2017_1314_1355,0.96833118249566363
2017_1314_1371,0.64888718451403959
2017_1314_1374,0.67120695994821389
2017_1314_1376,0.88377392349181072
2017_1314_1388,0.65730832632748337
2017_1314_1407,0.92864173108147274
2017_1314_1411,0.95402580905304557
2017_1314_1413,0.90970887083573126
2017_1314_1417,0.59122940825881232
2017_1314_1423,0.82716555176790352
2017_1314_1425,0.72606271474360651
2017_1314_1433,0.84111944027645813
2017_1314_1435,0.82782593680845951
2017_1314_1436,0.9159486506356328
2017_1314_1437,0.46773097226059901
2017_1314_1438,0.62891718647683281
2017_1314_1439,0.86147636061076505
2017_1314_1448,0.86136376416917804
2017_1314_1452,0.48688373399043938
2017_1314_1455,0.5516392612320552
2017_1314_1457,0.96309364643465134
2017_1314_1458,0.69100765858882951
2017_1314_1462,0.6968958331420152
2017_1315_1321,0.039248080032469622
2017_1315_1323,0.035023890968204657
2017_1315_1329,0.1102717199094721
2017_1315_1332,-0.024007180337346862
2017_1315_1343,0.19083218002811481
2017_1315_1344,0.016689520481517173
2017_1315_1345,0.010306829906582403
2017_1315_1348,0.003444030373615195
2017_1315_1355,0.45131599190441157
2017_1315_1371,0.10558822496546638
2017_1315_1374,-0.0086713861282878835
2017_1315_1376,0.17533761841153683
2017_1315_1388,0.08368244173954513
2017_1315_1407,0.57640222667417118
2017_1315_1411,0.52986725069595375
2017_1315_1413,0.40601008866438415
2017_1315_1417,0.087297629831952855
2017_1315_1423,0.25284893940707953
2017_1315_1425,0.0042280994560525975
2017_1315_1433,0.024170778461060693
2017_1315_1435,0.15884037016274319
2017_1315_1436,0.24856618831853444
2017_1315_1437,0.11389942749989401
2017_1315_1438,0.062478912815378068
2017_1315_1439,0.19447328432638181
2017_1315_1448,0.14871570892351563
2017_1315_1452,0.082009507402908161
2017_1315_1455,0.0013603114071108549
2017_1315_1457,0.47582825553966923
2017_1315_1458,0.083346241358432521
2017_1315_1462,0.159851434536286
2017_1321_1323,0.25256729635365849
2017_1321_1329,0.44464990138144639
2017_1321_1332,0.28462841064662886
2017_1321_1343,0.6617520453802691
2017_1321_1344,0.57678703647782092
2017_1321_1345,0.25789041915286037
2017_1321_1348,0.4510543703989689
2017_1321_1355,0.86813389681361131
2017_1321_1371,0.43795471179671408
2017_1321_1374,0.34003767963602127
2017_1321_1376,0.52682268176080449
2017_1321_1388,0.36974689276867323
2017_1321_1407,0.8669718916590905
2017_1321_1411,0.91687049201838722
2017_1321_1413,0.80161442117278381
2017_1321_1417,0.30995552218547384
2017_1321_1423,0.56020180674137943
2017_1321_1425,0.51243261852819477
2017_1321_1433,0.51630098643569466
2017_1321_1435,0.60964460764004458
2017_1321_1436,0.75005828337196068
2017_1321_1437,0.1626829646217689
2017_1321_1438,0.30033929091079486
2017_1321_1439,0.44989751824493329
2017_1321_1448,0.5391199959666706
2017_1321_1452,0.22425643913143231
2017_1321_1455,0.33122193036053205
2017_1321_1457,0.81490347642674055
2017_1321_1458,0.498475559738906
2017_1321_1462,0.51266743711770058
2017_1323_1329,0.76346182971721244
2017_1323_1332,0.49354856770453909
2017_1323_1343,0.92607055380573489
2017_1323_1344,0.85745354750145975
2017_1323_1345,0.56285028503478918
2017_1323_1348,0.80308283768866118
2017_1323_1355,0.9972096816342616
2017_1323_1371,0.8013893538869119
2017_1323_1374,0.54269789664370705
2017_1323_1376,0.77755875813265385
2017_1323_1388,0.62152419596839636
2017_1323_1407,0.97023365150361696
2017_1323_1411,0.98361707841238888
2017_1323_1413,1.0230104425865341
2017_1323_1417,0.56448042090663575
2017_1323_1423,0.88916954882335419
2017_1323_1425,0.80408543055078174
2017_1323_1433,0.79818050140105534
2017_1323_1435,0.91749477166283
2017_1323_1436,0.92420343568656316
2017_1323_1437,0.38682826662676201
2017_1323_1438,0.6912570289712725
2017_1323_1439,0.82740295586927348
2017_1323_1448,0.8737019039281968
2017_1323_1452,0.57216317594498545
2017_1323_1455,0.59753842845006022
2017_1323_1457,0.95257824508988764
2017_1323_1458,0.7746166761803428
2017_1323_1462,0.69512262412394832
2017_1329_1332,0.31843322798112594
2017_1329_1343,0.78785124202992318
2017_1329_1344,0.55170356841585966
2017_1329_1345,0.46262757504586316
2017_1329_1348,0.65840627776598448
2017_1329_1355,0.91424216464131991
2017_1329_1371,0.54181035172065661
2017_1329_1374,0.31273964500754386
2017_1329_1376,0.55507229585780471
2017_1329_1388,0.54502269142983373
2017_1329_1407,0.88577517765504599
2017_1329_1411,0.93194668791672797
2017_1329_1413,0.84903813194114741
2017_1329_1417,0.42077561907512062
2017_1329_1423,0.66396094167357589
2017_1329_1425,0.6059071603617795
2017_1329_1433,0.66994083205867583
2017_1329_1435,0.70074864423928385
2017_1329_1436,0.71410914661638158
2017_1329_1437,0.28379456283487792
2017_1329_1438,0.31828641784502881
2017_1329_1439,0.62348047866351886
2017_1329_1448,0.70616447987570985
2017_1329_1452,0.18922204873039516
2017_1329_1455,0.48159669443227093
2017_1329_1457,0.82467804128079203
2017_1329_1458,0.41764939215168279
2017_1329_1462,0.4488258072673097
2017_1332_1343,0.83421587777897488
2017_1332_1344,0.66520357693297782
2017_1332_1345,0.662089157589003
2017_1332_1348,0.62964457360636295
2017_1332_1355,0.92796567633015026
2017_1332_1371,0.69039297391419341
2017_1332_1374,0.46356753301617099
2017_1332_1376,0.83655210712373884
2017_1332_1388,0.60978183105495531
2017_1332_1407,1.0223706162507176
2017_1332_1411,0.89615827443730078
2017_1332_1413,0.85967304994514138
2017_1332_1417,0.56893395784026513
2017_1332_1423,0.72180416980210726
2017_1332_1425,0.60521316762334931
2017_1332_1433,0.7694480966178594
2017_1332_1435,0.80951223286068696
2017_1332_1436,0.88126397803418188
2017_1332_1437,0.41014715363728543
2017_1332_1438,0.50227842791373389
2017_1332_1439,0.64254600737099188
2017_1332_1448,0.72683147471991472
2017_1332_1452,0.44590969034493205
2017_1332_1455,0.50283088522253749
2017_1332_1457,0.99982851705409859
2017_1332_1458,0.65917956318888726
2017_1332_1462,0.57048480200416885
2017_1343_1344,0.23644276089717103
2017_1343_1345,0.2197182152336416
2017_1343_1348,0.20634732693626678
2017_1343_1355,0.5761522119990643
2017_1343_1371,0.14459888701814877
2017_1343_1374,0.079349222089041938
2017_1343_1376,0.23170193239344811
2017_1343_1388,0.20823790516879104
2017_1343_1407,0.73777515569853658
2017_1343_1411,0.80675723855162385
2017_1343_1413,0.71114570381559117
2017_1343_1417,0.0273073258262444
2017_1343_1423,0.36666205116567974
2017_1343_1425,0.26841965273967816
2017_1343_1433,0.31552183107755549
2017_1343_1435,0.33405755920017211
2017_1343_1436,0.51909850347753861
2017_1343_1437,0.17185038789679724
2017_1343_1438,0.049671133794113087
2017_1343_1439,0.29134430259125838
2017_1343_1448,0.34791143076853248
2017_1343_1452,0.11663761470401462
2017_1343_1455,0.071185574770964738
2017_1343_1457,0.62921462694626884
2017_1343_1458,0.23762865665318769
2017_1343_1462,0.30534798122613604
2017_1344_1345,0.39428108104575499
2017_1344_1348,0.50179613810540347
2017_1344_1355,0.83247600402390998
2017_1344_1371,0.44001919355369046
2017_1344_1374,0.26319581900170552
2017_1344_1376,0.43715894446799364
2017_1344_1388,0.43831049554181689
2017_1344_1407,0.81867709789637588
2017_1344_1411,0.83322781217834352
2017_1344_1413,0.95584996766268859
2017_1344_1417,0.27228898294520359
2017_1344_1423,0.67869779243122652
2017_1344_1425,0.49817061309471378
2017_1344_1433,0.44700238620072397
2017_1344_1435,0.47785407779614486
2017_1344_1436,0.78988551883950486
2017_1344_1437,0.13176499341557535
2017_1344_1438,0.37841619912157376
2017_1344_1439,0.40842041230084031
2017_1344_1448,0.64870381008536693
2017_1344_1452,0.23954281950942
2017_1344_1455,0.38147641360780804
2017_1344_1457,0.79041508662432192
2017_1344_1458,0.35607176376347749
2017_1344_1462,0.36129805319030045
2017_1345_1348,0.56455297729236653
2017_1345_1355,0.91243155680108134
2017_1345_1371,0.51451217342501609
2017_1345_1374,0.49394453528314269
2017_1345_1376,0.69929087841335558
2017_1345_1388,0.58996804166372918
2017_1345_1407,0.9568496941961161
2017_1345_1411,1.0468055311413575
2017_1345_1413,0.89353835793570902
2017_1345_1417,0.45052937920269509
2017_1345_1423,0.73364624931361389
2017_1345_1425,0.64849402285687618
2017_1345_1433,0.71303731062130715
2017_1345_1435,0.63339337337861823
2017_1345_1436,0.82432953719692881
2017_1345_1437,0.22906329601218595
2017_1345_1438,0.51465870450609286
2017_1345_1439,0.70483422388006944
2017_1345_1448,0.74248293689775191
2017_1345_1452,0.2252287159251832
2017_1345_1455,0.50379270244243046
2017_1345_1457,0.996214716903427
2017_1345_1458,0.50000758914591692
2017_1345_1462,0.52324693258372712
2017_1348_1355,0.84458414429392281
2017_1348_1371,0.34635969129741828
2017_1348_1374,0.34445034644076816
2017_1348_1376,0.47779877004892712
2017_1348_1388,0.34237391554442909
2017_1348_1407,0.84903573861621218
2017_1348_1411,0.91369540827164175
2017_1348_1413,0.82367899142572987
2017_1348_1417,0.18154917199529985
2017_1348_1423,0.63622879672582111
2017_1348_1425,0.42173281941748164
2017_1348_1433,0.42897623556890013
2017_1348_1435,0.59563774857770635
2017_1348_1436,0.71536048903318872
2017_1348_1437,0.12537220008539407
2017_1348_1438,0.37953277123373041
2017_1348_1439,0.50437827692978565
2017_1348_1448,0.62745395339873167
2017_1348_1452,0.30214820210141391
2017_1348_1455,0.33256231398714442
2017_1348_1457,0.81344739969698632
2017_1348_1458,0.49462370555144908
2017_1348_1462,0.52483426067287497
2017_1355_1371,0.21290113648854744
2017_1355_1374,0.086228892499706819
2017_1355_1376,0.26295581494239784
2017_1355_1388,0.03529953443028766
2017_1355_1407,0.51782258634093248
2017_1355_1411,0.63008604852243533
2017_1355_1413,0.63588517959326385
2017_1355_1417,0.067662732571596357
2017_1355_1423,0.25485868438841358
2017_1355_1425,0.19534933390892803
2017_1355_1433,0.23683951812186085
2017_1355_1435,0.22368692161274725
2017_1355_1436,0.39521934670200964
2017_1355_1437,0.018960090016154507
2017_1355_1438,0.042543943093787395
2017_1355_1439,0.070020079955887965
2017_1355_1448,0.23629438156657981
2017_1355_1452,0.062517379040962329
2017_1355_1455,0.0086060128518787166
2017_1355_1457,0.43047615386331106
2017_1355_1458,0.20229933064160163
2017_1355_1462,0.13809789117237983
2017_1371_1374,0.45077932815040067
2017_1371_1376,0.65555094177735862
2017_1371_1388,0.52428589721275576
2017_1371_1407,0.8675172864741002
2017_1371_1411,0.9025167746719166
2017_1371_1413,0.83008944930123207
2017_1371_1417,0.28443194832463981
2017_1371_1423,0.67728509781426649
2017_1371_1425,0.62965410415430068
2017_1371_1433,0.60812793886782202
2017_1371_1435,0.67919634726961653
2017_1371_1436,0.86350330765175398
2017_1371_1437,0.24233228729205342
2017_1371_1438,0.39780299202558905
2017_1371_1439,0.53175766188954554
2017_1371_1448,0.59569314244314375
2017_1371_1452,0.23595589683963664
2017_1371_1455,0.3090210128298293
2017_1371_1457,0.92774767058686614
2017_1371_1458,0.55224398859016255
2017_1371_1462,0.46594472815079391
2017_1374_1376,0.76900370047646804
2017_1374_1388,0.65093646827596241
2017_1374_1407,0.91356196335339435
2017_1374_1411,0.91343265207341406
2017_1374_1413,0.93503669729723282
2017_1374_1417,0.41941963127290949
2017_1374_1423,0.7792862344433451
2017_1374_1425,0.66128729719264456
2017_1374_1433,0.74442237355296204
2017_1374_1435,0.65261507268085306
2017_1374_1436,0.8361552911669129
2017_1374_1437,0.34478295363682687
2017_1374_1438,0.41864755460516057
2017_1374_1439,0.74369304603037956
2017_1374_1448,0.75682526862360167
2017_1374_1452,0.43662988578963191
2017_1374_1455,0.47359291197053016
2017_1374_1457,0.94331849736931739
2017_1374_1458,0.68213904293269945
2017_1374_1462,0.56205296888514611
2017_1376_1388,0.42133273993972686
2017_1376_1407,0.90085441278707923
2017_1376_1411,0.87517834607703038
2017_1376_1413,0.95880934548190011
2017_1376_1417,0.26075047837130194
2017_1376_1423,0.62361286348998746
2017_1376_1425,0.36919884348541332
2017_1376_1433,0.54307652099460579
2017_1376_1435,0.5226803418937207
2017_1376_1436,0.77655572767177561
2017_1376_1437,0.15328542344811888
2017_1376_1438,0.27858505727227934
2017_1376_1439,0.54483531349296488
2017_1376_1448,0.53104872723783603
2017_1376_1452,0.26764470462469697
2017_1376_1455,0.29491511334565002
2017_1376_1457,0.84495962030041338
2017_1376_1458,0.30785985804551513
2017_1376_1462,0.50579738261240426
2017_1388_1407,0.99133110889107923
2017_1388_1411,0.92962304647154448
2017_1388_1413,0.84149128420213659
2017_1388_1417,0.40437043817056134
2017_1388_1423,0.71097640532045991
2017_1388_1425,0.54261945325744676
2017_1388_1433,0.54162092016292807
2017_1388_1435,0.6621763564609785
2017_1388_1436,0.88152938965947203
2017_1388_1437,0.32759450463362594
2017_1388_1438,0.42555644050976893
2017_1388_1439,0.54257898849366526
2017_1388_1448,0.65547137453489612
2017_1388_1452,0.18877122236939153
2017_1388_1455,0.46238851991186347
2017_1388_1457,0.8867127059298584
2017_1388_1458,0.48645587353146663
2017_1388_1462,0.57645998377825758
2017_1407_1411,0.54196432957952945
2017_1407_1413,0.44613750833682786
2017_1407_1417,0.024316765012898658
2017_1407_1423,0.079595812591639364
2017_1407_1425,0.13637832949623216
2017_1407_1433,0.17529923889273888
2017_1407_1435,0.1722667537437379
2017_1407_1436,0.19158595960325281
2017_1407_1437,0.0029280672323449969
2017_1407_1438,-0.051003098352724097
2017_1407_1439,0.096669517459318441
2017_1407_1448,0.21889656472537342
2017_1407_1452,-0.042111612011395641
2017_1407_1455,0.0064157712117468083
2017_1407_1457,0.30951352052636621
2017_1407_1458,0.019977841442304717
2017_1407_1462,0.089426320694208597
2017_1411_1413,0.54723788595633671
2017_1411_1417,0.12496488167883035
2017_1411_1423,0.13326762030184292
2017_1411_1425,0.13893656079030839
2017_1411_1433,-0.0012509571773097194
2017_1411_1435,0.075180552140855866
2017_1411_1436,0.3138047256052876
2017_1411_1437,-0.059635940863554227
2017_1411_1438,0.13069155978978902
2017_1411_1439,0.15625762532324289
2017_1411_1448,0.058232498901031188
2017_1411_1452,0.019815595576294753
2017_1411_1455,0.078444891284995211
2017_1411_1457,0.34440837396809004
2017_1411_1458,0.0080201326221410948
2017_1411_1462,-0.0052143792464381944
2017_1413_1417,-0.032234262612149595
2017_1413_1423,0.25922212581261128
2017_1413_1425,0.13469865741972378
2017_1413_1433,0.19894165531370014
2017_1413_1435,0.21033455842413726
2017_1413_1436,0.24275787907210328
2017_1413_1437,-0.031032009937571048
2017_1413_1438,0.066626220335724851
2017_1413_1439,0.056948018308971199
2017_1413_1448,0.035635685557643376
2017_1413_1452,-0.031776649053467533
2017_1413_1455,0.069289436020953526
2017_1413_1457,0.32174816109509796
2017_1413_1458,0.16164082707155344
2017_1413_1462,0.18183000321531648
2017_1417_1423,0.86898772907753852
2017_1417_1425,0.63297944436160558
2017_1417_1433,0.75905011044203219
2017_1417_1435,0.82146961700272958
2017_1417_1436,0.82381265275800297
2017_1417_1437,0.30189033259216208
2017_1417_1438,0.63172039953247949
2017_1417_1439,0.69166291128669499
2017_1417_1448,0.85080371341791183
2017_1417_1452,0.4591005833187039
2017_1417_1455,0.62442188730423576
2017_1417_1457,0.93310413624416622
2017_1417_1458,0.66964955175658392
2017_1417_1462,0.62958766357357032
2017_1423_1425,0.32235452184245095
2017_1423_1433,0.29967787362461323
2017_1423_1435,0.3824929828904326
2017_1423_1436,0.65060447706100932
2017_1423_1437,0.093428818887679219
2017_1423_1438,0.22013028610788005
2017_1423_1439,0.42111496106183344
2017_1423_1448,0.41963931792645665
2017_1423_1452,0.14488751107733294
2017_1423_1455,0.24470436460236999
2017_1423_1457,0.75189509211299832
2017_1423_1458,0.26627848434392398
2017_1423_1462,0.25335290212433942
2017_1425_1433,0.59435063809343702
2017_1425_1435,0.5328563684014237
2017_1425_1436,0.80135529505953151
2017_1425_1437,0.1623526671158623
2017_1425_1438,0.25057529993015898
2017_1425_1439,0.44410234945274374
2017_1425_1448,0.66771108560153647
2017_1425_1452,0.20177812353183411
2017_1425_1455,0.36376460542860711
2017_1425_1457,0.7993079866949544
2017_1425_1458,0.38743709396107023
2017_1425_1462,0.45733563177280512
2017_1433_1435,0.52797375661784374
2017_1433_1436,0.70518336039736274
2017_1433_1437,0.14229211842321646
2017_1433_1438,0.35824833845517956
2017_1433_1439,0.41427665987297624
2017_1433_1448,0.58943766821916099
2017_1433_1452,0.28318162206366737
2017_1433_1455,0.40293906224234188
2017_1433_1457,0.78700996957342206
2017_1433_1458,0.48373465472373195
2017_1433_1462,0.42455715116683274
2017_1435_1436,0.70367920915765736
2017_1435_1437,0.155465929784844
2017_1435_1438,0.28974733730973656
2017_1435_1439,0.48508194506168933
2017_1435_1448,0.42906646245247304
2017_1435_1452,0.11360724578090031
2017_1435_1455,0.14845217155048368
2017_1435_1457,0.75335099041104325
2017_1435_1458,0.37828082727446033
2017_1435_1462,0.45370499144665921
2017_1436_1437,0.11327002683704485
2017_1436_1438,0.06730408895840681
2017_1436_1439,0.30016967201454514
2017_1436_1448,0.34518517230020257
2017_1436_1452,0.0016578425171449029
2017_1436_1455,0.15765569481366848
2017_1436_1457,0.57007179899625948
2017_1436_1458,0.26049103583435901
2017_1436_1462,0.17524353308998358
2017_1437_1438,0.59190185180439214
2017_1437_1439,0.85462034327331637
2017_1437_1448,0.78398167296970489
2017_1437_1452,0.4619914972570166
2017_1437_1455,0.6579783959281067
2017_1437_1457,1.0225461532816635
2017_1437_1458,0.81319216622660528
2017_1437_1462,0.68454009213695444
2017_1438_1439,0.72147135368664284
2017_1438_1448,0.79295041615525852
2017_1438_1452,0.35525654117396688
2017_1438_1455,0.40886213416007283
2017_1438_1457,0.84601578555419032
2017_1438_1458,0.6513173209726687
2017_1438_1462,0.60422082155070267
2017_1439_1448,0.53614959056729872
2017_1439_1452,0.12712033976393289
2017_1439_1455,0.25816426904049578
2017_1439_1457,0.92484922550475113
2017_1439_1458,0.43520063643031248
2017_1439_1462,0.32873475875840152
2017_1448_1452,0.18970192303638436
2017_1448_1455,0.24645540937469818
2017_1448_1457,0.85432481561332807
2017_1448_1458,0.41554703569300805
2017_1448_1462,0.38030591342719305
2017_1452_1455,0.61815915625547768
2017_1452_1457,0.92955676388411201
2017_1452_1458,0.80923538874620726
2017_1452_1462,0.69170954532836015
2017_1455_1457,0.8448525049103065
2017_1455_1458,0.5964019980506744
2017_1455_1462,0.67341913500832395
2017_1457_1458,0.1393965270707333
2017_1457_1462,0.19193777876743773
2017_1458_1462,0.60977355347471141
