"pred","id"
0.820897996425629,"2017_1112_1116"
0.76539421081543,"2017_1112_1124"
0.645583152770996,"2017_1112_1137"
0.871767580509186,"2017_1112_1139"
0.67397928237915,"2017_1112_1153"
0.755925416946411,"2017_1112_1166"
0.794312357902527,"2017_1112_1173"
0.548806071281433,"2017_1112_1181"
0.826785087585449,"2017_1112_1190"
0.904179453849792,"2017_1112_1195"
0.725319147109985,"2017_1112_1196"
0.591362416744232,"2017_1112_1199"
0.699497401714325,"2017_1112_1211"
0.904179453849792,"2017_1112_1233"
0.468460917472839,"2017_1112_1235"
0.875445783138275,"2017_1112_1240"
0.434415519237518,"2017_1112_1242"
0.869383037090302,"2017_1112_1243"
0.898645341396332,"2017_1112_1245"
0.458544731140137,"2017_1112_1246"
0.29368594288826,"2017_1112_1257"
0.778877556324005,"2017_1112_1266"
0.767990112304688,"2017_1112_1268"
0.865872800350189,"2017_1112_1274"
0.599459111690521,"2017_1112_1276"
0.797588706016541,"2017_1112_1277"
0.685295164585114,"2017_1112_1278"
0.839470148086548,"2017_1112_1291"
0.883355021476746,"2017_1112_1292"
0.875445783138275,"2017_1112_1297"
0.889019548892975,"2017_1112_1300"
0.743819892406464,"2017_1112_1305"
0.844192326068878,"2017_1112_1308"
0.852026462554932,"2017_1112_1309"
0.280154138803482,"2017_1112_1314"
0.875218689441681,"2017_1112_1315"
0.838738679885864,"2017_1112_1321"
0.434824854135513,"2017_1112_1323"
0.757387101650238,"2017_1112_1329"
0.53338623046875,"2017_1112_1332"
0.773075461387634,"2017_1112_1343"
0.758421659469604,"2017_1112_1344"
0.510915696620941,"2017_1112_1345"
0.727331638336182,"2017_1112_1348"
0.875445783138275,"2017_1112_1355"
0.703130722045898,"2017_1112_1371"
0.620151400566101,"2017_1112_1374"
0.745687425136566,"2017_1112_1376"
0.671612799167633,"2017_1112_1388"
0.875445783138275,"2017_1112_1407"
0.852384388446808,"2017_1112_1411"
0.862678408622742,"2017_1112_1413"
0.511305093765259,"2017_1112_1417"
0.77261209487915,"2017_1112_1423"
0.806173920631409,"2017_1112_1425"
0.679349958896637,"2017_1112_1433"
0.801581799983978,"2017_1112_1435"
0.823483467102051,"2017_1112_1436"
0.426677256822586,"2017_1112_1437"
0.600285530090332,"2017_1112_1438"
0.863941431045532,"2017_1112_1439"
0.715008735656738,"2017_1112_1448"
0.532387256622314,"2017_1112_1452"
0.748484075069427,"2017_1112_1455"
0.78674852848053,"2017_1112_1457"
0.745724439620972,"2017_1112_1458"
0.755061566829681,"2017_1112_1462"
0.470409631729126,"2017_1116_1124"
0.765064418315887,"2017_1116_1137"
0.498876124620438,"2017_1116_1139"
0.275203615427017,"2017_1116_1153"
0.487611800432205,"2017_1116_1166"
0.451999217271805,"2017_1116_1173"
0.20061893761158,"2017_1116_1181"
0.513571441173553,"2017_1116_1190"
0.808475375175476,"2017_1116_1195"
0.20734229683876,"2017_1116_1196"
0.371013045310974,"2017_1116_1199"
0.107675135135651,"2017_1116_1211"
0.818235158920288,"2017_1116_1233"
0.393554478883743,"2017_1116_1235"
0.838390946388245,"2017_1116_1240"
0.334091603755951,"2017_1116_1242"
0.572974681854248,"2017_1116_1243"
0.734600484371185,"2017_1116_1245"
0.243841156363487,"2017_1116_1246"
0.397221893072128,"2017_1116_1257"
0.414642930030823,"2017_1116_1266"
0.33343768119812,"2017_1116_1268"
0.479681670665741,"2017_1116_1274"
0.239252120256424,"2017_1116_1276"
0.423087656497955,"2017_1116_1277"
0.566689491271973,"2017_1116_1278"
0.879922747612,"2017_1116_1291"
0.614895522594452,"2017_1116_1292"
0.797646701335907,"2017_1116_1297"
0.851056635379791,"2017_1116_1300"
0.635282814502716,"2017_1116_1305"
0.367565661668777,"2017_1116_1308"
0.713483154773712,"2017_1116_1309"
0.11983148008585,"2017_1116_1314"
0.827817380428314,"2017_1116_1315"
0.379792660474777,"2017_1116_1321"
0.611830353736877,"2017_1116_1323"
0.373092263936996,"2017_1116_1329"
0.362529098987579,"2017_1116_1332"
0.414012879133224,"2017_1116_1343"
0.459919005632401,"2017_1116_1344"
0.714443504810333,"2017_1116_1345"
0.67065817117691,"2017_1116_1348"
0.846378684043884,"2017_1116_1355"
0.468097478151321,"2017_1116_1371"
0.461353302001953,"2017_1116_1374"
0.517022609710693,"2017_1116_1376"
0.442649036645889,"2017_1116_1388"
0.707090973854065,"2017_1116_1407"
0.770772039890289,"2017_1116_1411"
0.697079300880432,"2017_1116_1413"
0.282410144805908,"2017_1116_1417"
0.320165634155273,"2017_1116_1423"
0.459370255470276,"2017_1116_1425"
0.523395776748657,"2017_1116_1433"
0.521464049816132,"2017_1116_1435"
0.537826657295227,"2017_1116_1436"
0.16933736205101,"2017_1116_1437"
0.232600897550583,"2017_1116_1438"
0.757522702217102,"2017_1116_1439"
0.682832360267639,"2017_1116_1448"
0.145156860351562,"2017_1116_1452"
0.517603278160095,"2017_1116_1455"
0.668518126010895,"2017_1116_1457"
0.301832228899002,"2017_1116_1458"
0.593146502971649,"2017_1116_1462"
0.727253973484039,"2017_1124_1137"
0.425880879163742,"2017_1124_1139"
0.469412088394165,"2017_1124_1153"
0.399561166763306,"2017_1124_1166"
0.760748028755188,"2017_1124_1173"
0.226423785090446,"2017_1124_1181"
0.855079591274261,"2017_1124_1190"
0.705304622650146,"2017_1124_1195"
0.383486688137054,"2017_1124_1196"
0.545762240886688,"2017_1124_1199"
0.254952162504196,"2017_1124_1211"
0.858843326568604,"2017_1124_1233"
0.63127201795578,"2017_1124_1235"
0.865152180194855,"2017_1124_1240"
0.318705201148987,"2017_1124_1242"
0.54584401845932,"2017_1124_1243"
0.719896733760834,"2017_1124_1245"
0.205963537096977,"2017_1124_1246"
0.562838971614838,"2017_1124_1257"
0.736713945865631,"2017_1124_1266"
0.599025905132294,"2017_1124_1268"
0.795883655548096,"2017_1124_1274"
0.586169540882111,"2017_1124_1276"
0.721589744091034,"2017_1124_1277"
0.644810616970062,"2017_1124_1278"
0.861651420593262,"2017_1124_1291"
0.618901014328003,"2017_1124_1292"
0.815470516681671,"2017_1124_1297"
0.80652129650116,"2017_1124_1300"
0.624888837337494,"2017_1124_1305"
0.708571553230286,"2017_1124_1308"
0.880766093730927,"2017_1124_1309"
0.245948821306229,"2017_1124_1314"
0.880015134811401,"2017_1124_1315"
0.45852518081665,"2017_1124_1321"
0.60088437795639,"2017_1124_1323"
0.499185711145401,"2017_1124_1329"
0.453825771808624,"2017_1124_1332"
0.688895106315613,"2017_1124_1343"
0.656092464923859,"2017_1124_1344"
0.58502584695816,"2017_1124_1345"
0.72463983297348,"2017_1124_1348"
0.893705546855927,"2017_1124_1355"
0.597128927707672,"2017_1124_1371"
0.417946934700012,"2017_1124_1374"
0.657374382019043,"2017_1124_1376"
0.468208342790604,"2017_1124_1388"
0.890906035900116,"2017_1124_1407"
0.888778626918793,"2017_1124_1411"
0.898424565792084,"2017_1124_1413"
0.295764327049255,"2017_1124_1417"
0.597644686698914,"2017_1124_1423"
0.581504881381989,"2017_1124_1425"
0.591452240943909,"2017_1124_1433"
0.400396674871445,"2017_1124_1435"
0.853063106536865,"2017_1124_1436"
0.174677953124046,"2017_1124_1437"
0.524049341678619,"2017_1124_1438"
0.616057217121124,"2017_1124_1439"
0.533666729927063,"2017_1124_1448"
0.590271234512329,"2017_1124_1452"
0.666281282901764,"2017_1124_1455"
0.893029928207397,"2017_1124_1457"
0.383254259824753,"2017_1124_1458"
0.809910774230957,"2017_1124_1462"
0.124801859259605,"2017_1137_1139"
0.171618044376373,"2017_1137_1153"
0.128779098391533,"2017_1137_1166"
0.251727819442749,"2017_1137_1173"
0.146472290158272,"2017_1137_1181"
0.289360970258713,"2017_1137_1190"
0.626082897186279,"2017_1137_1195"
0.173647090792656,"2017_1137_1196"
0.111215241253376,"2017_1137_1199"
0.0813832432031631,"2017_1137_1211"
0.45845291018486,"2017_1137_1233"
0.215114548802376,"2017_1137_1235"
0.736818850040436,"2017_1137_1240"
0.104066856205463,"2017_1137_1242"
0.263519495725632,"2017_1137_1243"
0.593586027622223,"2017_1137_1245"
0.0970193967223167,"2017_1137_1246"
0.0947660431265831,"2017_1137_1257"
0.36958384513855,"2017_1137_1266"
0.521973490715027,"2017_1137_1268"
0.310258150100708,"2017_1137_1274"
0.126371577382088,"2017_1137_1276"
0.768195569515228,"2017_1137_1277"
0.211411133408546,"2017_1137_1278"
0.721107065677643,"2017_1137_1291"
0.49981278181076,"2017_1137_1292"
0.481103986501694,"2017_1137_1297"
0.745811223983765,"2017_1137_1300"
0.370000869035721,"2017_1137_1305"
0.536216557025909,"2017_1137_1308"
0.745905876159668,"2017_1137_1309"
0.0945974960923195,"2017_1137_1314"
0.708042800426483,"2017_1137_1315"
0.267891556024551,"2017_1137_1321"
0.129528373479843,"2017_1137_1323"
0.188558712601662,"2017_1137_1329"
0.106296762824059,"2017_1137_1332"
0.460958927869797,"2017_1137_1343"
0.467880129814148,"2017_1137_1344"
0.107750162482262,"2017_1137_1345"
0.22287055850029,"2017_1137_1348"
0.821154356002808,"2017_1137_1355"
0.276174813508987,"2017_1137_1371"
0.249713748693466,"2017_1137_1374"
0.609345436096191,"2017_1137_1376"
0.184001848101616,"2017_1137_1388"
0.741921603679657,"2017_1137_1407"
0.732853174209595,"2017_1137_1411"
0.614289462566376,"2017_1137_1413"
0.0994290933012962,"2017_1137_1417"
0.341481447219849,"2017_1137_1423"
0.420155078172684,"2017_1137_1425"
0.402209013700485,"2017_1137_1433"
0.357282966375351,"2017_1137_1435"
0.345712184906006,"2017_1137_1436"
0.135927259922028,"2017_1137_1437"
0.196042761206627,"2017_1137_1438"
0.528643131256104,"2017_1137_1439"
0.281368225812912,"2017_1137_1448"
0.0864866152405739,"2017_1137_1452"
0.147990524768829,"2017_1137_1455"
0.545764684677124,"2017_1137_1457"
0.348849385976791,"2017_1137_1458"
0.258516103029251,"2017_1137_1462"
0.328020095825195,"2017_1139_1153"
0.513501286506653,"2017_1139_1166"
0.51374489068985,"2017_1139_1173"
0.284033566713333,"2017_1139_1181"
0.710685133934021,"2017_1139_1190"
0.750682234764099,"2017_1139_1195"
0.434980779886246,"2017_1139_1196"
0.542918384075165,"2017_1139_1199"
0.135063856840134,"2017_1139_1211"
0.821600437164307,"2017_1139_1233"
0.328044205904007,"2017_1139_1235"
0.890006422996521,"2017_1139_1240"
0.381177008152008,"2017_1139_1242"
0.624681234359741,"2017_1139_1243"
0.684691369533539,"2017_1139_1245"
0.219246372580528,"2017_1139_1246"
0.164663523435593,"2017_1139_1257"
0.540361642837524,"2017_1139_1266"
0.745404005050659,"2017_1139_1268"
0.82679945230484,"2017_1139_1274"
0.511138141155243,"2017_1139_1276"
0.498510271310806,"2017_1139_1277"
0.690512239933014,"2017_1139_1278"
0.862257540225983,"2017_1139_1291"
0.765979409217834,"2017_1139_1292"
0.799924790859222,"2017_1139_1297"
0.865541219711304,"2017_1139_1300"
0.74690443277359,"2017_1139_1305"
0.719331681728363,"2017_1139_1308"
0.862465262413025,"2017_1139_1309"
0.170317679643631,"2017_1139_1314"
0.897429585456848,"2017_1139_1315"
0.667508661746979,"2017_1139_1321"
0.564368009567261,"2017_1139_1323"
0.676976442337036,"2017_1139_1329"
0.372785776853561,"2017_1139_1332"
0.777212262153625,"2017_1139_1343"
0.658322691917419,"2017_1139_1344"
0.419031828641891,"2017_1139_1345"
0.694268822669983,"2017_1139_1348"
0.871277093887329,"2017_1139_1355"
0.71062833070755,"2017_1139_1371"
0.287132978439331,"2017_1139_1374"
0.622733354568481,"2017_1139_1376"
0.573224663734436,"2017_1139_1388"
0.806710422039032,"2017_1139_1407"
0.805622279644012,"2017_1139_1411"
0.784563899040222,"2017_1139_1413"
0.603220283985138,"2017_1139_1417"
0.655279815196991,"2017_1139_1423"
0.371292799711227,"2017_1139_1425"
0.579750657081604,"2017_1139_1433"
0.800525426864624,"2017_1139_1435"
0.821155548095703,"2017_1139_1436"
0.301166206598282,"2017_1139_1437"
0.342826366424561,"2017_1139_1438"
0.760536074638367,"2017_1139_1439"
0.730339109897614,"2017_1139_1448"
0.445641756057739,"2017_1139_1452"
0.681366860866547,"2017_1139_1455"
0.735309422016144,"2017_1139_1457"
0.310813546180725,"2017_1139_1458"
0.711342751979828,"2017_1139_1462"
0.522194802761078,"2017_1153_1166"
0.53569620847702,"2017_1153_1173"
0.541398167610168,"2017_1153_1181"
0.721633315086365,"2017_1153_1190"
0.849128186702728,"2017_1153_1195"
0.641883373260498,"2017_1153_1196"
0.453656852245331,"2017_1153_1199"
0.369276076555252,"2017_1153_1211"
0.703646957874298,"2017_1153_1233"
0.575441062450409,"2017_1153_1235"
0.875445783138275,"2017_1153_1240"
0.263006567955017,"2017_1153_1242"
0.528613150119781,"2017_1153_1243"
0.777315318584442,"2017_1153_1245"
0.363725304603577,"2017_1153_1246"
0.458497792482376,"2017_1153_1257"
0.672040700912476,"2017_1153_1266"
0.402932077646255,"2017_1153_1268"
0.700825691223145,"2017_1153_1274"
0.608646154403687,"2017_1153_1276"
0.816711604595184,"2017_1153_1277"
0.412970721721649,"2017_1153_1278"
0.880766093730927,"2017_1153_1291"
0.682169020175934,"2017_1153_1292"
0.885044634342194,"2017_1153_1297"
0.904179453849792,"2017_1153_1300"
0.709047019481659,"2017_1153_1305"
0.675138533115387,"2017_1153_1308"
0.880766093730927,"2017_1153_1309"
0.300646394491196,"2017_1153_1314"
0.90378999710083,"2017_1153_1315"
0.643991708755493,"2017_1153_1321"
0.420693069696426,"2017_1153_1323"
0.744108617305756,"2017_1153_1329"
0.476710826158524,"2017_1153_1332"
0.723661601543427,"2017_1153_1343"
0.619372606277466,"2017_1153_1344"
0.260255575180054,"2017_1153_1345"
0.710893750190735,"2017_1153_1348"
0.901189386844635,"2017_1153_1355"
0.543760240077972,"2017_1153_1371"
0.615957856178284,"2017_1153_1374"
0.562586545944214,"2017_1153_1376"
0.797012686729431,"2017_1153_1388"
0.754025518894196,"2017_1153_1407"
0.864560842514038,"2017_1153_1411"
0.848262071609497,"2017_1153_1413"
0.441952705383301,"2017_1153_1417"
0.535316348075867,"2017_1153_1423"
0.637899100780487,"2017_1153_1425"
0.800885856151581,"2017_1153_1433"
0.737674653530121,"2017_1153_1435"
0.830650150775909,"2017_1153_1436"
0.373264193534851,"2017_1153_1437"
0.483282566070557,"2017_1153_1438"
0.838954925537109,"2017_1153_1439"
0.582462310791016,"2017_1153_1448"
0.358204394578934,"2017_1153_1452"
0.687660157680511,"2017_1153_1455"
0.665963113307953,"2017_1153_1457"
0.68119490146637,"2017_1153_1458"
0.725418567657471,"2017_1153_1462"
0.76274299621582,"2017_1166_1173"
0.508086621761322,"2017_1166_1181"
0.698187828063965,"2017_1166_1190"
0.746684551239014,"2017_1166_1195"
0.397679477930069,"2017_1166_1196"
0.641350626945496,"2017_1166_1199"
0.305404245853424,"2017_1166_1211"
0.892945885658264,"2017_1166_1233"
0.359229922294617,"2017_1166_1235"
0.8557049036026,"2017_1166_1240"
0.350437134504318,"2017_1166_1242"
0.438813030719757,"2017_1166_1243"
0.576428771018982,"2017_1166_1245"
0.167238712310791,"2017_1166_1246"
0.196327358484268,"2017_1166_1257"
0.707277894020081,"2017_1166_1266"
0.630459785461426,"2017_1166_1268"
0.524532854557037,"2017_1166_1274"
0.581409275531769,"2017_1166_1276"
0.389833956956863,"2017_1166_1277"
0.380170106887817,"2017_1166_1278"
0.861651420593262,"2017_1166_1291"
0.729853093624115,"2017_1166_1292"
0.786723136901855,"2017_1166_1297"
0.787219941616058,"2017_1166_1300"
0.777224063873291,"2017_1166_1305"
0.848239958286285,"2017_1166_1308"
0.829748570919037,"2017_1166_1309"
0.230117127299309,"2017_1166_1314"
0.801154017448425,"2017_1166_1315"
0.528496921062469,"2017_1166_1321"
0.505126297473907,"2017_1166_1323"
0.55262553691864,"2017_1166_1329"
0.314261347055435,"2017_1166_1332"
0.698144316673279,"2017_1166_1343"
0.798063695430756,"2017_1166_1344"
0.676573932170868,"2017_1166_1345"
0.742464303970337,"2017_1166_1348"
0.779063165187836,"2017_1166_1355"
0.430437713861465,"2017_1166_1371"
0.455946028232574,"2017_1166_1374"
0.588321328163147,"2017_1166_1376"
0.292358964681625,"2017_1166_1388"
0.86642187833786,"2017_1166_1407"
0.799664974212646,"2017_1166_1411"
0.796508073806763,"2017_1166_1413"
0.4426229596138,"2017_1166_1417"
0.712390184402466,"2017_1166_1423"
0.357117891311646,"2017_1166_1425"
0.537266075611115,"2017_1166_1433"
0.48962739109993,"2017_1166_1435"
0.777237117290497,"2017_1166_1436"
0.484107226133347,"2017_1166_1437"
0.323325574398041,"2017_1166_1438"
0.716905415058136,"2017_1166_1439"
0.619373977184296,"2017_1166_1448"
0.357722908258438,"2017_1166_1452"
0.732807636260986,"2017_1166_1455"
0.85639363527298,"2017_1166_1457"
0.489872664213181,"2017_1166_1458"
0.698894798755646,"2017_1166_1462"
0.373102486133575,"2017_1173_1181"
0.720732808113098,"2017_1173_1190"
0.882807016372681,"2017_1173_1195"
0.421969503164291,"2017_1173_1196"
0.343769818544388,"2017_1173_1199"
0.107459045946598,"2017_1173_1211"
0.76667582988739,"2017_1173_1233"
0.298024266958237,"2017_1173_1235"
0.738877773284912,"2017_1173_1240"
0.140389561653137,"2017_1173_1242"
0.639622092247009,"2017_1173_1243"
0.667630553245544,"2017_1173_1245"
0.121944256126881,"2017_1173_1246"
0.338989704847336,"2017_1173_1257"
0.495244055986404,"2017_1173_1266"
0.552163660526276,"2017_1173_1268"
0.504522979259491,"2017_1173_1274"
0.662249326705933,"2017_1173_1276"
0.588502883911133,"2017_1173_1277"
0.407332062721252,"2017_1173_1278"
0.771514654159546,"2017_1173_1291"
0.273820996284485,"2017_1173_1292"
0.659541368484497,"2017_1173_1297"
0.853920638561249,"2017_1173_1300"
0.688302099704742,"2017_1173_1305"
0.495363116264343,"2017_1173_1308"
0.764832377433777,"2017_1173_1309"
0.142722234129906,"2017_1173_1314"
0.805737137794495,"2017_1173_1315"
0.473322004079819,"2017_1173_1321"
0.68994265794754,"2017_1173_1323"
0.437586486339569,"2017_1173_1329"
0.291731834411621,"2017_1173_1332"
0.685999512672424,"2017_1173_1343"
0.566989481449127,"2017_1173_1344"
0.475392252206802,"2017_1173_1345"
0.513659179210663,"2017_1173_1348"
0.873097658157349,"2017_1173_1355"
0.601620733737946,"2017_1173_1371"
0.500985026359558,"2017_1173_1374"
0.317189186811447,"2017_1173_1376"
0.294107973575592,"2017_1173_1388"
0.738720118999481,"2017_1173_1407"
0.763656079769135,"2017_1173_1411"
0.839704394340515,"2017_1173_1413"
0.31840968132019,"2017_1173_1417"
0.33860981464386,"2017_1173_1423"
0.661408483982086,"2017_1173_1425"
0.410422682762146,"2017_1173_1433"
0.65712982416153,"2017_1173_1435"
0.713080883026123,"2017_1173_1436"
0.241577535867691,"2017_1173_1437"
0.204554975032806,"2017_1173_1438"
0.7980637550354,"2017_1173_1439"
0.550089597702026,"2017_1173_1448"
0.284777075052261,"2017_1173_1452"
0.623803377151489,"2017_1173_1455"
0.682045638561249,"2017_1173_1457"
0.444343596696854,"2017_1173_1458"
0.755141079425812,"2017_1173_1462"
0.623423933982849,"2017_1181_1190"
0.896570026874542,"2017_1181_1195"
0.623245358467102,"2017_1181_1196"
0.685656726360321,"2017_1181_1199"
0.380250126123428,"2017_1181_1211"
0.901189386844635,"2017_1181_1233"
0.450851112604141,"2017_1181_1235"
0.880273044109344,"2017_1181_1240"
0.49262547492981,"2017_1181_1242"
0.825477600097656,"2017_1181_1243"
0.903128206729889,"2017_1181_1245"
0.423912078142166,"2017_1181_1246"
0.608834683895111,"2017_1181_1257"
0.786931157112122,"2017_1181_1266"
0.847060918807983,"2017_1181_1268"
0.764157474040985,"2017_1181_1274"
0.673207342624664,"2017_1181_1276"
0.752656638622284,"2017_1181_1277"
0.760711371898651,"2017_1181_1278"
0.869793772697449,"2017_1181_1291"
0.85133171081543,"2017_1181_1292"
0.890761733055115,"2017_1181_1297"
0.83596795797348,"2017_1181_1300"
0.86462527513504,"2017_1181_1305"
0.833166301250458,"2017_1181_1308"
0.852026462554932,"2017_1181_1309"
0.508752584457397,"2017_1181_1314"
0.896461606025696,"2017_1181_1315"
0.689224898815155,"2017_1181_1321"
0.631260633468628,"2017_1181_1323"
0.486428320407867,"2017_1181_1329"
0.58277839422226,"2017_1181_1332"
0.701627492904663,"2017_1181_1343"
0.719452381134033,"2017_1181_1344"
0.669142484664917,"2017_1181_1345"
0.578073740005493,"2017_1181_1348"
0.903765439987183,"2017_1181_1355"
0.841088771820068,"2017_1181_1371"
0.503143608570099,"2017_1181_1374"
0.727143168449402,"2017_1181_1376"
0.764521896839142,"2017_1181_1388"
0.885513246059418,"2017_1181_1407"
0.697848379611969,"2017_1181_1411"
0.862853109836578,"2017_1181_1413"
0.635775327682495,"2017_1181_1417"
0.701022446155548,"2017_1181_1423"
0.771658003330231,"2017_1181_1425"
0.45827117562294,"2017_1181_1433"
0.731752812862396,"2017_1181_1435"
0.745294511318207,"2017_1181_1436"
0.622636198997498,"2017_1181_1437"
0.637954354286194,"2017_1181_1438"
0.845280706882477,"2017_1181_1439"
0.871025145053864,"2017_1181_1448"
0.558188855648041,"2017_1181_1452"
0.545721888542175,"2017_1181_1455"
0.892086982727051,"2017_1181_1457"
0.640667319297791,"2017_1181_1458"
0.818939924240112,"2017_1181_1462"
0.662051498889923,"2017_1190_1195"
0.111180573701859,"2017_1190_1196"
0.301946073770523,"2017_1190_1199"
0.106962122023106,"2017_1190_1211"
0.604955613613129,"2017_1190_1233"
0.118097588419914,"2017_1190_1235"
0.878667414188385,"2017_1190_1240"
0.107079215347767,"2017_1190_1242"
0.430437803268433,"2017_1190_1243"
0.467491835355759,"2017_1190_1245"
0.135115340352058,"2017_1190_1246"
0.11702872812748,"2017_1190_1257"
0.416898161172867,"2017_1190_1266"
0.207084611058235,"2017_1190_1268"
0.214509010314941,"2017_1190_1274"
0.224020659923553,"2017_1190_1276"
0.567767322063446,"2017_1190_1277"
0.357035577297211,"2017_1190_1278"
0.854437351226807,"2017_1190_1291"
0.277960985898972,"2017_1190_1292"
0.798940002918243,"2017_1190_1297"
0.825800120830536,"2017_1190_1300"
0.669844746589661,"2017_1190_1305"
0.568407952785492,"2017_1190_1308"
0.590430855751038,"2017_1190_1309"
0.102550178766251,"2017_1190_1314"
0.796836793422699,"2017_1190_1315"
0.357384026050568,"2017_1190_1321"
0.180292382836342,"2017_1190_1323"
0.201554194092751,"2017_1190_1329"
0.103804707527161,"2017_1190_1332"
0.592589557170868,"2017_1190_1343"
0.566096663475037,"2017_1190_1344"
0.173124149441719,"2017_1190_1345"
0.402260005474091,"2017_1190_1348"
0.646658480167389,"2017_1190_1355"
0.312702029943466,"2017_1190_1371"
0.134609505534172,"2017_1190_1374"
0.433029621839523,"2017_1190_1376"
0.138310298323631,"2017_1190_1388"
0.711615145206451,"2017_1190_1407"
0.774962246417999,"2017_1190_1411"
0.683010935783386,"2017_1190_1413"
0.147468209266663,"2017_1190_1417"
0.263532698154449,"2017_1190_1423"
0.805955827236176,"2017_1190_1425"
0.503811776638031,"2017_1190_1433"
0.467020124197006,"2017_1190_1435"
0.627273797988892,"2017_1190_1436"
0.116509452462196,"2017_1190_1437"
0.12875272333622,"2017_1190_1438"
0.424225986003876,"2017_1190_1439"
0.496499061584473,"2017_1190_1448"
0.224266171455383,"2017_1190_1452"
0.210705235600471,"2017_1190_1455"
0.448681950569153,"2017_1190_1457"
0.306866049766541,"2017_1190_1458"
0.326783955097198,"2017_1190_1462"
0.145501777529716,"2017_1195_1196"
0.0992995724081993,"2017_1195_1199"
0.0971410870552063,"2017_1195_1211"
0.651871025562286,"2017_1195_1233"
0.099228136241436,"2017_1195_1235"
0.800214529037476,"2017_1195_1240"
0.0869908928871155,"2017_1195_1242"
0.211046352982521,"2017_1195_1243"
0.762417376041412,"2017_1195_1245"
0.0832064226269722,"2017_1195_1246"
0.0853651091456413,"2017_1195_1257"
0.389882683753967,"2017_1195_1266"
0.27264404296875,"2017_1195_1268"
0.148765936493874,"2017_1195_1274"
0.123295478522778,"2017_1195_1276"
0.359388113021851,"2017_1195_1277"
0.237348660826683,"2017_1195_1278"
0.838651657104492,"2017_1195_1291"
0.208767473697662,"2017_1195_1292"
0.717602789402008,"2017_1195_1297"
0.644391179084778,"2017_1195_1300"
0.112769946455956,"2017_1195_1305"
0.551027655601501,"2017_1195_1308"
0.730751156806946,"2017_1195_1309"
0.111550331115723,"2017_1195_1314"
0.572397470474243,"2017_1195_1315"
0.252681285142899,"2017_1195_1321"
0.101296670734882,"2017_1195_1323"
0.256098449230194,"2017_1195_1329"
0.105986259877682,"2017_1195_1332"
0.44559645652771,"2017_1195_1343"
0.242750123143196,"2017_1195_1344"
0.114775687456131,"2017_1195_1345"
0.461984127759933,"2017_1195_1348"
0.442446738481522,"2017_1195_1355"
0.50675106048584,"2017_1195_1371"
0.177090018987656,"2017_1195_1374"
0.659030020236969,"2017_1195_1376"
0.197320580482483,"2017_1195_1388"
0.567302644252777,"2017_1195_1407"
0.72803670167923,"2017_1195_1411"
0.610518455505371,"2017_1195_1413"
0.0832570195198059,"2017_1195_1417"
0.398254990577698,"2017_1195_1423"
0.319971054792404,"2017_1195_1425"
0.364817261695862,"2017_1195_1433"
0.27460902929306,"2017_1195_1435"
0.378583908081055,"2017_1195_1436"
0.149047166109085,"2017_1195_1437"
0.154199987649918,"2017_1195_1438"
0.320534855127335,"2017_1195_1439"
0.287189304828644,"2017_1195_1448"
0.081333689391613,"2017_1195_1452"
0.10500954836607,"2017_1195_1455"
0.321196258068085,"2017_1195_1457"
0.258340835571289,"2017_1195_1458"
0.26167905330658,"2017_1195_1462"
0.510519921779633,"2017_1196_1199"
0.514041006565094,"2017_1196_1211"
0.631019771099091,"2017_1196_1233"
0.546787202358246,"2017_1196_1235"
0.87365061044693,"2017_1196_1240"
0.461379498243332,"2017_1196_1242"
0.837562799453735,"2017_1196_1243"
0.879361391067505,"2017_1196_1245"
0.309672445058823,"2017_1196_1246"
0.50544947385788,"2017_1196_1257"
0.648652732372284,"2017_1196_1266"
0.830995202064514,"2017_1196_1268"
0.455896377563477,"2017_1196_1274"
0.590467512607574,"2017_1196_1276"
0.62606543302536,"2017_1196_1277"
0.734332382678986,"2017_1196_1278"
0.819095134735107,"2017_1196_1291"
0.723693907260895,"2017_1196_1292"
0.896896183490753,"2017_1196_1297"
0.888255715370178,"2017_1196_1300"
0.786562502384186,"2017_1196_1305"
0.617118358612061,"2017_1196_1308"
0.875445783138275,"2017_1196_1309"
0.569401502609253,"2017_1196_1314"
0.784390211105347,"2017_1196_1315"
0.560824394226074,"2017_1196_1321"
0.457516610622406,"2017_1196_1323"
0.610225975513458,"2017_1196_1329"
0.559397220611572,"2017_1196_1332"
0.821992993354797,"2017_1196_1343"
0.804662108421326,"2017_1196_1344"
0.425469428300858,"2017_1196_1345"
0.686782240867615,"2017_1196_1348"
0.880766093730927,"2017_1196_1355"
0.664747774600983,"2017_1196_1371"
0.369657814502716,"2017_1196_1374"
0.376163750886917,"2017_1196_1376"
0.762970268726349,"2017_1196_1388"
0.801918029785156,"2017_1196_1407"
0.808573007583618,"2017_1196_1411"
0.904179453849792,"2017_1196_1413"
0.290143013000488,"2017_1196_1417"
0.718452632427216,"2017_1196_1423"
0.84945672750473,"2017_1196_1425"
0.856149792671204,"2017_1196_1433"
0.834249377250671,"2017_1196_1435"
0.671576917171478,"2017_1196_1436"
0.345787197351456,"2017_1196_1437"
0.571896612644196,"2017_1196_1438"
0.662626087665558,"2017_1196_1439"
0.858146786689758,"2017_1196_1448"
0.279679000377655,"2017_1196_1452"
0.61279684305191,"2017_1196_1455"
0.77239191532135,"2017_1196_1457"
0.670612275600433,"2017_1196_1458"
0.806210577487946,"2017_1196_1462"
0.471315234899521,"2017_1199_1211"
0.68608832359314,"2017_1199_1233"
0.473353356122971,"2017_1199_1235"
0.882255017757416,"2017_1199_1240"
0.594279646873474,"2017_1199_1242"
0.826260626316071,"2017_1199_1243"
0.863090753555298,"2017_1199_1245"
0.352347671985626,"2017_1199_1246"
0.268000304698944,"2017_1199_1257"
0.758017778396606,"2017_1199_1266"
0.84479558467865,"2017_1199_1268"
0.682576596736908,"2017_1199_1274"
0.627783358097076,"2017_1199_1276"
0.764013409614563,"2017_1199_1277"
0.705888152122498,"2017_1199_1278"
0.902966558933258,"2017_1199_1291"
0.582412004470825,"2017_1199_1292"
0.896896183490753,"2017_1199_1297"
0.872893869876862,"2017_1199_1300"
0.864777684211731,"2017_1199_1305"
0.830782175064087,"2017_1199_1308"
0.782675802707672,"2017_1199_1309"
0.341553151607513,"2017_1199_1314"
0.824069142341614,"2017_1199_1315"
0.509055018424988,"2017_1199_1321"
0.604442238807678,"2017_1199_1323"
0.762366533279419,"2017_1199_1329"
0.411586076021194,"2017_1199_1332"
0.835417985916138,"2017_1199_1343"
0.642988979816437,"2017_1199_1344"
0.361692368984222,"2017_1199_1345"
0.685990571975708,"2017_1199_1348"
0.88198333978653,"2017_1199_1355"
0.697052896022797,"2017_1199_1371"
0.298482060432434,"2017_1199_1374"
0.645203769207001,"2017_1199_1376"
0.421093881130219,"2017_1199_1388"
0.830433964729309,"2017_1199_1407"
0.856590270996094,"2017_1199_1411"
0.880766093730927,"2017_1199_1413"
0.512678682804108,"2017_1199_1417"
0.858995378017426,"2017_1199_1423"
0.658155024051666,"2017_1199_1425"
0.558400869369507,"2017_1199_1433"
0.276223033666611,"2017_1199_1435"
0.755128502845764,"2017_1199_1436"
0.366285622119904,"2017_1199_1437"
0.464390963315964,"2017_1199_1438"
0.602968275547028,"2017_1199_1439"
0.635755360126495,"2017_1199_1448"
0.318240225315094,"2017_1199_1452"
0.503652691841125,"2017_1199_1455"
0.819589376449585,"2017_1199_1457"
0.559186935424805,"2017_1199_1458"
0.716220200061798,"2017_1199_1462"
0.875445783138275,"2017_1211_1233"
0.667487323284149,"2017_1211_1235"
0.855281233787537,"2017_1211_1240"
0.513580560684204,"2017_1211_1242"
0.866140604019165,"2017_1211_1243"
0.875445783138275,"2017_1211_1245"
0.509926795959473,"2017_1211_1246"
0.639197468757629,"2017_1211_1257"
0.830433964729309,"2017_1211_1266"
0.858201146125793,"2017_1211_1268"
0.798635959625244,"2017_1211_1274"
0.753776013851166,"2017_1211_1276"
0.830516576766968,"2017_1211_1277"
0.711750984191895,"2017_1211_1278"
0.821040987968445,"2017_1211_1291"
0.864990234375,"2017_1211_1292"
0.821040987968445,"2017_1211_1297"
0.852594375610352,"2017_1211_1300"
0.875445783138275,"2017_1211_1305"
0.875445783138275,"2017_1211_1308"
0.852594375610352,"2017_1211_1309"
0.445819139480591,"2017_1211_1314"
0.836707353591919,"2017_1211_1315"
0.877898931503296,"2017_1211_1321"
0.823637127876282,"2017_1211_1323"
0.661442875862122,"2017_1211_1329"
0.302865147590637,"2017_1211_1332"
0.84849226474762,"2017_1211_1343"
0.845528781414032,"2017_1211_1344"
0.726397931575775,"2017_1211_1345"
0.848470211029053,"2017_1211_1348"
0.852168023586273,"2017_1211_1355"
0.717861652374268,"2017_1211_1371"
0.869207680225372,"2017_1211_1374"
0.874878585338593,"2017_1211_1376"
0.789350807666779,"2017_1211_1388"
0.878090739250183,"2017_1211_1407"
0.855281233787537,"2017_1211_1411"
0.823314726352692,"2017_1211_1413"
0.671357035636902,"2017_1211_1417"
0.82854300737381,"2017_1211_1423"
0.819342017173767,"2017_1211_1425"
0.790213286876678,"2017_1211_1433"
0.799221158027649,"2017_1211_1435"
0.817693948745728,"2017_1211_1436"
0.806044697761536,"2017_1211_1437"
0.851402103900909,"2017_1211_1438"
0.852203726768494,"2017_1211_1439"
0.840699732303619,"2017_1211_1448"
0.687714338302612,"2017_1211_1452"
0.845515608787537,"2017_1211_1455"
0.86445415019989,"2017_1211_1457"
0.795280754566193,"2017_1211_1458"
0.840609073638916,"2017_1211_1462"
0.0863839834928513,"2017_1233_1235"
0.619617342948914,"2017_1233_1240"
0.081333689391613,"2017_1233_1242"
0.397036582231522,"2017_1233_1243"
0.466764569282532,"2017_1233_1245"
0.0970193967223167,"2017_1233_1246"
0.088404580950737,"2017_1233_1257"
0.220179542899132,"2017_1233_1266"
0.203837230801582,"2017_1233_1268"
0.193777740001678,"2017_1233_1274"
0.122590087354183,"2017_1233_1276"
0.271745622158051,"2017_1233_1277"
0.103226043283939,"2017_1233_1278"
0.795302391052246,"2017_1233_1291"
0.237027928233147,"2017_1233_1292"
0.468574911355972,"2017_1233_1297"
0.693080842494965,"2017_1233_1300"
0.17108678817749,"2017_1233_1305"
0.478255659341812,"2017_1233_1308"
0.714774310588837,"2017_1233_1309"
0.089513398706913,"2017_1233_1314"
0.605935275554657,"2017_1233_1315"
0.144703060388565,"2017_1233_1321"
0.0825985744595528,"2017_1233_1323"
0.117083966732025,"2017_1233_1329"
0.111841380596161,"2017_1233_1332"
0.304303050041199,"2017_1233_1343"
0.351258397102356,"2017_1233_1344"
0.099228136241436,"2017_1233_1345"
0.522467613220215,"2017_1233_1348"
0.687070310115814,"2017_1233_1355"
0.229265347123146,"2017_1233_1371"
0.0861996710300446,"2017_1233_1374"
0.138194799423218,"2017_1233_1376"
0.14009752869606,"2017_1233_1388"
0.586837291717529,"2017_1233_1407"
0.674261748790741,"2017_1233_1411"
0.51323014497757,"2017_1233_1413"
0.088404580950737,"2017_1233_1417"
0.20454928278923,"2017_1233_1423"
0.383402168750763,"2017_1233_1425"
0.197656720876694,"2017_1233_1433"
0.109423764050007,"2017_1233_1435"
0.261992454528809,"2017_1233_1436"
0.081333689391613,"2017_1233_1437"
0.110563024878502,"2017_1233_1438"
0.353643089532852,"2017_1233_1439"
0.221308067440987,"2017_1233_1448"
0.0832064226269722,"2017_1233_1452"
0.0991085544228554,"2017_1233_1455"
0.540634512901306,"2017_1233_1457"
0.103536084294319,"2017_1233_1458"
0.242374986410141,"2017_1233_1462"
0.864418923854828,"2017_1235_1240"
0.504880309104919,"2017_1235_1242"
0.75914454460144,"2017_1235_1243"
0.551246047019958,"2017_1235_1245"
0.490505427122116,"2017_1235_1246"
0.473282784223557,"2017_1235_1257"
0.728152990341187,"2017_1235_1266"
0.43547198176384,"2017_1235_1268"
0.630274891853333,"2017_1235_1274"
0.478138595819473,"2017_1235_1276"
0.757878303527832,"2017_1235_1277"
0.78377377986908,"2017_1235_1278"
0.76228541135788,"2017_1235_1291"
0.809096097946167,"2017_1235_1292"
0.828376710414886,"2017_1235_1297"
0.690929353237152,"2017_1235_1300"
0.908089756965637,"2017_1235_1305"
0.664383471012115,"2017_1235_1308"
0.880766093730927,"2017_1235_1309"
0.254130959510803,"2017_1235_1314"
0.889354884624481,"2017_1235_1315"
0.633702516555786,"2017_1235_1321"
0.642618656158447,"2017_1235_1323"
0.532321989536285,"2017_1235_1329"
0.646170735359192,"2017_1235_1332"
0.630034863948822,"2017_1235_1343"
0.745063960552216,"2017_1235_1344"
0.493502914905548,"2017_1235_1345"
0.51229053735733,"2017_1235_1348"
0.887370407581329,"2017_1235_1355"
0.75240570306778,"2017_1235_1371"
0.474340379238129,"2017_1235_1374"
0.622309923171997,"2017_1235_1376"
0.495959877967834,"2017_1235_1388"
0.893705546855927,"2017_1235_1407"
0.750481426715851,"2017_1235_1411"
0.890694856643677,"2017_1235_1413"
0.622331321239471,"2017_1235_1417"
0.564723253250122,"2017_1235_1423"
0.795864403247833,"2017_1235_1425"
0.658458054065704,"2017_1235_1433"
0.670921444892883,"2017_1235_1435"
0.863198161125183,"2017_1235_1436"
0.388511836528778,"2017_1235_1437"
0.384339094161987,"2017_1235_1438"
0.767377912998199,"2017_1235_1439"
0.636569201946259,"2017_1235_1448"
0.303839683532715,"2017_1235_1452"
0.494936645030975,"2017_1235_1455"
0.624977946281433,"2017_1235_1457"
0.698971331119537,"2017_1235_1458"
0.865104496479034,"2017_1235_1462"
0.089513398706913,"2017_1240_1242"
0.127348229289055,"2017_1240_1243"
0.222694143652916,"2017_1240_1245"
0.0971410870552063,"2017_1240_1246"
0.0970193967223167,"2017_1240_1257"
0.0991085544228554,"2017_1240_1266"
0.0947660431265831,"2017_1240_1268"
0.099019430577755,"2017_1240_1274"
0.0832064226269722,"2017_1240_1276"
0.111817069351673,"2017_1240_1277"
0.0825985744595528,"2017_1240_1278"
0.579816818237305,"2017_1240_1291"
0.112646110355854,"2017_1240_1292"
0.433371156454086,"2017_1240_1297"
0.328930467367172,"2017_1240_1300"
0.141386955976486,"2017_1240_1305"
0.392188876867294,"2017_1240_1308"
0.638149201869965,"2017_1240_1309"
0.089513398706913,"2017_1240_1314"
0.422208458185196,"2017_1240_1315"
0.187078565359116,"2017_1240_1321"
0.0841125994920731,"2017_1240_1323"
0.0864470303058624,"2017_1240_1329"
0.0833775028586388,"2017_1240_1332"
0.182683914899826,"2017_1240_1343"
0.190750315785408,"2017_1240_1344"
0.0832064226269722,"2017_1240_1345"
0.0861996710300446,"2017_1240_1348"
0.355655640363693,"2017_1240_1355"
0.107884392142296,"2017_1240_1371"
0.0967511385679245,"2017_1240_1374"
0.130287379026413,"2017_1240_1376"
0.0864258632063866,"2017_1240_1388"
0.586992621421814,"2017_1240_1407"
0.604514122009277,"2017_1240_1411"
0.579821228981018,"2017_1240_1413"
0.089513398706913,"2017_1240_1417"
0.0989659279584885,"2017_1240_1423"
0.111315384507179,"2017_1240_1425"
0.0861996710300446,"2017_1240_1433"
0.087594211101532,"2017_1240_1435"
0.180044069886208,"2017_1240_1436"
0.0871249064803123,"2017_1240_1437"
0.0832064226269722,"2017_1240_1438"
0.157886072993279,"2017_1240_1439"
0.130182191729546,"2017_1240_1448"
0.0832064226269722,"2017_1240_1452"
0.081333689391613,"2017_1240_1455"
0.140076190233231,"2017_1240_1457"
0.0852852091193199,"2017_1240_1458"
0.135202467441559,"2017_1240_1462"
0.783432483673096,"2017_1242_1243"
0.80585902929306,"2017_1242_1245"
0.624843418598175,"2017_1242_1246"
0.643100500106812,"2017_1242_1257"
0.627435505390167,"2017_1242_1266"
0.772566914558411,"2017_1242_1268"
0.586660146713257,"2017_1242_1274"
0.63866662979126,"2017_1242_1276"
0.64904397726059,"2017_1242_1277"
0.615861773490906,"2017_1242_1278"
0.858185052871704,"2017_1242_1291"
0.885730028152466,"2017_1242_1292"
0.864560842514038,"2017_1242_1297"
0.888342559337616,"2017_1242_1300"
0.547367215156555,"2017_1242_1305"
0.848674893379211,"2017_1242_1308"
0.821040987968445,"2017_1242_1309"
0.332126080989838,"2017_1242_1314"
0.890761733055115,"2017_1242_1315"
0.695049345493317,"2017_1242_1321"
0.608357548713684,"2017_1242_1323"
0.560119450092316,"2017_1242_1329"
0.514789938926697,"2017_1242_1332"
0.564085245132446,"2017_1242_1343"
0.853173196315765,"2017_1242_1344"
0.374793827533722,"2017_1242_1345"
0.480602651834488,"2017_1242_1348"
0.899748027324677,"2017_1242_1355"
0.699615478515625,"2017_1242_1371"
0.347933381795883,"2017_1242_1374"
0.809349775314331,"2017_1242_1376"
0.704622805118561,"2017_1242_1388"
0.899785041809082,"2017_1242_1407"
0.839470148086548,"2017_1242_1411"
0.818835198879242,"2017_1242_1413"
0.661122918128967,"2017_1242_1417"
0.677772343158722,"2017_1242_1423"
0.798178136348724,"2017_1242_1425"
0.828587889671326,"2017_1242_1433"
0.859348714351654,"2017_1242_1435"
0.849838435649872,"2017_1242_1436"
0.549046218395233,"2017_1242_1437"
0.739986598491669,"2017_1242_1438"
0.866878926753998,"2017_1242_1439"
0.894945979118347,"2017_1242_1448"
0.396754384040833,"2017_1242_1452"
0.602804839611053,"2017_1242_1455"
0.787892639636993,"2017_1242_1457"
0.584442734718323,"2017_1242_1458"
0.848879814147949,"2017_1242_1462"
0.559095442295074,"2017_1243_1245"
0.1217070966959,"2017_1243_1246"
0.176143407821655,"2017_1243_1257"
0.254975825548172,"2017_1243_1266"
0.457852810621262,"2017_1243_1268"
0.607284605503082,"2017_1243_1274"
0.200465828180313,"2017_1243_1276"
0.565121054649353,"2017_1243_1277"
0.31907457113266,"2017_1243_1278"
0.675073564052582,"2017_1243_1291"
0.301961928606033,"2017_1243_1292"
0.617820739746094,"2017_1243_1297"
0.646186769008636,"2017_1243_1300"
0.571410834789276,"2017_1243_1305"
0.543581306934357,"2017_1243_1308"
0.763432860374451,"2017_1243_1309"
0.106296539306641,"2017_1243_1314"
0.77295309305191,"2017_1243_1315"
0.409771114587784,"2017_1243_1321"
0.253120213747025,"2017_1243_1323"
0.449896484613419,"2017_1243_1329"
0.173589557409286,"2017_1243_1332"
0.659729063510895,"2017_1243_1343"
0.632292866706848,"2017_1243_1344"
0.131658434867859,"2017_1243_1345"
0.669073939323425,"2017_1243_1348"
0.854988098144531,"2017_1243_1355"
0.381331354379654,"2017_1243_1371"
0.349422454833984,"2017_1243_1374"
0.525708913803101,"2017_1243_1376"
0.506855070590973,"2017_1243_1388"
0.850552082061768,"2017_1243_1407"
0.797240912914276,"2017_1243_1411"
0.743787109851837,"2017_1243_1413"
0.154302269220352,"2017_1243_1417"
0.439298957586288,"2017_1243_1423"
0.782482743263245,"2017_1243_1425"
0.714540183544159,"2017_1243_1433"
0.501180768013,"2017_1243_1435"
0.677890539169312,"2017_1243_1436"
0.123410068452358,"2017_1243_1437"
0.163999393582344,"2017_1243_1438"
0.52455735206604,"2017_1243_1439"
0.284589916467667,"2017_1243_1448"
0.171088293194771,"2017_1243_1452"
0.324493169784546,"2017_1243_1455"
0.675088465213776,"2017_1243_1457"
0.143057242035866,"2017_1243_1458"
0.376184195280075,"2017_1243_1462"
0.089513398706913,"2017_1245_1246"
0.0863839834928513,"2017_1245_1257"
0.116643726825714,"2017_1245_1266"
0.422569334506989,"2017_1245_1268"
0.352614343166351,"2017_1245_1274"
0.131642952561378,"2017_1245_1276"
0.478461235761642,"2017_1245_1277"
0.153806686401367,"2017_1245_1278"
0.608106851577759,"2017_1245_1291"
0.23656290769577,"2017_1245_1292"
0.623019754886627,"2017_1245_1297"
0.688872039318085,"2017_1245_1300"
0.181434243917465,"2017_1245_1305"
0.276142448186874,"2017_1245_1308"
0.72362756729126,"2017_1245_1309"
0.0872714072465897,"2017_1245_1314"
0.556492030620575,"2017_1245_1315"
0.160991370677948,"2017_1245_1321"
0.0974971503019333,"2017_1245_1323"
0.149325251579285,"2017_1245_1329"
0.0824464932084084,"2017_1245_1332"
0.408309131860733,"2017_1245_1343"
0.218313291668892,"2017_1245_1344"
0.0947660431265831,"2017_1245_1345"
0.167279988527298,"2017_1245_1348"
0.734454274177551,"2017_1245_1355"
0.205976203083992,"2017_1245_1371"
0.0874338075518608,"2017_1245_1374"
0.227753400802612,"2017_1245_1376"
0.188979059457779,"2017_1245_1388"
0.597549140453339,"2017_1245_1407"
0.64452451467514,"2017_1245_1411"
0.742522895336151,"2017_1245_1413"
0.0883618369698524,"2017_1245_1417"
0.198396533727646,"2017_1245_1423"
0.306416213512421,"2017_1245_1425"
0.141060024499893,"2017_1245_1433"
0.150094255805016,"2017_1245_1435"
0.428607851266861,"2017_1245_1436"
0.081333689391613,"2017_1245_1437"
0.0824464932084084,"2017_1245_1438"
0.198084264993668,"2017_1245_1439"
0.504604935646057,"2017_1245_1448"
0.081410214304924,"2017_1245_1452"
0.122278980910778,"2017_1245_1455"
0.295844554901123,"2017_1245_1457"
0.10571763664484,"2017_1245_1458"
0.12332372367382,"2017_1245_1462"
0.450782209634781,"2017_1246_1257"
0.859681487083435,"2017_1246_1266"
0.840456068515778,"2017_1246_1268"
0.893968105316162,"2017_1246_1274"
0.648822486400604,"2017_1246_1276"
0.871822118759155,"2017_1246_1277"
0.839880049228668,"2017_1246_1278"
0.839470148086548,"2017_1246_1291"
0.823037266731262,"2017_1246_1292"
0.901713013648987,"2017_1246_1297"
0.901127934455872,"2017_1246_1300"
0.791903436183929,"2017_1246_1305"
0.860290110111237,"2017_1246_1308"
0.839470148086548,"2017_1246_1309"
0.480990678071976,"2017_1246_1314"
0.875381350517273,"2017_1246_1315"
0.81690239906311,"2017_1246_1321"
0.658936262130737,"2017_1246_1323"
0.904325664043427,"2017_1246_1329"
0.487496793270111,"2017_1246_1332"
0.759195923805237,"2017_1246_1343"
0.895997226238251,"2017_1246_1344"
0.727941989898682,"2017_1246_1345"
0.755497217178345,"2017_1246_1348"
0.875872611999512,"2017_1246_1355"
0.883733808994293,"2017_1246_1371"
0.541293084621429,"2017_1246_1374"
0.884510278701782,"2017_1246_1376"
0.750674843788147,"2017_1246_1388"
0.88738089799881,"2017_1246_1407"
0.852594375610352,"2017_1246_1411"
0.852026462554932,"2017_1246_1413"
0.758240282535553,"2017_1246_1417"
0.825541615486145,"2017_1246_1423"
0.752737045288086,"2017_1246_1425"
0.772326588630676,"2017_1246_1433"
0.649345755577087,"2017_1246_1435"
0.827372252941132,"2017_1246_1436"
0.591922461986542,"2017_1246_1437"
0.749646067619324,"2017_1246_1438"
0.868051171302795,"2017_1246_1439"
0.82268887758255,"2017_1246_1448"
0.599705517292023,"2017_1246_1452"
0.816210150718689,"2017_1246_1455"
0.904624938964844,"2017_1246_1457"
0.868158996105194,"2017_1246_1458"
0.8214390873909,"2017_1246_1462"
0.781746327877045,"2017_1257_1266"
0.769490242004395,"2017_1257_1268"
0.792964518070221,"2017_1257_1274"
0.435585767030716,"2017_1257_1276"
0.843754589557648,"2017_1257_1277"
0.494586586952209,"2017_1257_1278"
0.900191187858582,"2017_1257_1291"
0.772024214267731,"2017_1257_1292"
0.89677757024765,"2017_1257_1297"
0.79679799079895,"2017_1257_1300"
0.698454678058624,"2017_1257_1305"
0.745585441589355,"2017_1257_1308"
0.84826672077179,"2017_1257_1309"
0.378541350364685,"2017_1257_1314"
0.890290379524231,"2017_1257_1315"
0.487975776195526,"2017_1257_1321"
0.61457222700119,"2017_1257_1323"
0.800127565860748,"2017_1257_1329"
0.592695534229279,"2017_1257_1332"
0.82772433757782,"2017_1257_1343"
0.849432468414307,"2017_1257_1344"
0.589297592639923,"2017_1257_1345"
0.663427889347076,"2017_1257_1348"
0.890673100948334,"2017_1257_1355"
0.753030180931091,"2017_1257_1371"
0.307484954595566,"2017_1257_1374"
0.838469088077545,"2017_1257_1376"
0.72090071439743,"2017_1257_1388"
0.821794748306274,"2017_1257_1407"
0.864491581916809,"2017_1257_1411"
0.875445783138275,"2017_1257_1413"
0.631772875785828,"2017_1257_1417"
0.831346333026886,"2017_1257_1423"
0.754139482975006,"2017_1257_1425"
0.567893743515015,"2017_1257_1433"
0.594549298286438,"2017_1257_1435"
0.731482326984406,"2017_1257_1436"
0.510839521884918,"2017_1257_1437"
0.508077263832092,"2017_1257_1438"
0.748327195644379,"2017_1257_1439"
0.875041842460632,"2017_1257_1448"
0.458600521087646,"2017_1257_1452"
0.388600409030914,"2017_1257_1455"
0.765573799610138,"2017_1257_1457"
0.540212750434875,"2017_1257_1458"
0.486942201852798,"2017_1257_1462"
0.626752018928528,"2017_1266_1268"
0.38226717710495,"2017_1266_1274"
0.420126885175705,"2017_1266_1276"
0.432489693164825,"2017_1266_1277"
0.453080207109451,"2017_1266_1278"
0.851766586303711,"2017_1266_1291"
0.739435732364655,"2017_1266_1292"
0.830011606216431,"2017_1266_1297"
0.852097511291504,"2017_1266_1300"
0.599359452724457,"2017_1266_1305"
0.406232804059982,"2017_1266_1308"
0.8634192943573,"2017_1266_1309"
0.0989659279584885,"2017_1266_1314"
0.785187423229218,"2017_1266_1315"
0.694266498088837,"2017_1266_1321"
0.37468957901001,"2017_1266_1323"
0.173230931162834,"2017_1266_1329"
0.401026755571365,"2017_1266_1332"
0.634799242019653,"2017_1266_1343"
0.599833190441132,"2017_1266_1344"
0.580430507659912,"2017_1266_1345"
0.683766067028046,"2017_1266_1348"
0.841283023357391,"2017_1266_1355"
0.454906105995178,"2017_1266_1371"
0.274331778287888,"2017_1266_1374"
0.6567223072052,"2017_1266_1376"
0.399877667427063,"2017_1266_1388"
0.83866548538208,"2017_1266_1407"
0.844944596290588,"2017_1266_1411"
0.870292007923126,"2017_1266_1413"
0.383899003267288,"2017_1266_1417"
0.598758339881897,"2017_1266_1423"
0.643273591995239,"2017_1266_1425"
0.344287395477295,"2017_1266_1433"
0.536105394363403,"2017_1266_1435"
0.455811947584152,"2017_1266_1436"
0.115655086934566,"2017_1266_1437"
0.235912844538689,"2017_1266_1438"
0.70012640953064,"2017_1266_1439"
0.511898159980774,"2017_1266_1448"
0.187333092093468,"2017_1266_1452"
0.655064404010773,"2017_1266_1455"
0.489626258611679,"2017_1266_1457"
0.275976270437241,"2017_1266_1458"
0.672644734382629,"2017_1266_1462"
0.579616546630859,"2017_1268_1274"
0.468488872051239,"2017_1268_1276"
0.522241771221161,"2017_1268_1277"
0.424302667379379,"2017_1268_1278"
0.827862918376923,"2017_1268_1291"
0.310536235570908,"2017_1268_1292"
0.86520117521286,"2017_1268_1297"
0.635301470756531,"2017_1268_1300"
0.528818070888519,"2017_1268_1305"
0.733560025691986,"2017_1268_1308"
0.828506350517273,"2017_1268_1309"
0.114106677472591,"2017_1268_1314"
0.538297653198242,"2017_1268_1315"
0.44935405254364,"2017_1268_1321"
0.386094957590103,"2017_1268_1323"
0.509268879890442,"2017_1268_1329"
0.189822509884834,"2017_1268_1332"
0.737884938716888,"2017_1268_1343"
0.652447104454041,"2017_1268_1344"
0.586981296539307,"2017_1268_1345"
0.474312275648117,"2017_1268_1348"
0.703454554080963,"2017_1268_1355"
0.364070147275925,"2017_1268_1371"
0.316127061843872,"2017_1268_1374"
0.4498271048069,"2017_1268_1376"
0.311343133449554,"2017_1268_1388"
0.890586197376251,"2017_1268_1407"
0.629232287406921,"2017_1268_1411"
0.739428877830505,"2017_1268_1413"
0.128866568207741,"2017_1268_1417"
0.64506995677948,"2017_1268_1423"
0.625846207141876,"2017_1268_1425"
0.601569294929504,"2017_1268_1433"
0.728325486183167,"2017_1268_1435"
0.222922280430794,"2017_1268_1436"
0.257544189691544,"2017_1268_1437"
0.347045034170151,"2017_1268_1438"
0.488567709922791,"2017_1268_1439"
0.653751075267792,"2017_1268_1448"
0.177428007125854,"2017_1268_1452"
0.525734424591064,"2017_1268_1455"
0.805260181427002,"2017_1268_1457"
0.351750284433365,"2017_1268_1458"
0.351357787847519,"2017_1268_1462"
0.564124286174774,"2017_1274_1276"
0.581812560558319,"2017_1274_1277"
0.655969023704529,"2017_1274_1278"
0.551016509532928,"2017_1274_1291"
0.607143819332123,"2017_1274_1292"
0.601384937763214,"2017_1274_1297"
0.617619514465332,"2017_1274_1300"
0.718487918376923,"2017_1274_1305"
0.749460518360138,"2017_1274_1308"
0.792615652084351,"2017_1274_1309"
0.143728345632553,"2017_1274_1314"
0.66450971364975,"2017_1274_1315"
0.204428508877754,"2017_1274_1321"
0.295051991939545,"2017_1274_1323"
0.372012257575989,"2017_1274_1329"
0.14495187997818,"2017_1274_1332"
0.79070246219635,"2017_1274_1343"
0.447163194417953,"2017_1274_1344"
0.377677381038666,"2017_1274_1345"
0.490012258291245,"2017_1274_1348"
0.852328777313232,"2017_1274_1355"
0.536789834499359,"2017_1274_1371"
0.304361015558243,"2017_1274_1374"
0.516553282737732,"2017_1274_1376"
0.556066930294037,"2017_1274_1388"
0.72040843963623,"2017_1274_1407"
0.757748663425446,"2017_1274_1411"
0.769639372825623,"2017_1274_1413"
0.367154061794281,"2017_1274_1417"
0.631618857383728,"2017_1274_1423"
0.357288837432861,"2017_1274_1425"
0.632100403308868,"2017_1274_1433"
0.510352611541748,"2017_1274_1435"
0.516194224357605,"2017_1274_1436"
0.108424462378025,"2017_1274_1437"
0.309923529624939,"2017_1274_1438"
0.383948922157288,"2017_1274_1439"
0.548916757106781,"2017_1274_1448"
0.475992977619171,"2017_1274_1452"
0.67816162109375,"2017_1274_1455"
0.740869104862213,"2017_1274_1457"
0.214288502931595,"2017_1274_1458"
0.661674439907074,"2017_1274_1462"
0.591301560401917,"2017_1276_1277"
0.478666424751282,"2017_1276_1278"
0.802341938018799,"2017_1276_1291"
0.576988637447357,"2017_1276_1292"
0.65146392583847,"2017_1276_1297"
0.802011430263519,"2017_1276_1300"
0.499189913272858,"2017_1276_1305"
0.825581967830658,"2017_1276_1308"
0.767622172832489,"2017_1276_1309"
0.268660932779312,"2017_1276_1314"
0.69256329536438,"2017_1276_1315"
0.395709246397018,"2017_1276_1321"
0.566430985927582,"2017_1276_1323"
0.569246292114258,"2017_1276_1329"
0.653625726699829,"2017_1276_1332"
0.464125692844391,"2017_1276_1343"
0.54936420917511,"2017_1276_1344"
0.404860496520996,"2017_1276_1345"
0.594933331012726,"2017_1276_1348"
0.770150005817413,"2017_1276_1355"
0.537138104438782,"2017_1276_1371"
0.513166069984436,"2017_1276_1374"
0.598471224308014,"2017_1276_1376"
0.572504639625549,"2017_1276_1388"
0.718929767608643,"2017_1276_1407"
0.806565642356873,"2017_1276_1411"
0.808042466640472,"2017_1276_1413"
0.293762534856796,"2017_1276_1417"
0.619824886322021,"2017_1276_1423"
0.669414818286896,"2017_1276_1425"
0.428503006696701,"2017_1276_1433"
0.673240423202515,"2017_1276_1435"
0.622031450271606,"2017_1276_1436"
0.204785600304604,"2017_1276_1437"
0.290973663330078,"2017_1276_1438"
0.671199023723602,"2017_1276_1439"
0.833589911460876,"2017_1276_1448"
0.360842794179916,"2017_1276_1452"
0.577762544155121,"2017_1276_1455"
0.824413955211639,"2017_1276_1457"
0.672395586967468,"2017_1276_1458"
0.473445415496826,"2017_1276_1462"
0.450637727975845,"2017_1277_1278"
0.711547493934631,"2017_1277_1291"
0.543917179107666,"2017_1277_1292"
0.860144019126892,"2017_1277_1297"
0.808510422706604,"2017_1277_1300"
0.598843574523926,"2017_1277_1305"
0.8480504155159,"2017_1277_1308"
0.879821598529816,"2017_1277_1309"
0.12364074587822,"2017_1277_1314"
0.684963524341583,"2017_1277_1315"
0.516310513019562,"2017_1277_1321"
0.180805534124374,"2017_1277_1323"
0.37459659576416,"2017_1277_1329"
0.212178483605385,"2017_1277_1332"
0.552248120307922,"2017_1277_1343"
0.721237242221832,"2017_1277_1344"
0.134501948952675,"2017_1277_1345"
0.533058822154999,"2017_1277_1348"
0.842097640037537,"2017_1277_1355"
0.568521440029144,"2017_1277_1371"
0.232018381357193,"2017_1277_1374"
0.45179808139801,"2017_1277_1376"
0.319356739521027,"2017_1277_1388"
0.781408905982971,"2017_1277_1407"
0.857790589332581,"2017_1277_1411"
0.727968513965607,"2017_1277_1413"
0.141208618879318,"2017_1277_1417"
0.520584881305695,"2017_1277_1423"
0.548672199249268,"2017_1277_1425"
0.472425162792206,"2017_1277_1433"
0.446491539478302,"2017_1277_1435"
0.801555395126343,"2017_1277_1436"
0.158030405640602,"2017_1277_1437"
0.41784080862999,"2017_1277_1438"
0.634258508682251,"2017_1277_1439"
0.793071568012238,"2017_1277_1448"
0.317297786474228,"2017_1277_1452"
0.188390746712685,"2017_1277_1455"
0.615379095077515,"2017_1277_1457"
0.4666987657547,"2017_1277_1458"
0.381681114435196,"2017_1277_1462"
0.883473217487335,"2017_1278_1291"
0.553728222846985,"2017_1278_1292"
0.809904456138611,"2017_1278_1297"
0.699421346187592,"2017_1278_1300"
0.595908284187317,"2017_1278_1305"
0.499717086553574,"2017_1278_1308"
0.755980849266052,"2017_1278_1309"
0.171783223748207,"2017_1278_1314"
0.708243310451508,"2017_1278_1315"
0.407328516244888,"2017_1278_1321"
0.335078477859497,"2017_1278_1323"
0.419899046421051,"2017_1278_1329"
0.273246139287949,"2017_1278_1332"
0.799233138561249,"2017_1278_1343"
0.35616859793663,"2017_1278_1344"
0.339333713054657,"2017_1278_1345"
0.423185020685196,"2017_1278_1348"
0.754802405834198,"2017_1278_1355"
0.496296733617783,"2017_1278_1371"
0.253283649682999,"2017_1278_1374"
0.615600407123566,"2017_1278_1376"
0.37411305308342,"2017_1278_1388"
0.801817774772644,"2017_1278_1407"
0.89507383108139,"2017_1278_1411"
0.89107221364975,"2017_1278_1413"
0.520135879516602,"2017_1278_1417"
0.466728150844574,"2017_1278_1423"
0.632532775402069,"2017_1278_1425"
0.816994249820709,"2017_1278_1433"
0.479648888111115,"2017_1278_1435"
0.66785717010498,"2017_1278_1436"
0.241967812180519,"2017_1278_1437"
0.282435804605484,"2017_1278_1438"
0.737426578998566,"2017_1278_1439"
0.58074676990509,"2017_1278_1448"
0.356047034263611,"2017_1278_1452"
0.455022633075714,"2017_1278_1455"
0.580050528049469,"2017_1278_1457"
0.259406924247742,"2017_1278_1458"
0.705812036991119,"2017_1278_1462"
0.0862783566117287,"2017_1291_1292"
0.333675146102905,"2017_1291_1297"
0.404991954565048,"2017_1291_1300"
0.106445088982582,"2017_1291_1305"
0.0991877242922783,"2017_1291_1308"
0.633782267570496,"2017_1291_1309"
0.0845942050218582,"2017_1291_1314"
0.458522826433182,"2017_1291_1315"
0.0874338075518608,"2017_1291_1321"
0.0841125994920731,"2017_1291_1323"
0.103251807391644,"2017_1291_1329"
0.0832064226269722,"2017_1291_1332"
0.176058739423752,"2017_1291_1343"
0.0991987884044647,"2017_1291_1344"
0.0832064226269722,"2017_1291_1345"
0.115728214383125,"2017_1291_1348"
0.233165591955185,"2017_1291_1355"
0.10402224957943,"2017_1291_1371"
0.081333689391613,"2017_1291_1374"
0.0866057947278023,"2017_1291_1376"
0.081333689391613,"2017_1291_1388"
0.31432569026947,"2017_1291_1407"
0.169728830456734,"2017_1291_1411"
0.254352599382401,"2017_1291_1413"
0.0832064226269722,"2017_1291_1417"
0.0996124073863029,"2017_1291_1423"
0.121020935475826,"2017_1291_1425"
0.09060038626194,"2017_1291_1433"
0.090556688606739,"2017_1291_1435"
0.23308277130127,"2017_1291_1436"
0.0832064226269722,"2017_1291_1437"
0.0967511385679245,"2017_1291_1438"
0.109647780656815,"2017_1291_1439"
0.0992995724081993,"2017_1291_1448"
0.0967511385679245,"2017_1291_1452"
0.081333689391613,"2017_1291_1455"
0.304051369428635,"2017_1291_1457"
0.106974482536316,"2017_1291_1458"
0.0874338075518608,"2017_1291_1462"
0.617953240871429,"2017_1292_1297"
0.780267119407654,"2017_1292_1300"
0.260389238595963,"2017_1292_1305"
0.577420711517334,"2017_1292_1308"
0.815209925174713,"2017_1292_1309"
0.120745152235031,"2017_1292_1314"
0.880270481109619,"2017_1292_1315"
0.372163355350494,"2017_1292_1321"
0.166743904352188,"2017_1292_1323"
0.600635170936584,"2017_1292_1329"
0.110894359648228,"2017_1292_1332"
0.423941940069199,"2017_1292_1343"
0.546319484710693,"2017_1292_1344"
0.207579061388969,"2017_1292_1345"
0.369062453508377,"2017_1292_1348"
0.869809865951538,"2017_1292_1355"
0.470453798770905,"2017_1292_1371"
0.188038542866707,"2017_1292_1374"
0.40047886967659,"2017_1292_1376"
0.281589567661285,"2017_1292_1388"
0.754432022571564,"2017_1292_1407"
0.672695279121399,"2017_1292_1411"
0.87066388130188,"2017_1292_1413"
0.286529898643494,"2017_1292_1417"
0.600220024585724,"2017_1292_1423"
0.386972188949585,"2017_1292_1425"
0.444692969322205,"2017_1292_1433"
0.507046759128571,"2017_1292_1435"
0.540163815021515,"2017_1292_1436"
0.0965486466884613,"2017_1292_1437"
0.389015525579453,"2017_1292_1438"
0.732605874538422,"2017_1292_1439"
0.465313255786896,"2017_1292_1448"
0.312253147363663,"2017_1292_1452"
0.229610085487366,"2017_1292_1455"
0.804741322994232,"2017_1292_1457"
0.280788421630859,"2017_1292_1458"
0.663813352584839,"2017_1292_1462"
0.324818760156631,"2017_1297_1300"
0.167309924960136,"2017_1297_1305"
0.236906960606575,"2017_1297_1308"
0.492220908403397,"2017_1297_1309"
0.0872714072465897,"2017_1297_1314"
0.613924562931061,"2017_1297_1315"
0.138300329446793,"2017_1297_1321"
0.0863839834928513,"2017_1297_1323"
0.105686694383621,"2017_1297_1329"
0.0997244715690613,"2017_1297_1332"
0.160419493913651,"2017_1297_1343"
0.14490619301796,"2017_1297_1344"
0.0832064226269722,"2017_1297_1345"
0.186192989349365,"2017_1297_1348"
0.641014814376831,"2017_1297_1355"
0.142411664128304,"2017_1297_1371"
0.088404580950737,"2017_1297_1374"
0.214557290077209,"2017_1297_1376"
0.10185930877924,"2017_1297_1388"
0.697925388813019,"2017_1297_1407"
0.771235048770905,"2017_1297_1411"
0.614776790142059,"2017_1297_1413"
0.0945974960923195,"2017_1297_1417"
0.260421723127365,"2017_1297_1423"
0.21054020524025,"2017_1297_1425"
0.198940441012383,"2017_1297_1433"
0.132593706250191,"2017_1297_1435"
0.128589391708374,"2017_1297_1436"
0.090540237724781,"2017_1297_1437"
0.0864258632063866,"2017_1297_1438"
0.332106798887253,"2017_1297_1439"
0.156742766499519,"2017_1297_1448"
0.0832064226269722,"2017_1297_1452"
0.103950589895248,"2017_1297_1455"
0.21288375556469,"2017_1297_1457"
0.0862602815032005,"2017_1297_1458"
0.184511095285416,"2017_1297_1462"
0.185425952076912,"2017_1300_1305"
0.280601769685745,"2017_1300_1308"
0.659545242786407,"2017_1300_1309"
0.0971410870552063,"2017_1300_1314"
0.51621687412262,"2017_1300_1315"
0.129977583885193,"2017_1300_1321"
0.081333689391613,"2017_1300_1323"
0.0895036160945892,"2017_1300_1329"
0.081333689391613,"2017_1300_1332"
0.251062363386154,"2017_1300_1343"
0.134524896740913,"2017_1300_1344"
0.081333689391613,"2017_1300_1345"
0.0863390117883682,"2017_1300_1348"
0.420267283916473,"2017_1300_1355"
0.11761923879385,"2017_1300_1371"
0.081333689391613,"2017_1300_1374"
0.132748320698738,"2017_1300_1376"
0.090556688606739,"2017_1300_1388"
0.461889296770096,"2017_1300_1407"
0.413834601640701,"2017_1300_1411"
0.379023522138596,"2017_1300_1413"
0.0968069508671761,"2017_1300_1417"
0.140116855502129,"2017_1300_1423"
0.199719473719597,"2017_1300_1425"
0.0907420143485069,"2017_1300_1433"
0.161767214536667,"2017_1300_1435"
0.181914910674095,"2017_1300_1436"
0.081333689391613,"2017_1300_1437"
0.081333689391613,"2017_1300_1438"
0.353304743766785,"2017_1300_1439"
0.1565962433815,"2017_1300_1448"
0.081333689391613,"2017_1300_1452"
0.0852852091193199,"2017_1300_1455"
0.268015325069427,"2017_1300_1457"
0.0852852091193199,"2017_1300_1458"
0.218634530901909,"2017_1300_1462"
0.591225504875183,"2017_1305_1308"
0.672701597213745,"2017_1305_1309"
0.142350569367409,"2017_1305_1314"
0.8229860663414,"2017_1305_1315"
0.338027447462082,"2017_1305_1321"
0.160362899303436,"2017_1305_1323"
0.401109784841537,"2017_1305_1329"
0.158580780029297,"2017_1305_1332"
0.680194020271301,"2017_1305_1343"
0.551654398441315,"2017_1305_1344"
0.140668720006943,"2017_1305_1345"
0.412600308656693,"2017_1305_1348"
0.461721509695053,"2017_1305_1355"
0.569973766803741,"2017_1305_1371"
0.225080937147141,"2017_1305_1374"
0.354849606752396,"2017_1305_1376"
0.413627982139587,"2017_1305_1388"
0.642071068286896,"2017_1305_1407"
0.640241682529449,"2017_1305_1411"
0.646339952945709,"2017_1305_1413"
0.12884196639061,"2017_1305_1417"
0.436624318361282,"2017_1305_1423"
0.336199462413788,"2017_1305_1425"
0.568223476409912,"2017_1305_1433"
0.375452160835266,"2017_1305_1435"
0.54893559217453,"2017_1305_1436"
0.135334402322769,"2017_1305_1437"
0.277211964130402,"2017_1305_1438"
0.546428859233856,"2017_1305_1439"
0.560951709747314,"2017_1305_1448"
0.262192904949188,"2017_1305_1452"
0.23369511961937,"2017_1305_1455"
0.33929580450058,"2017_1305_1457"
0.583122968673706,"2017_1305_1458"
0.52417129278183,"2017_1305_1462"
0.852603733539581,"2017_1308_1309"
0.0970193967223167,"2017_1308_1314"
0.675399124622345,"2017_1308_1315"
0.410950303077698,"2017_1308_1321"
0.0935657843947411,"2017_1308_1323"
0.221753627061844,"2017_1308_1329"
0.105808958411217,"2017_1308_1332"
0.223792731761932,"2017_1308_1343"
0.286955565214157,"2017_1308_1344"
0.11794413626194,"2017_1308_1345"
0.252506941556931,"2017_1308_1348"
0.452761322259903,"2017_1308_1355"
0.377067059278488,"2017_1308_1371"
0.100416824221611,"2017_1308_1374"
0.233079567551613,"2017_1308_1376"
0.160306170582771,"2017_1308_1388"
0.695616662502289,"2017_1308_1407"
0.69732528924942,"2017_1308_1411"
0.662810087203979,"2017_1308_1413"
0.132303804159164,"2017_1308_1417"
0.215027630329132,"2017_1308_1423"
0.486690312623978,"2017_1308_1425"
0.520702004432678,"2017_1308_1433"
0.272698640823364,"2017_1308_1435"
0.535499095916748,"2017_1308_1436"
0.0832064226269722,"2017_1308_1437"
0.106604531407356,"2017_1308_1438"
0.38995435833931,"2017_1308_1439"
0.256954193115234,"2017_1308_1448"
0.0853452309966087,"2017_1308_1452"
0.157927721738815,"2017_1308_1455"
0.536784470081329,"2017_1308_1457"
0.130394816398621,"2017_1308_1458"
0.284322440624237,"2017_1308_1462"
0.089513398706913,"2017_1309_1314"
0.246092721819878,"2017_1309_1315"
0.122064650058746,"2017_1309_1321"
0.0832064226269722,"2017_1309_1323"
0.0852852091193199,"2017_1309_1329"
0.0971410870552063,"2017_1309_1332"
0.14388819038868,"2017_1309_1343"
0.139556467533112,"2017_1309_1344"
0.0832064226269722,"2017_1309_1345"
0.130498692393303,"2017_1309_1348"
0.725009083747864,"2017_1309_1355"
0.148960381746292,"2017_1309_1371"
0.0832064226269722,"2017_1309_1374"
0.0861996710300446,"2017_1309_1376"
0.081333689391613,"2017_1309_1388"
0.444237232208252,"2017_1309_1407"
0.387953370809555,"2017_1309_1411"
0.352357536554337,"2017_1309_1413"
0.0872714072465897,"2017_1309_1417"
0.0877658501267433,"2017_1309_1423"
0.127000108361244,"2017_1309_1425"
0.0916297361254692,"2017_1309_1433"
0.161595657467842,"2017_1309_1435"
0.236110642552376,"2017_1309_1436"
0.0945974960923195,"2017_1309_1437"
0.0833775028586388,"2017_1309_1438"
0.11317266523838,"2017_1309_1439"
0.105345346033573,"2017_1309_1448"
0.0841125994920731,"2017_1309_1452"
0.081333689391613,"2017_1309_1455"
0.166992217302322,"2017_1309_1457"
0.105474583804607,"2017_1309_1458"
0.114882864058018,"2017_1309_1462"
0.898650527000427,"2017_1314_1315"
0.875854551792145,"2017_1314_1321"
0.426072001457214,"2017_1314_1323"
0.79462331533432,"2017_1314_1329"
0.48932147026062,"2017_1314_1332"
0.761225938796997,"2017_1314_1343"
0.817788064479828,"2017_1314_1344"
0.59584379196167,"2017_1314_1345"
0.696698725223541,"2017_1314_1348"
0.875936925411224,"2017_1314_1355"
0.766126215457916,"2017_1314_1371"
0.780237138271332,"2017_1314_1374"
0.839461624622345,"2017_1314_1376"
0.648673295974731,"2017_1314_1388"
0.885134935379028,"2017_1314_1407"
0.852594375610352,"2017_1314_1411"
0.839377462863922,"2017_1314_1413"
0.316805273294449,"2017_1314_1417"
0.729326605796814,"2017_1314_1423"
0.777535617351532,"2017_1314_1425"
0.711108922958374,"2017_1314_1433"
0.796186625957489,"2017_1314_1435"
0.80895733833313,"2017_1314_1436"
0.407536119222641,"2017_1314_1437"
0.589090645313263,"2017_1314_1438"
0.841120481491089,"2017_1314_1439"
0.867165684700012,"2017_1314_1448"
0.368455141782761,"2017_1314_1452"
0.801760077476501,"2017_1314_1455"
0.792746722698212,"2017_1314_1457"
0.753976941108704,"2017_1314_1458"
0.828295886516571,"2017_1314_1462"
0.187778860330582,"2017_1315_1321"
0.081333689391613,"2017_1315_1323"
0.0861996710300446,"2017_1315_1329"
0.0833775028586388,"2017_1315_1332"
0.305344134569168,"2017_1315_1343"
0.258297264575958,"2017_1315_1344"
0.0832064226269722,"2017_1315_1345"
0.0877906754612923,"2017_1315_1348"
0.666620135307312,"2017_1315_1355"
0.180347174406052,"2017_1315_1371"
0.0886481925845146,"2017_1315_1374"
0.371504873037338,"2017_1315_1376"
0.0881737172603607,"2017_1315_1388"
0.535311639308929,"2017_1315_1407"
0.424933105707169,"2017_1315_1411"
0.532324492931366,"2017_1315_1413"
0.089513398706913,"2017_1315_1417"
0.143113300204277,"2017_1315_1423"
0.169849723577499,"2017_1315_1425"
0.163783818483353,"2017_1315_1433"
0.114255525171757,"2017_1315_1435"
0.118233911693096,"2017_1315_1436"
0.0989662110805511,"2017_1315_1437"
0.114070527255535,"2017_1315_1438"
0.286756932735443,"2017_1315_1439"
0.121255926787853,"2017_1315_1448"
0.081333689391613,"2017_1315_1452"
0.0852852091193199,"2017_1315_1455"
0.404466509819031,"2017_1315_1457"
0.0939322859048843,"2017_1315_1458"
0.117865838110447,"2017_1315_1462"
0.513286530971527,"2017_1321_1323"
0.230714380741119,"2017_1321_1329"
0.142702400684357,"2017_1321_1332"
0.346492022275925,"2017_1321_1343"
0.488503187894821,"2017_1321_1344"
0.121160119771957,"2017_1321_1345"
0.573019504547119,"2017_1321_1348"
0.763118386268616,"2017_1321_1355"
0.403890550136566,"2017_1321_1371"
0.362414479255676,"2017_1321_1374"
0.491823136806488,"2017_1321_1376"
0.253395617008209,"2017_1321_1388"
0.854619801044464,"2017_1321_1407"
0.693850159645081,"2017_1321_1411"
0.892239451408386,"2017_1321_1413"
0.134716093540192,"2017_1321_1417"
0.534210681915283,"2017_1321_1423"
0.736475348472595,"2017_1321_1425"
0.559978187084198,"2017_1321_1433"
0.498581737279892,"2017_1321_1435"
0.424166977405548,"2017_1321_1436"
0.239523902535439,"2017_1321_1437"
0.470020920038223,"2017_1321_1438"
0.593578994274139,"2017_1321_1439"
0.350892454385757,"2017_1321_1448"
0.342032670974731,"2017_1321_1452"
0.320970982313156,"2017_1321_1455"
0.874195694923401,"2017_1321_1457"
0.383996576070786,"2017_1321_1458"
0.38871231675148,"2017_1321_1462"
0.642335176467896,"2017_1323_1329"
0.334379017353058,"2017_1323_1332"
0.626483023166656,"2017_1323_1343"
0.769916415214539,"2017_1323_1344"
0.454324126243591,"2017_1323_1345"
0.497209578752518,"2017_1323_1348"
0.801986753940582,"2017_1323_1355"
0.863410115242004,"2017_1323_1371"
0.401292860507965,"2017_1323_1374"
0.693208694458008,"2017_1323_1376"
0.563626885414124,"2017_1323_1388"
0.867175817489624,"2017_1323_1407"
0.888342559337616,"2017_1323_1411"
0.885728597640991,"2017_1323_1413"
0.314445108175278,"2017_1323_1417"
0.5477454662323,"2017_1323_1423"
0.776458561420441,"2017_1323_1425"
0.567176640033722,"2017_1323_1433"
0.844847977161407,"2017_1323_1435"
0.821946620941162,"2017_1323_1436"
0.422202229499817,"2017_1323_1437"
0.574937224388123,"2017_1323_1438"
0.833941042423248,"2017_1323_1439"
0.703707635402679,"2017_1323_1448"
0.516959011554718,"2017_1323_1452"
0.240294605493546,"2017_1323_1455"
0.875533759593964,"2017_1323_1457"
0.694260537624359,"2017_1323_1458"
0.547710239887238,"2017_1323_1462"
0.350074023008347,"2017_1329_1332"
0.626474142074585,"2017_1329_1343"
0.42317858338356,"2017_1329_1344"
0.504925072193146,"2017_1329_1345"
0.487162441015244,"2017_1329_1348"
0.839942634105682,"2017_1329_1355"
0.599487662315369,"2017_1329_1371"
0.361412048339844,"2017_1329_1374"
0.458729088306427,"2017_1329_1376"
0.33801206946373,"2017_1329_1388"
0.862447559833527,"2017_1329_1407"
0.877574920654297,"2017_1329_1411"
0.789071142673492,"2017_1329_1413"
0.210137277841568,"2017_1329_1417"
0.54316234588623,"2017_1329_1423"
0.332668215036392,"2017_1329_1425"
0.649431586265564,"2017_1329_1433"
0.499946713447571,"2017_1329_1435"
0.54179847240448,"2017_1329_1436"
0.158252075314522,"2017_1329_1437"
0.42791274189949,"2017_1329_1438"
0.565284013748169,"2017_1329_1439"
0.42181584239006,"2017_1329_1448"
0.322255223989487,"2017_1329_1452"
0.541641652584076,"2017_1329_1455"
0.79837703704834,"2017_1329_1457"
0.467682003974915,"2017_1329_1458"
0.371171116828918,"2017_1329_1462"
0.856086194515228,"2017_1332_1343"
0.812470614910126,"2017_1332_1344"
0.290553718805313,"2017_1332_1345"
0.755971670150757,"2017_1332_1348"
0.878259062767029,"2017_1332_1355"
0.773938953876495,"2017_1332_1371"
0.641077995300293,"2017_1332_1374"
0.812435746192932,"2017_1332_1376"
0.565479338169098,"2017_1332_1388"
0.892640829086304,"2017_1332_1407"
0.878259062767029,"2017_1332_1411"
0.895065724849701,"2017_1332_1413"
0.651760578155518,"2017_1332_1417"
0.712689459323883,"2017_1332_1423"
0.736999750137329,"2017_1332_1425"
0.800180375576019,"2017_1332_1433"
0.653599083423615,"2017_1332_1435"
0.677546322345734,"2017_1332_1436"
0.375041633844376,"2017_1332_1437"
0.508211135864258,"2017_1332_1438"
0.658604562282562,"2017_1332_1439"
0.808342337608337,"2017_1332_1448"
0.464888393878937,"2017_1332_1452"
0.616293251514435,"2017_1332_1455"
0.824040174484253,"2017_1332_1457"
0.541315674781799,"2017_1332_1458"
0.860767304897308,"2017_1332_1462"
0.552703619003296,"2017_1343_1344"
0.174924746155739,"2017_1343_1345"
0.166082844138145,"2017_1343_1348"
0.7982177734375,"2017_1343_1355"
0.589559495449066,"2017_1343_1371"
0.148223504424095,"2017_1343_1374"
0.512066245079041,"2017_1343_1376"
0.258355438709259,"2017_1343_1388"
0.809058487415314,"2017_1343_1407"
0.877194166183472,"2017_1343_1411"
0.766059696674347,"2017_1343_1413"
0.12129557877779,"2017_1343_1417"
0.548333764076233,"2017_1343_1423"
0.510800004005432,"2017_1343_1425"
0.437911659479141,"2017_1343_1433"
0.230172038078308,"2017_1343_1435"
0.425546020269394,"2017_1343_1436"
0.200412645936012,"2017_1343_1437"
0.256172686815262,"2017_1343_1438"
0.670260846614838,"2017_1343_1439"
0.383580237627029,"2017_1343_1448"
0.108811572194099,"2017_1343_1452"
0.367356389760971,"2017_1343_1455"
0.637572407722473,"2017_1343_1457"
0.272232323884964,"2017_1343_1458"
0.355777770280838,"2017_1343_1462"
0.19166561961174,"2017_1344_1345"
0.385068297386169,"2017_1344_1348"
0.737986385822296,"2017_1344_1355"
0.332849353551865,"2017_1344_1371"
0.104935452342033,"2017_1344_1374"
0.229572579264641,"2017_1344_1376"
0.220247134566307,"2017_1344_1388"
0.697477161884308,"2017_1344_1407"
0.766716122627258,"2017_1344_1411"
0.869426786899567,"2017_1344_1413"
0.154700711369514,"2017_1344_1417"
0.511987745761871,"2017_1344_1423"
0.638918459415436,"2017_1344_1425"
0.379117608070374,"2017_1344_1433"
0.267209708690643,"2017_1344_1435"
0.523988962173462,"2017_1344_1436"
0.088997058570385,"2017_1344_1437"
0.154264986515045,"2017_1344_1438"
0.468219637870789,"2017_1344_1439"
0.499048441648483,"2017_1344_1448"
0.123870447278023,"2017_1344_1452"
0.414436519145966,"2017_1344_1455"
0.411054819822311,"2017_1344_1457"
0.31028139591217,"2017_1344_1458"
0.282045871019363,"2017_1344_1462"
0.772065758705139,"2017_1345_1348"
0.889263272285461,"2017_1345_1355"
0.575616061687469,"2017_1345_1371"
0.282347291707993,"2017_1345_1374"
0.547407388687134,"2017_1345_1376"
0.495229661464691,"2017_1345_1388"
0.892207503318787,"2017_1345_1407"
0.74143773317337,"2017_1345_1411"
0.880766093730927,"2017_1345_1413"
0.306495755910873,"2017_1345_1417"
0.61315780878067,"2017_1345_1423"
0.858137845993042,"2017_1345_1425"
0.857055425643921,"2017_1345_1433"
0.856357574462891,"2017_1345_1435"
0.510729432106018,"2017_1345_1436"
0.626393795013428,"2017_1345_1437"
0.632484614849091,"2017_1345_1438"
0.847561955451965,"2017_1345_1439"
0.746820986270905,"2017_1345_1448"
0.507185697555542,"2017_1345_1452"
0.241930574178696,"2017_1345_1455"
0.828927457332611,"2017_1345_1457"
0.622145295143127,"2017_1345_1458"
0.862914621829987,"2017_1345_1462"
0.828852593898773,"2017_1348_1355"
0.173230290412903,"2017_1348_1371"
0.210220947861671,"2017_1348_1374"
0.545370578765869,"2017_1348_1376"
0.384557992219925,"2017_1348_1388"
0.826673567295074,"2017_1348_1407"
0.771254181861877,"2017_1348_1411"
0.763111293315887,"2017_1348_1413"
0.242954090237617,"2017_1348_1417"
0.545407772064209,"2017_1348_1423"
0.700020551681519,"2017_1348_1425"
0.584628105163574,"2017_1348_1433"
0.510674476623535,"2017_1348_1435"
0.345527768135071,"2017_1348_1436"
0.202118277549744,"2017_1348_1437"
0.350731492042542,"2017_1348_1438"
0.568093180656433,"2017_1348_1439"
0.575787961483002,"2017_1348_1448"
0.302777945995331,"2017_1348_1452"
0.224869027733803,"2017_1348_1455"
0.49808132648468,"2017_1348_1457"
0.336431741714478,"2017_1348_1458"
0.372000813484192,"2017_1348_1462"
0.116488255560398,"2017_1355_1371"
0.0856575816869736,"2017_1355_1374"
0.176507979631424,"2017_1355_1376"
0.0824464932084084,"2017_1355_1388"
0.824127972126007,"2017_1355_1407"
0.483130812644958,"2017_1355_1411"
0.63494461774826,"2017_1355_1413"
0.0832064226269722,"2017_1355_1417"
0.201176047325134,"2017_1355_1423"
0.118331484496593,"2017_1355_1425"
0.141745939850807,"2017_1355_1433"
0.127000108361244,"2017_1355_1435"
0.107289366424084,"2017_1355_1436"
0.0856575816869736,"2017_1355_1437"
0.0898572653532028,"2017_1355_1438"
0.313604801893234,"2017_1355_1439"
0.194315984845161,"2017_1355_1448"
0.081333689391613,"2017_1355_1452"
0.0850408673286438,"2017_1355_1455"
0.240043610334396,"2017_1355_1457"
0.113774813711643,"2017_1355_1458"
0.120834924280643,"2017_1355_1462"
0.402787387371063,"2017_1371_1374"
0.744024097919464,"2017_1371_1376"
0.283470571041107,"2017_1371_1388"
0.628088116645813,"2017_1371_1407"
0.75504857301712,"2017_1371_1411"
0.659780919551849,"2017_1371_1413"
0.27793362736702,"2017_1371_1417"
0.391103297472,"2017_1371_1423"
0.464207649230957,"2017_1371_1425"
0.672748386859894,"2017_1371_1433"
0.666705429553986,"2017_1371_1435"
0.327517807483673,"2017_1371_1436"
0.140337273478508,"2017_1371_1437"
0.183479502797127,"2017_1371_1438"
0.555831849575043,"2017_1371_1439"
0.660688996315002,"2017_1371_1448"
0.17107655107975,"2017_1371_1452"
0.366005539894104,"2017_1371_1455"
0.567209661006927,"2017_1371_1457"
0.362137883901596,"2017_1371_1458"
0.473349779844284,"2017_1371_1462"
0.714839160442352,"2017_1374_1376"
0.625118732452393,"2017_1374_1388"
0.842293798923492,"2017_1374_1407"
0.864520072937012,"2017_1374_1411"
0.880766093730927,"2017_1374_1413"
0.232923299074173,"2017_1374_1417"
0.519374370574951,"2017_1374_1423"
0.912385106086731,"2017_1374_1425"
0.843831717967987,"2017_1374_1433"
0.721186876296997,"2017_1374_1435"
0.68308162689209,"2017_1374_1436"
0.275257527828217,"2017_1374_1437"
0.550363838672638,"2017_1374_1438"
0.873640537261963,"2017_1374_1439"
0.804214298725128,"2017_1374_1448"
0.206604316830635,"2017_1374_1452"
0.734228909015656,"2017_1374_1455"
0.731972336769104,"2017_1374_1457"
0.614465594291687,"2017_1374_1458"
0.710270643234253,"2017_1374_1462"
0.353760600090027,"2017_1376_1388"
0.703057825565338,"2017_1376_1407"
0.733191192150116,"2017_1376_1411"
0.816221296787262,"2017_1376_1413"
0.18453161418438,"2017_1376_1417"
0.567085325717926,"2017_1376_1423"
0.494711965322495,"2017_1376_1425"
0.607560575008392,"2017_1376_1433"
0.374421238899231,"2017_1376_1435"
0.526643812656403,"2017_1376_1436"
0.113372437655926,"2017_1376_1437"
0.189138367772102,"2017_1376_1438"
0.342337936162949,"2017_1376_1439"
0.379084914922714,"2017_1376_1448"
0.121604554355145,"2017_1376_1452"
0.432905346155167,"2017_1376_1455"
0.445943802595139,"2017_1376_1457"
0.435852080583572,"2017_1376_1458"
0.27702334523201,"2017_1376_1462"
0.890752494335175,"2017_1388_1407"
0.903612494468689,"2017_1388_1411"
0.69867879152298,"2017_1388_1413"
0.47040182352066,"2017_1388_1417"
0.747736871242523,"2017_1388_1423"
0.815259993076324,"2017_1388_1425"
0.677211105823517,"2017_1388_1433"
0.41839137673378,"2017_1388_1435"
0.804073452949524,"2017_1388_1436"
0.435403972864151,"2017_1388_1437"
0.60868912935257,"2017_1388_1438"
0.650657653808594,"2017_1388_1439"
0.515138745307922,"2017_1388_1448"
0.257095962762833,"2017_1388_1452"
0.579579591751099,"2017_1388_1455"
0.899861037731171,"2017_1388_1457"
0.633804440498352,"2017_1388_1458"
0.397257924079895,"2017_1388_1462"
0.598102033138275,"2017_1407_1411"
0.586371123790741,"2017_1407_1413"
0.0988641008734703,"2017_1407_1417"
0.276571691036224,"2017_1407_1423"
0.133318483829498,"2017_1407_1425"
0.249943539500237,"2017_1407_1433"
0.156444609165192,"2017_1407_1435"
0.152015328407288,"2017_1407_1436"
0.0832064226269722,"2017_1407_1437"
0.0824464932084084,"2017_1407_1438"
0.282865971326828,"2017_1407_1439"
0.153127506375313,"2017_1407_1448"
0.0832064226269722,"2017_1407_1452"
0.0861996710300446,"2017_1407_1455"
0.293420821428299,"2017_1407_1457"
0.141745939850807,"2017_1407_1458"
0.199239701032639,"2017_1407_1462"
0.584180176258087,"2017_1411_1413"
0.0832064226269722,"2017_1411_1417"
0.152262523770332,"2017_1411_1423"
0.11399932205677,"2017_1411_1425"
0.158525854349136,"2017_1411_1433"
0.0904055461287498,"2017_1411_1435"
0.280678659677505,"2017_1411_1436"
0.0832064226269722,"2017_1411_1437"
0.081333689391613,"2017_1411_1438"
0.154727220535278,"2017_1411_1439"
0.116664856672287,"2017_1411_1448"
0.081333689391613,"2017_1411_1452"
0.081333689391613,"2017_1411_1455"
0.186040192842484,"2017_1411_1457"
0.0850408673286438,"2017_1411_1458"
0.131153851747513,"2017_1411_1462"
0.081333689391613,"2017_1413_1417"
0.148287490010262,"2017_1413_1423"
0.0992459356784821,"2017_1413_1425"
0.0863137319684029,"2017_1413_1433"
0.0876299366354942,"2017_1413_1435"
0.164143264293671,"2017_1413_1436"
0.081333689391613,"2017_1413_1437"
0.0832064226269722,"2017_1413_1438"
0.0953661054372787,"2017_1413_1439"
0.102470651268959,"2017_1413_1448"
0.0968069508671761,"2017_1413_1452"
0.081333689391613,"2017_1413_1455"
0.272639244794846,"2017_1413_1457"
0.0872403010725975,"2017_1413_1458"
0.105823218822479,"2017_1413_1462"
0.669009983539581,"2017_1417_1423"
0.857665956020355,"2017_1417_1425"
0.693798065185547,"2017_1417_1433"
0.772553384304047,"2017_1417_1435"
0.780390024185181,"2017_1417_1436"
0.62408310174942,"2017_1417_1437"
0.660708963871002,"2017_1417_1438"
0.834537148475647,"2017_1417_1439"
0.878948390483856,"2017_1417_1448"
0.418615609407425,"2017_1417_1452"
0.612748026847839,"2017_1417_1455"
0.852692067623138,"2017_1417_1457"
0.542209565639496,"2017_1417_1458"
0.766392588615417,"2017_1417_1462"
0.245641186833382,"2017_1423_1425"
0.376855343580246,"2017_1423_1433"
0.61550897359848,"2017_1423_1435"
0.406666785478592,"2017_1423_1436"
0.0951115638017654,"2017_1423_1437"
0.145493522286415,"2017_1423_1438"
0.469987720251083,"2017_1423_1439"
0.509652435779572,"2017_1423_1448"
0.173687651753426,"2017_1423_1452"
0.373359948396683,"2017_1423_1455"
0.818298578262329,"2017_1423_1457"
0.223500624299049,"2017_1423_1458"
0.358526080846786,"2017_1423_1462"
0.5428626537323,"2017_1425_1433"
0.447688937187195,"2017_1425_1435"
0.52778172492981,"2017_1425_1436"
0.106030270457268,"2017_1425_1437"
0.143764734268188,"2017_1425_1438"
0.368170917034149,"2017_1425_1439"
0.446143686771393,"2017_1425_1448"
0.260943233966827,"2017_1425_1452"
0.139426231384277,"2017_1425_1455"
0.790759384632111,"2017_1425_1457"
0.243534207344055,"2017_1425_1458"
0.300000429153442,"2017_1425_1462"
0.464589625597,"2017_1433_1435"
0.563084125518799,"2017_1433_1436"
0.31075656414032,"2017_1433_1437"
0.471636652946472,"2017_1433_1438"
0.624631822109222,"2017_1433_1439"
0.713990569114685,"2017_1433_1448"
0.178574129939079,"2017_1433_1452"
0.605749845504761,"2017_1433_1455"
0.732687532901764,"2017_1433_1457"
0.548067212104797,"2017_1433_1458"
0.593009889125824,"2017_1433_1462"
0.672239422798157,"2017_1435_1436"
0.185992434620857,"2017_1435_1437"
0.392064690589905,"2017_1435_1438"
0.543197333812714,"2017_1435_1439"
0.471538722515106,"2017_1435_1448"
0.157087787985802,"2017_1435_1452"
0.272471249103546,"2017_1435_1455"
0.495685219764709,"2017_1435_1457"
0.540245592594147,"2017_1435_1458"
0.443838626146317,"2017_1435_1462"
0.0910270139575005,"2017_1436_1437"
0.161077603697777,"2017_1436_1438"
0.720781445503235,"2017_1436_1439"
0.635304808616638,"2017_1436_1448"
0.243340834975243,"2017_1436_1452"
0.214327201247215,"2017_1436_1455"
0.564577579498291,"2017_1436_1457"
0.248015075922012,"2017_1436_1458"
0.407956153154373,"2017_1436_1462"
0.788252174854279,"2017_1437_1438"
0.899620473384857,"2017_1437_1439"
0.862354278564453,"2017_1437_1448"
0.750793397426605,"2017_1437_1452"
0.780275702476501,"2017_1437_1455"
0.890761733055115,"2017_1437_1457"
0.713764846324921,"2017_1437_1458"
0.883366405963898,"2017_1437_1462"
0.744930982589722,"2017_1438_1439"
0.855319797992706,"2017_1438_1448"
0.275360405445099,"2017_1438_1452"
0.778076112270355,"2017_1438_1455"
0.70832747220993,"2017_1438_1457"
0.607027173042297,"2017_1438_1458"
0.500582873821259,"2017_1438_1462"
0.680333018302917,"2017_1439_1448"
0.218318611383438,"2017_1439_1452"
0.381558358669281,"2017_1439_1455"
0.686491906642914,"2017_1439_1457"
0.453592211008072,"2017_1439_1458"
0.247297033667564,"2017_1439_1462"
0.30769670009613,"2017_1448_1452"
0.24963566660881,"2017_1448_1455"
0.740493476390839,"2017_1448_1457"
0.445763111114502,"2017_1448_1458"
0.313771635293961,"2017_1448_1462"
0.591190278530121,"2017_1452_1455"
0.747380554676056,"2017_1452_1457"
0.60004848241806,"2017_1452_1458"
0.589144468307495,"2017_1452_1462"
0.757213354110718,"2017_1455_1457"
0.571198225021362,"2017_1455_1458"
0.73661994934082,"2017_1455_1462"
0.149781584739685,"2017_1457_1458"
0.399544507265091,"2017_1457_1462"
0.318175077438354,"2017_1458_1462"
