Id,pred
2017_1112_1116,0.799827829
2017_1112_1124,0.506614059
2017_1112_1137,0.911637868
2017_1112_1139,0.605321699
2017_1112_1153,0.620668439
2017_1112_1166,0.680196773
2017_1112_1173,0.763368839
2017_1112_1181,0.406490361
2017_1112_1190,0.892690198
2017_1112_1195,0.933103797
2017_1112_1196,0.493946574
2017_1112_1199,0.538202327
2017_1112_1211,0.327445268
2017_1112_1233,0.95339676
2017_1112_1235,0.633812498
2017_1112_1240,0.975058748
2017_1112_1242,0.36284281
2017_1112_1243,0.695356574
2017_1112_1245,0.953442836
2017_1112_1246,0.370531145
2017_1112_1257,0.44312783
2017_1112_1266,0.737191305
2017_1112_1268,0.802230506
2017_1112_1274,0.670080475
2017_1112_1276,0.662449557
2017_1112_1277,0.777259348
2017_1112_1278,0.778358648
2017_1112_1291,0.982186384
2017_1112_1292,0.834714158
2017_1112_1297,0.972705277
2017_1112_1300,0.988882936
2017_1112_1305,0.870317449
2017_1112_1308,0.901348774
2017_1112_1309,0.972995839
2017_1112_1314,0.297054476
2017_1112_1315,0.970795417
2017_1112_1321,0.804520409
2017_1112_1323,0.638569615
2017_1112_1329,0.65117799
2017_1112_1332,0.46317608
2017_1112_1343,0.865761971
2017_1112_1344,0.848579288
2017_1112_1345,0.536823878
2017_1112_1348,0.766307274
2017_1112_1355,0.970992796
2017_1112_1371,0.790837099
2017_1112_1374,0.633341647
2017_1112_1376,0.733131048
2017_1112_1388,0.582640265
2017_1112_1407,0.963537956
2017_1112_1411,0.975530119
2017_1112_1413,0.972147827
2017_1112_1417,0.41923524
2017_1112_1423,0.836241103
2017_1112_1425,0.763956324
2017_1112_1433,0.766215481
2017_1112_1435,0.789104733
2017_1112_1436,0.888545519
2017_1112_1437,0.343092137
2017_1112_1438,0.460925996
2017_1112_1439,0.803069784
2017_1112_1448,0.768007464
2017_1112_1452,0.433619422
2017_1112_1455,0.568165492
2017_1112_1457,0.959741517
2017_1112_1458,0.542929791
2017_1112_1462,0.743197328
2017_1116_1124,0.213447277
2017_1116_1137,0.731662073
2017_1116_1139,0.288426458
2017_1116_1153,0.301884239
2017_1116_1166,0.359841662
2017_1116_1173,0.460212053
2017_1116_1181,0.153264793
2017_1116_1190,0.687357016
2017_1116_1195,0.786615951
2017_1116_1196,0.205063497
2017_1116_1199,0.235480401
2017_1116_1211,0.114002853
2017_1116_1233,0.843912675
2017_1116_1235,0.313863154
2017_1116_1240,0.911754406
2017_1116_1242,0.130814718
2017_1116_1243,0.376261951
2017_1116_1245,0.844049291
2017_1116_1246,0.134625379
2017_1116_1257,0.173760738
2017_1116_1266,0.425726995
2017_1116_1268,0.51738452
2017_1116_1274,0.34928612
2017_1116_1276,0.341526675
2017_1116_1277,0.479770623
2017_1116_1278,0.48135844
2017_1116_1291,0.935781476
2017_1116_1292,0.571674245
2017_1116_1297,0.904015525
2017_1116_1300,0.959198026
2017_1116_1305,0.639464528
2017_1116_1308,0.707148273
2017_1116_1309,0.904965871
2017_1116_1314,0.050462923
2017_1116_1315,0.897804293
2017_1116_1321,0.521003302
2017_1116_1323,0.318306274
2017_1116_1329,0.330371245
2017_1116_1332,0.185685762
2017_1116_1343,0.630244944
2017_1116_1344,0.596950235
2017_1116_1345,0.2344836
2017_1116_1348,0.464273098
2017_1116_1355,0.898443374
2017_1116_1371,0.499812736
2017_1116_1374,0.313426549
2017_1116_1376,0.420636528
2017_1116_1388,0.269510748
2017_1116_1407,0.874748463
2017_1116_1411,0.913315819
2017_1116_1413,0.902196257
2017_1116_1417,0.160213382
2017_1116_1423,0.574392179
2017_1116_1425,0.461020776
2017_1116_1433,0.464145628
2017_1116_1435,0.497202461
2017_1116_1436,0.678141058
2017_1116_1437,0.121289801
2017_1116_1438,0.184320858
2017_1116_1439,0.518707389
2017_1116_1448,0.466641272
2017_1116_1452,0.168285584
2017_1116_1455,0.25800618
2017_1116_1457,0.863021493
2017_1116_1458,0.238924552
2017_1116_1462,0.43337997
2017_1124_1137,0.916930421
2017_1124_1139,0.621340711
2017_1124_1153,0.636438676
2017_1124_1166,0.694709491
2017_1124_1173,0.775353741
2017_1124_1181,0.422885426
2017_1124_1190,0.898991899
2017_1124_1195,0.937199194
2017_1124_1196,0.51083301
2017_1124_1199,0.554942598
2017_1124_1211,0.342491947
2017_1124_1233,0.95630799
2017_1124_1235,0.64934501
2017_1124_1240,0.97664993
2017_1124_1242,0.37860042
2017_1124_1243,0.709475176
2017_1124_1245,0.95635132
2017_1124_1246,0.386420149
2017_1124_1257,0.459855665
2017_1124_1266,0.750067959
2017_1124_1268,0.812729998
2017_1124_1274,0.684839564
2017_1124_1276,0.677385661
2017_1124_1277,0.788735426
2017_1124_1278,0.789793406
2017_1124_1291,0.983330616
2017_1124_1292,0.843824835
2017_1124_1297,0.974442668
2017_1124_1300,0.989601579
2017_1124_1305,0.877753058
2017_1124_1308,0.907194867
2017_1124_1309,0.974715216
2017_1124_1314,0.311351143
2017_1124_1315,0.972650959
2017_1124_1321,0.814926377
2017_1124_1323,0.654010495
2017_1124_1329,0.666361653
2017_1124_1332,0.480008375
2017_1124_1343,0.873420789
2017_1124_1344,0.857056586
2017_1124_1345,0.553572669
2017_1124_1348,0.778186594
2017_1124_1355,0.972836147
2017_1124_1371,0.801792015
2017_1124_1374,0.648883067
2017_1124_1376,0.746138132
2017_1124_1388,0.598969967
2017_1124_1407,0.965838381
2017_1124_1411,0.977091935
2017_1124_1413,0.973919751
2017_1124_1417,0.435766928
2017_1124_1423,0.845283214
2017_1124_1425,0.775920205
2017_1124_1433,0.778098117
2017_1124_1435,0.80012745
2017_1124_1436,0.895062003
2017_1124_1437,0.358474587
2017_1124_1438,0.477749293
2017_1124_1439,0.813535075
2017_1124_1448,0.77982519
2017_1124_1452,0.450278551
2017_1124_1455,0.584657813
2017_1124_1457,0.962272084
2017_1124_1458,0.559638908
2017_1124_1462,0.755877158
2017_1137_1139,0.135115469
2017_1137_1153,0.142855983
2017_1137_1166,0.178069916
2017_1137_1173,0.247327537
2017_1137_1181,0.065213689
2017_1137_1190,0.458685484
2017_1137_1195,0.586913132
2017_1137_1196,0.090432113
2017_1137_1199,0.10611558
2017_1137_1211,0.04724919
2017_1137_1233,0.675727518
2017_1137_1235,0.149879349
2017_1137_1240,0.799283022
2017_1137_1242,0.05482613
2017_1137_1243,0.188639828
2017_1137_1245,0.675954816
2017_1137_1246,0.056567287
2017_1137_1257,0.074977309
2017_1137_1266,0.222227186
2017_1137_1268,0.292378218
2017_1137_1274,0.171418644
2017_1137_1276,0.166598907
2017_1137_1277,0.262234025
2017_1137_1278,0.263466508
2017_1137_1291,0.848856784
2017_1137_1292,0.339675121
2017_1137_1297,0.784017243
2017_1137_1300,0.900602717
2017_1137_1305,0.406033601
2017_1137_1308,0.4820443
2017_1137_1309,0.785874281
2017_1137_1314,0.041268199
2017_1137_1315,0.771999276
2017_1137_1321,0.295386458
2017_1137_1323,0.152517084
2017_1137_1329,0.159770845
2017_1137_1332,0.080785785
2017_1137_1343,0.396478496
2017_1137_1344,0.363396168
2017_1137_1345,0.105590755
2017_1137_1348,0.250381398
2017_1137_1355,0.773226361
2017_1137_1371,0.278045632
2017_1137_1374,0.149621114
2017_1137_1376,0.218643568
2017_1137_1388,0.124495155
2017_1137_1407,0.729124408
2017_1137_1411,0.802403209
2017_1137_1413,0.780475857
2017_1137_1417,0.068493207
2017_1137_1423,0.342171194
2017_1137_1425,0.247933991
2017_1137_1433,0.250285217
2017_1137_1435,0.275954566
2017_1137_1436,0.448140744
2017_1137_1437,0.050512571
2017_1137_1438,0.080116097
2017_1137_1439,0.293475622
2017_1137_1448,0.252172104
2017_1137_1452,0.072342264
2017_1137_1455,0.118179381
2017_1137_1457,0.70830952
2017_1137_1458,0.107934759
2017_1137_1462,0.227672288
2017_1139_1153,0.536344388
2017_1139_1166,0.600590055
2017_1139_1173,0.695187914
2017_1139_1181,0.326239001
2017_1139_1190,0.854677356
2017_1139_1195,0.907930346
2017_1139_1196,0.408307417
2017_1139_1199,0.451739647
2017_1139_1211,0.256066488
2017_1139_1233,0.935330431
2017_1139_1235,0.550293272
2017_1139_1240,0.965082404
2017_1139_1242,0.287041043
2017_1139_1243,0.617400887
2017_1139_1245,0.935393159
2017_1139_1246,0.293863988
2017_1139_1257,0.360031047
2017_1139_1266,0.664779994
2017_1139_1268,0.741454449
2017_1139_1274,0.58947539
2017_1139_1276,0.581145485
2017_1139_1277,0.711568489
2017_1139_1278,0.712872231
2017_1139_1291,0.974987916
2017_1139_1292,0.781197932
2017_1139_1297,0.961824417
2017_1139_1300,0.984347415
2017_1139_1305,0.825924826
2017_1139_1308,0.865942495
2017_1139_1309,0.962226311
2017_1139_1314,0.230034605
2017_1139_1315,0.959185151
2017_1139_1321,0.744223693
2017_1139_1323,0.555374248
2017_1139_1329,0.56892567
2017_1139_1332,0.378877634
2017_1139_1343,0.820132211
2017_1139_1344,0.798468437
2017_1139_1345,0.450366679
2017_1139_1348,0.698638763
2017_1139_1355,0.95945772
2017_1139_1371,0.727747987
2017_1139_1374,0.549791311
2017_1139_1376,0.660116805
2017_1139_1388,0.496717414
2017_1139_1407,0.949193486
2017_1139_1411,0.965735695
2017_1139_1413,0.961053641
2017_1139_1417,0.337900236
2017_1139_1423,0.783090797
2017_1139_1425,0.695877234
2017_1139_1433,0.698530848
2017_1139_1435,0.725674347
2017_1139_1436,0.849312322
2017_1139_1437,0.269670157
2017_1139_1438,0.376749663
2017_1139_1439,0.742468847
2017_1139_1448,0.700638941
2017_1139_1452,0.35118124
2017_1139_1455,0.481912481
2017_1139_1457,0.943990315
2017_1139_1458,0.45645833
2017_1139_1462,0.671703895
2017_1153_1166,0.58889537
2017_1153_1173,0.684809442
2017_1153_1181,0.315664424
2017_1153_1190,0.848546229
2017_1153_1195,0.903793046
2017_1153_1196,0.396638711
2017_1153_1199,0.43975221
2017_1153_1211,0.246932836
2017_1153_1233,0.932332633
2017_1153_1235,0.538258123
2017_1153_1240,0.963409824
2017_1153_1242,0.277214255
2017_1153_1243,0.605875413
2017_1153_1245,0.932398058
2017_1153_1246,0.283896629
2017_1153_1257,0.348928395
2017_1153_1266,0.653881648
2017_1153_1268,0.732044099
2017_1153_1274,0.577684106
2017_1153_1276,0.569289761
2017_1153_1277,0.70150828
2017_1153_1278,0.702838505
2017_1153_1291,0.973776925
2017_1153_1292,0.772790858
2017_1153_1297,0.960002245
2017_1153_1300,0.983581945
2017_1153_1305,0.818837764
2017_1153_1308,0.860208906
2017_1153_1309,0.960422532
2017_1153_1314,0.221552957
2017_1153_1315,0.957242603
2017_1153_1321,0.734878095
2017_1153_1323,0.543362242
2017_1153_1329,0.556987733
2017_1153_1332,0.367527563
2017_1153_1343,0.812862751
2017_1153_1344,0.790547031
2017_1153_1345,0.438386543
2017_1153_1348,0.688325111
2017_1153_1355,0.95752757
2017_1153_1371,0.718028479
2017_1153_1374,0.537754013
2017_1153_1376,0.649146868
2017_1153_1388,0.484591372
2017_1153_1407,0.946801768
2017_1153_1411,0.964093244
2017_1153_1413,0.95919624
2017_1153_1417,0.327131198
2017_1153_1423,0.77473548
2017_1153_1425,0.685511615
2017_1153_1433,0.68821515
2017_1153_1435,0.715909709
2017_1153_1436,0.842996426
2017_1153_1437,0.260221004
2017_1153_1438,0.365425835
2017_1153_1439,0.733082126
2017_1153_1448,0.690363403
2017_1153_1452,0.340206421
2017_1153_1455,0.469810477
2017_1153_1457,0.941368788
2017_1153_1458,0.444447183
2017_1153_1462,0.660915835
2017_1166_1173,0.62026396
2017_1166_1181,0.257488526
2017_1166_1190,0.808136946
2017_1166_1195,0.875969558
2017_1166_1196,0.330752229
2017_1166_1199,0.37110898
2017_1166_1211,0.197763355
2017_1166_1233,0.911958898
2017_1166_1235,0.467057227
2017_1166_1240,0.951910385
2017_1166_1242,0.223807091
2017_1166_1243,0.536115208
2017_1166_1245,0.912042164
2017_1166_1246,0.229611038
2017_1166_1257,0.287194817
2017_1166_1266,0.586823962
2017_1166_1268,0.67254621
2017_1166_1274,0.506994327
2017_1166_1276,0.498414888
2017_1166_1277,0.638577648
2017_1166_1278,0.640044418
2017_1166_1291,0.965418674
2017_1166_1292,0.718865904
2017_1166_1297,0.947490252
2017_1166_1300,0.978279201
2017_1166_1305,0.772625946
2017_1166_1308,0.82225954
2017_1166_1309,0.948034897
2017_1166_1314,0.176254336
2017_1166_1315,0.943917778
2017_1166_1321,0.675730733
2017_1166_1323,0.472176604
2017_1166_1329,0.485916551
2017_1166_1332,0.304040028
2017_1166_1343,0.765563163
2017_1166_1344,0.739415239
2017_1166_1345,0.369815772
2017_1166_1348,0.624104394
2017_1166_1355,0.944286383
2017_1166_1371,0.656877202
2017_1166_1374,0.466552422
2017_1166_1376,0.581758604
2017_1166_1388,0.414122599
2017_1166_1407,0.930459557
2017_1166_1411,0.952798064
2017_1166_1413,0.94644618
2017_1166_1417,0.267668596
2017_1166_1423,0.721105493
2017_1166_1425,0.621030352
2017_1166_1433,0.623984153
2017_1166_1435,0.654520021
2017_1166_1436,0.801452874
2017_1166_1437,0.2091404
2017_1166_1438,0.302127927
2017_1166_1439,0.673711992
2017_1166_1448,0.62633468
2017_1166_1452,0.27935386
2017_1166_1455,0.39982373
2017_1166_1457,0.923492459
2017_1166_1458,0.375562365
2017_1166_1462,0.594375566
2017_1173_1181,0.185934648
2017_1173_1190,0.735044167
2017_1173_1195,0.823060534
2017_1173_1196,0.245572487
2017_1173_1199,0.279882515
2017_1173_1211,0.139684278
2017_1173_1233,0.872161729
2017_1173_1235,0.365970098
2017_1173_1240,0.928761755
2017_1173_1242,0.159601134
2017_1173_1243,0.432202803
2017_1173_1245,0.872277363
2017_1173_1246,0.16409204
2017_1173_1257,0.209717418
2017_1173_1266,0.483323416
2017_1173_1268,0.574965978
2017_1173_1274,0.403812852
2017_1173_1276,0.395578465
2017_1173_1277,0.537831017
2017_1173_1278,0.539411748
2017_1173_1291,0.948420116
2017_1173_1292,0.627442546
2017_1173_1297,0.922387406
2017_1173_1300,0.967388734
2017_1173_1305,0.691174585
2017_1173_1308,0.75290189
2017_1173_1309,0.92317131
2017_1173_1314,0.123519436
2017_1173_1315,0.917256218
2017_1173_1321,0.578504739
2017_1173_1323,0.370752275
2017_1173_1329,0.383686269
2017_1173_1332,0.223442772
2017_1173_1343,0.68262103
2017_1173_1344,0.65143417
2017_1173_1345,0.278766292
2017_1173_1348,0.522341105
2017_1173_1355,0.917784795
2017_1173_1371,0.557698439
2017_1173_1374,0.36549962
2017_1173_1376,0.478117636
2017_1173_1388,0.317663407
2017_1173_1407,0.898090703
2017_1173_1411,0.930045329
2017_1173_1413,0.92088588
2017_1173_1417,0.194024995
2017_1173_1423,0.630035618
2017_1173_1425,0.519076139
2017_1173_1433,0.522213232
2017_1173_1435,0.555121366
2017_1173_1436,0.726674939
2017_1173_1437,0.148337923
2017_1173_1438,0.221875951
2017_1173_1439,0.576260279
2017_1173_1448,0.524715366
2017_1173_1452,0.203388177
2017_1173_1455,0.304961469
2017_1173_1457,0.888270059
2017_1173_1458,0.283735073
2017_1173_1462,0.491126298
2017_1181_1190,0.931031589
2017_1181_1195,0.957689943
2017_1181_1196,0.612992859
2017_1181_1199,0.654127649
2017_1181_1211,0.441361688
2017_1181_1233,0.970758424
2017_1181_1235,0.737445342
2017_1181_1240,0.984481765
2017_1181_1242,0.480279822
2017_1181_1243,0.787414043
2017_1181_1245,0.970787861
2017_1181_1246,0.488548542
2017_1181_1257,0.563566075
2017_1181_1266,0.819881683
2017_1181_1268,0.868117859
2017_1181_1274,0.767218981
2017_1181_1276,0.761033587
2017_1181_1277,0.849909446
2017_1181_1278,0.850719057
2017_1181_1291,0.988947045
2017_1181_1292,0.891246581
2017_1181_1297,0.983001955
2017_1181_1300,0.993119911
2017_1181_1305,0.915899452
2017_1181_1308,0.936815459
2017_1181_1309,0.9831848
2017_1181_1314,0.406793031
2017_1181_1315,0.981799091
2017_1181_1321,0.869768719
2017_1181_1323,0.741405455
2017_1181_1329,0.751820673
2017_1181_1332,0.583355192
2017_1181_1343,0.912784717
2017_1181_1344,0.900932279
2017_1181_1345,0.652872049
2017_1181_1348,0.841802496
2017_1181_1355,0.981923486
2017_1181_1371,0.859857107
2017_1181_1374,0.737052462
2017_1181_1376,0.816781439
2017_1181_1388,0.693757767
2017_1181_1407,1
2017_1181_1411,0.984777828
2017_1181_1413,0.982651047
2017_1181_1417,0.539470562
2017_1181_1423,0.89231864
2017_1181_1425,0.840052505
2017_1181_1433,0.841734233
2017_1181_1435,0.858594176
2017_1181_1436,0.928248762
2017_1181_1437,0.458739118
2017_1181_1438,0.581153319
2017_1181_1439,0.868723284
2017_1181_1448,0.843065917
2017_1181_1452,0.554044545
2017_1181_1455,0.681026965
2017_1181_1457,0.974801964
2017_1181_1458,0.658421557
2017_1181_1462,0.824447981
2017_1190_1195,0.639850992
2017_1190_1196,0.110575936
2017_1190_1199,0.129256453
2017_1190_1211,0.058391495
2017_1190_1233,0.722661935
2017_1190_1235,0.180635316
2017_1190_1240,0.832760311
2017_1190_1242,0.0676284
2017_1190_1243,0.225242237
2017_1190_1245,0.722869827
2017_1190_1246,0.069746127
2017_1190_1257,0.092026869
2017_1190_1266,0.263232307
2017_1190_1268,0.340658083
2017_1190_1274,0.205526002
2017_1190_1276,0.199978729
2017_1190_1277,0.307700707
2017_1190_1278,0.309057364
2017_1190_1291,0.87535515
2017_1190_1292,0.391444644
2017_1190_1297,0.819465587
2017_1190_1300,0.918895801
2017_1190_1305,0.460858183
2017_1190_1308,0.537838729
2017_1190_1309,0.821087389
2017_1190_1314,0.051075679
2017_1190_1315,0.808939401
2017_1190_1321,0.343921637
2017_1190_1323,0.183697365
2017_1190_1329,0.192097933
2017_1190_1332,0.099014789
2017_1190_1343,0.45099252
2017_1190_1344,0.416500637
2017_1190_1345,0.128633648
2017_1190_1348,0.294613688
2017_1190_1355,0.810016603
2017_1190_1371,0.325045932
2017_1190_1374,0.18033533
2017_1190_1376,0.259207816
2017_1190_1388,0.150967186
2017_1190_1407,0.770950015
2017_1190_1411,0.835467213
2017_1190_1413,0.816369299
2017_1190_1417,0.084202524
2017_1190_1423,0.394094097
2017_1190_1425,0.291902284
2017_1190_1433,0.294507192
2017_1190_1435,0.32275942
2017_1190_1436,0.503828139
2017_1190_1437,0.062374066
2017_1190_1438,0.098210134
2017_1190_1439,0.341849155
2017_1190_1448,0.296595573
2017_1190_1452,0.088850179
2017_1190_1455,0.143528618
2017_1190_1457,0.752257072
2017_1190_1458,0.131414023
2017_1190_1462,0.269334208
2017_1195_1196,0.068256465
2017_1195_1199,0.080434147
2017_1195_1211,0.035252392
2017_1195_1233,0.605584816
2017_1195_1235,0.11496872
2017_1195_1240,0.745812873
2017_1195_1242,0.040988275
2017_1195_1243,0.146254137
2017_1195_1245,0.605832601
2017_1195_1246,0.042309645
2017_1195_1257,0.056356652
2017_1195_1266,0.173912342
2017_1195_1268,0.233388311
2017_1195_1274,0.132271585
2017_1195_1276,0.128381994
2017_1195_1277,0.207542196
2017_1195_1278,0.208590307
2017_1195_1291,0.805377197
2017_1195_1292,0.274849096
2017_1195_1297,0.727864973
2017_1195_1300,0.869724402
2017_1195_1305,0.334967571
2017_1195_1308,0.406785762
2017_1195_1309,0.730038569
2017_1195_1314,0.030741005
2017_1195_1315,0.713862838
2017_1195_1321,0.235992026
2017_1195_1323,0.117076674
2017_1195_1329,0.122889291
2017_1195_1332,0.060817432
2017_1195_1343,0.326166488
2017_1195_1344,0.296072883
2017_1195_1345,0.080024966
2017_1195_1348,0.197499813
2017_1195_1355,0.715287418
2017_1195_1371,0.221044145
2017_1195_1374,0.114762514
2017_1195_1376,0.170936612
2017_1195_1388,0.094837539
2017_1195_1407,0.664802363
2017_1195_1411,0.749503763
2017_1195_1413,0.72372732
2017_1195_1417,0.051393413
2017_1195_1423,0.277068682
2017_1195_1425,0.195434546
2017_1195_1433,0.197418597
2017_1195_1435,0.219251576
2017_1195_1436,0.374349759
2017_1195_1437,0.037719989
2017_1195_1438,0.060302417
2017_1195_1439,0.234337627
2017_1195_1448,0.199012722
2017_1195_1452,0.054337581
2017_1195_1455,0.089871882
2017_1195_1457,0.641475199
2017_1195_1458,0.081853375
2017_1195_1462,0.178445221
2017_1196_1199,0.567919244
2017_1196_1211,0.354457281
2017_1196_1233,0.958457973
2017_1196_1235,0.661249344
2017_1196_1240,0.977822146
2017_1196_1242,0.391076926
2017_1196_1243,0.720217713
2017_1196_1245,0.958499263
2017_1196_1246,0.398988889
2017_1196_1257,0.47297177
2017_1196_1266,0.759817657
2017_1196_1268,0.820619872
2017_1196_1274,0.696102845
2017_1196_1276,0.688794279
2017_1196_1277,0.797384192
2017_1196_1278,0.79840993
2017_1196_1291,0.984172885
2017_1196_1292,0.8506454
2017_1196_1297,0.975722939
2017_1196_1300,0.99013017
2017_1196_1305,0.883296819
2017_1196_1308,0.911538035
2017_1196_1309,0.97598217
2017_1196_1314,0.322762594
2017_1196_1315,0.974018591
2017_1196_1321,0.822743897
2017_1196_1323,0.66583795
2017_1196_1329,0.677974784
2017_1196_1332,0.493174464
2017_1196_1343,0.879133961
2017_1196_1344,0.863392838
2017_1196_1345,0.56655806
2017_1196_1348,0.78715067
2017_1196_1355,0.974194764
2017_1196_1371,0.810035005
2017_1196_1374,0.660794891
2017_1196_1376,0.755991259
2017_1196_1388,0.611561449
2017_1196_1407,0.967535316
2017_1196_1411,0.978242456
2017_1196_1413,0.975225551
2017_1196_1417,0.448766801
2017_1196_1423,0.852051255
2017_1196_1425,0.784950561
2017_1196_1433,0.787064789
2017_1196_1435,0.808423125
2017_1196_1436,0.899910329
2017_1196_1437,0.370683499
2017_1196_1438,0.490911917
2017_1196_1439,0.821398484
2017_1196_1448,0.788741023
2017_1196_1452,0.463355822
2017_1196_1455,0.597396616
2017_1196_1457,0.964139593
2017_1196_1458,0.572584086
2017_1196_1462,0.765471099
2017_1199_1211,0.314353281
2017_1199_1233,0.950653302
2017_1199_1235,0.619758942
2017_1199_1240,0.973555126
2017_1199_1242,0.349070107
2017_1199_1243,0.682481707
2017_1199_1245,0.950701951
2017_1199_1246,0.356629954
2017_1199_1257,0.42835646
2017_1199_1266,0.725386225
2017_1199_1268,0.792524691
2017_1199_1274,0.656664826
2017_1199_1276,0.648886201
2017_1199_1277,0.766684453
2017_1199_1278,0.767820353
2017_1199_1291,0.981104135
2017_1199_1292,0.826257265
2017_1199_1297,0.971063983
2017_1199_1300,0.988202643
2017_1199_1305,0.863384061
2017_1199_1308,0.895875965
2017_1199_1309,0.971371502
2017_1199_1314,0.284663285
2017_1199_1315,0.969042934
2017_1199_1321,0.794898242
2017_1199_1323,0.624590491
2017_1199_1329,0.637409623
2017_1199_1332,0.448274384
2017_1199_1343,0.858624591
2017_1199_1344,0.840696417
2017_1199_1345,0.521856116
2017_1199_1348,0.755376061
2017_1199_1355,0.969251781
2017_1199_1371,0.780724968
2017_1199_1374,0.619280874
2017_1199_1376,0.721212557
2017_1199_1388,0.567961504
2017_1199_1407,0.961367303
2017_1199_1411,0.974054157
2017_1199_1413,0.97047403
2017_1199_1417,0.404681535
2017_1199_1423,0.827846223
2017_1199_1425,0.752950596
2017_1199_1433,0.755281346
2017_1199_1435,0.778932262
2017_1199_1436,0.88245506
2017_1199_1437,0.329681216
2017_1199_1438,0.446036543
2017_1199_1439,0.793394549
2017_1199_1448,0.757130574
2017_1199_1452,0.418926567
2017_1199_1455,0.553367894
2017_1199_1457,0.957354858
2017_1199_1458,0.527985851
2017_1199_1462,0.731563794
2017_1211_1233,0.979830842
2017_1211_1235,0.804312982
2017_1211_1240,0.989343155
2017_1211_1242,0.574886783
2017_1211_1243,0.844243497
2017_1211_1245,0.979851336
2017_1211_1246,0.582957318
2017_1211_1257,0.653936245
2017_1211_1266,0.869470521
2017_1211_1268,0.905950044
2017_1211_1274,0.828269661
2017_1211_1276,0.823332941
2017_1211_1277,0.892317051
2017_1211_1278,0.892926727
2017_1211_1291,0.992420369
2017_1211_1292,0.923032221
2017_1211_1297,0.988321425
2017_1211_1300,0.995288184
2017_1211_1305,0.940957072
2017_1211_1308,0.955940972
2017_1211_1309,0.988447722
2017_1211_1314,0.500875104
2017_1211_1315,0.987490202
2017_1211_1321,0.907177969
2017_1211_1323,0.807527764
2017_1211_1329,0.815940971
2017_1211_1332,0.672012493
2017_1211_1343,0.938708264
2017_1211_1344,0.93010905
2017_1211_1345,0.733494842
2017_1211_1348,0.886193974
2017_1211_1355,1
2017_1211_1371,0.899785444
2017_1211_1374,0.803993566
2017_1211_1376,0.867085442
2017_1211_1388,0.768255289
2017_1211_1407,0.984314432
2017_1211_1411,0.989547455
2017_1211_1413,0.988079001
2017_1211_1417,0.631568286
2017_1211_1423,0.923817731
2017_1211_1425,0.884867883
2017_1211_1433,0.886142275
2017_1211_1435,0.898840005
2017_1211_1436,0.94982848
2017_1211_1437,0.55362287
2017_1211_1438,0.670014119
2017_1211_1439,0.90640052
2017_1211_1448,0.887150396
2017_1211_1452,0.645144868
2017_1211_1455,0.757539079
2017_1211_1457,0.982642276
2017_1211_1458,0.738272146
2017_1211_1462,0.872974433
2017_1233_1235,0.079661038
2017_1233_1240,0.661593945
2017_1233_1242,0.027689665
2017_1233_1243,0.102450701
2017_1233_1245,0.505957089
2017_1233_1246,0.028595101
2017_1233_1257,0.03827077
2017_1233_1266,0.123018835
2017_1233_1268,0.168642993
2017_1233_1274,0.092203676
2017_1233_1276,0.089370974
2017_1233_1277,0.148577329
2017_1233_1278,0.149383794
2017_1233_1291,0.733850834
2017_1233_1292,0.201627055
2017_1233_1297,0.640565324
2017_1233_1300,0.816457057
2017_1233_1305,0.251279361
2017_1233_1308,0.313616096
2017_1233_1309,0.643094291
2017_1233_1314,0.020695366
2017_1233_1315,0.624389347
2017_1233_1321,0.170685221
2017_1233_1323,0.081181005
2017_1233_1329,0.08538382
2017_1233_1332,0.041362753
2017_1233_1343,0.243870805
2017_1233_1344,0.2189035
2017_1233_1345,0.05478446
2017_1233_1348,0.140880866
2017_1233_1355,0.626026022
2017_1233_1371,0.159012968
2017_1233_1374,0.07951247
2017_1233_1376,0.120786593
2017_1233_1388,0.065256429
2017_1233_1407,0.569244878
2017_1233_1411,0.665960008
2017_1233_1413,0.635764553
2017_1233_1417,0.034841515
2017_1233_1423,0.203421203
2017_1233_1425,0.139304891
2017_1233_1433,0.140818847
2017_1233_1435,0.157621653
2017_1233_1436,0.285039509
2017_1233_1437,0.025453627
2017_1233_1438,0.041005291
2017_1233_1439,0.169387144
2017_1233_1448,0.142036822
2017_1233_1452,0.036874335
2017_1233_1455,0.061733992
2017_1233_1457,0.543830743
2017_1233_1458,0.056071323
2017_1233_1462,0.126428231
2017_1235_1240,0.960428345
2017_1235_1242,0.261197279
2017_1235_1243,0.586271857
2017_1235_1245,0.927080906
2017_1235_1246,0.267636523
2017_1235_1257,0.330663495
2017_1235_1266,0.635228302
2017_1235_1268,0.715772119
2017_1235_1274,0.557701971
2017_1235_1276,0.549220374
2017_1235_1277,0.684181966
2017_1235_1278,0.685554793
2017_1235_1291,0.9716153
2017_1235_1292,0.758175883
2017_1235_1297,0.956755569
2017_1235_1300,0.982213806
2017_1235_1305,0.806442849
2017_1235_1308,0.850126473
2017_1235_1309,0.957208451
2017_1235_1314,0.207827276
2017_1235_1315,0.953782707
2017_1235_1321,0.718712085
2017_1235_1323,0.523096795
2017_1235_1329,0.536811511
2017_1235_1332,0.348810674
2017_1235_1343,0.800158803
2017_1235_1344,0.776744242
2017_1235_1345,0.418448532
2017_1235_1348,0.670592893
2017_1235_1355,0.954089628
2017_1235_1371,0.701252723
2017_1235_1374,0.517460706
2017_1235_1376,0.63038259
2017_1235_1388,0.464289197
2017_1235_1407,0.942547715
2017_1235_1411,0.961165207
2017_1235_1413,0.955887146
2017_1235_1417,0.309464957
2017_1235_1423,0.760206778
2017_1235_1425,0.667696605
2017_1235_1433,0.670479671
2017_1235_1435,0.69906073
2017_1235_1436,0.831915123
2017_1235_1437,0.244853258
2017_1235_1438,0.346757298
2017_1235_1439,0.7168488
2017_1235_1448,0.672692007
2017_1235_1452,0.322172158
2017_1235_1455,0.449587385
2017_1235_1457,0.936709323
2017_1235_1458,0.424441847
2017_1235_1462,0.64243428
2017_1240_1242,0.014442552
2017_1240_1243,0.055477648
2017_1240_1245,0.345114687
2017_1240_1246,0.014921462
2017_1240_1257,0
2017_1240_1266,0.067322758
2017_1240_1268,0.094517057
2017_1240_1274,0.049668834
2017_1240_1276,0.048073695
2017_1240_1277,0.082396989
2017_1240_1278,0.082879201
2017_1240_1291,0.586577818
2017_1240_1292,0.115008813
2017_1240_1297,0.478364975
2017_1240_1300,0.695955751
2017_1240_1305,0.147265214
2017_1240_1308,0.190358826
2017_1240_1309,0.481110721
2017_1240_1314,0.010757399
2017_1240_1315,0.46103124
2017_1240_1321,0.095765038
2017_1240_1323,0.043487485
2017_1240_1329,0.045836221
2017_1240_1332,0.021720375
2017_1240_1343,0.142340331
2017_1240_1344,0.126035017
2017_1240_1345,0.028960924
2017_1240_1348,0.077815418
2017_1240_1355,0.462767274
2017_1240_1371,0.088668397
2017_1240_1374,0.042557791
2017_1240_1376,0.066025064
2017_1240_1388,0.034677858
2017_1240_1407,0.404766868
2017_1240_1411,0.506388672
2017_1240_1413,0.473179514
2017_1240_1417,0.018237034
2017_1240_1423,0.116144328
2017_1240_1425,0.076881796
2017_1240_1433,0.077778649
2017_1240_1435,0.087828296
2017_1240_1436,0.170227992
2017_1240_1437,0.013261674
2017_1240_1438,0.021528853
2017_1240_1439,0.094971487
2017_1240_1448,0.078501192
2017_1240_1452,0.019320463
2017_1240_1455,0.032748176
2017_1240_1457,0.380214314
2017_1240_1458,0.029660238
2017_1240_1462,0.069310564
2017_1242_1243,0.817344926
2017_1242_1245,0.975697597
2017_1242_1246,0.5357489
2017_1242_1257,0.609378721
2017_1242_1266,0.84613456
2017_1242_1268,0.888298003
2017_1242_1274,0.799268372
2017_1242_1276,0.7937056
2017_1242_1277,0.872466464
2017_1242_1278,0.873172557
2017_1242_1291,0.990833553
2017_1242_1292,0.90826164
2017_1242_1297,0.985888687
2017_1242_1300,1
2017_1242_1305,0.929363134
2017_1242_1308,0.947124001
2017_1242_1309,0.986040921
2017_1242_1314,0.453092107
2017_1242_1315,0.984886961
2017_1242_1321,0.889728342
2017_1242_1323,0.775971086
2017_1242_1329,0.7853971
2017_1242_1332,0.62846004
2017_1242_1343,0.926707136
2017_1242_1344,0.916573807
2017_1242_1345,0.694393733
2017_1242_1348,0.865384925
2017_1242_1355,0.984990575
2017_1242_1371,0.881128198
2017_1242_1374,0.772021028
2017_1242_1376,0.843399878
2017_1242_1388,0.732393499
2017_1242_1407,0.981062999
2017_1242_1411,0.987366844
2017_1242_1413,1
2017_1242_1417,0.585954263
2017_1242_1423,0.909183062
2017_1242_1425,0.863853614
2017_1242_1433,0.86532521
2017_1242_1435,0.880030212
2017_1242_1436,0.939865242
2017_1242_1437,0.505908262
2017_1242_1438,0.626343853
2017_1242_1439,0.888822652
2017_1242_1448,0.866489879
2017_1242_1452,0.600147535
2017_1242_1455,0.720622033
2017_1242_1457,0.979051601
2017_1242_1458,0.699584882
2017_1242_1462,0.850156941
2017_1243_1245,0.905651449
2017_1243_1246,0.216245949
2017_1243_1257,0.271659858
2017_1243_1266,0.567996382
2017_1243_1268,0.655330528
2017_1243_1274,0.48770475
2017_1243_1276,0.479134495
2017_1243_1277,0.62058359
2017_1243_1278,0.622080169
2017_1243_1291,0.96274771
2017_1243_1292,0.703010077
2017_1243_1297,0.943515567
2017_1243_1300,0.976577449
2017_1243_1305,0.75878476
2017_1243_1308,0.810699482
2017_1243_1309,0.944099005
2017_1243_1314,0.1653285
2017_1243_1315,0.939689889
2017_1243_1321,0.658597486
2017_1243_1323,0.452994537
2017_1243_1329,0.466669813
2017_1243_1332,0.287961983
2017_1243_1343,0.751430357
2017_1243_1344,0.724273853
2017_1243_1345,0.352018758
2017_1243_1348,0.605834539
2017_1243_1355,0.940084518
2017_1243_1371,0.639279571
2017_1243_1374,0.447405166
2017_1243_1376,0.562872143
2017_1243_1388,0.39553164
2017_1243_1407,0.925297384
2017_1243_1411,0.949203609
2017_1243_1413,0.942397269
2017_1243_1417,0.252815236
2017_1243_1423,0.705324201
2017_1243_1425,0.602706199
2017_1243_1433,0.605712146
2017_1243_1435,0.636868329
2017_1243_1436,0.788887014
2017_1243_1437,0.196662682
2017_1243_1438,0.286109429
2017_1243_1439,0.656526299
2017_1243_1448,0.608105157
2017_1243_1452,0.264085897
2017_1243_1455,0.381456743
2017_1243_1457,0.917858757
2017_1243_1458,0.35764575
2017_1243_1462,0.575643255
2017_1245_1246,0.028544195
2017_1245_1257,0.038203317
2017_1245_1266,0.122821088
2017_1245_1268,0.168385989
2017_1245_1274,0.092050264
2017_1245_1276,0.089221811
2017_1245_1277,0.148345448
2017_1245_1278,0.149150875
2017_1245_1291,0.733492435
2017_1245_1292,0.201331958
2017_1245_1297,0.640142905
2017_1245_1300,0.816182032
2017_1245_1305,0.250934435
2017_1245_1308,0.313221398
2017_1245_1309,0.642673186
2017_1245_1314,0.020658225
2017_1245_1315,0.623959078
2017_1245_1321,0.170425743
2017_1245_1323,0.081044296
2017_1245_1329,0.08524069
2017_1245_1332,0.041290084
2017_1245_1343,0.243532741
2017_1245_1344,0.21859004
2017_1245_1345,0.054689557
2017_1245_1348,0.140659012
2017_1245_1355,0.625596503
2017_1245_1371,0.158767837
2017_1245_1374,0.079378327
2017_1245_1376,0.120591941
2017_1245_1388,0.065144635
2017_1245_1407,0.568795065
2017_1245_1411,0.665551852
2017_1245_1413,0.635339704
2017_1245_1417,0.034779887
2017_1245_1423,0.203124148
2017_1245_1425,0.139085117
2017_1245_1433,0.140597075
2017_1245_1435,0.157378266
2017_1245_1436,0.28466586
2017_1245_1437,0.025408168
2017_1245_1438,0.040933223
2017_1245_1439,0.169129237
2017_1245_1448,0.141813448
2017_1245_1452,0.036809249
2017_1245_1455,0.061627835
2017_1245_1457,0.543375679
2017_1245_1458,0.055974323
2017_1245_1462,0.126225792
2017_1246_1257,0.60338192
2017_1246_1266,0.842835007
2017_1246_1268,0.885780566
2017_1246_1274,0.79520705
2017_1246_1276,0.789561361
2017_1246_1277,0.86964459
2017_1246_1278,0.870363984
2017_1246_1291,0.990602521
2017_1246_1292,0.906146589
2017_1246_1297,0.985534844
2017_1246_1300,1
2017_1246_1305,0.927695855
2017_1246_1308,0.945851515
2017_1246_1309,0.985690839
2017_1246_1314,0.446873823
2017_1246_1315,0.984508394
2017_1246_1321,0.887239049
2017_1246_1323,0.771573112
2017_1246_1329,0.781131978
2017_1246_1332,0.622574742
2017_1246_1343,0.924982225
2017_1246_1344,0.914632383
2017_1246_1345,0.689036067
2017_1246_1348,0.862431067
2017_1246_1355,0.984614563
2017_1246_1371,0.878471281
2017_1246_1374,0.767568737
2017_1246_1376,0.840052767
2017_1246_1388,0.72744053
2017_1246_1407,1
2017_1246_1411,0.987049579
2017_1246_1413,0.98523544
2017_1246_1417,0.579845796
2017_1246_1423,0.907087081
2017_1246_1425,0.860871557
2017_1246_1433,0.86237025
2017_1246_1435,0.87735217
2017_1246_1436,0.938429427
2017_1246_1437,0.499627314
2017_1246_1438,0.620445279
2017_1246_1439,0.886315526
2017_1246_1448,0.863556444
2017_1246_1452,0.594103413
2017_1246_1455,0.715535815
2017_1246_1457,0.978530051
2017_1246_1458,0.694278155
2017_1246_1462,0.846928042
2017_1257_1266,0.795352672
2017_1257_1268,0.848947543
2017_1257_1274,0.737811658
2017_1257_1276,0.731118713
2017_1257_1277,0.828614894
2017_1257_1278,0.82951633
2017_1257_1291,0.987078977
2017_1257_1292,0.874953975
2017_1257_1297,0.980149272
2017_1257_1300,0.991951362
2017_1257_1305,0.902897762
2017_1257_1308,0.92678885
2017_1257_1309,0.980362189
2017_1257_1314,0.369284525
2017_1257_1315,0.978748902
2017_1257_1321,0.850797129
2017_1257_1323,0.70996986
2017_1257_1329,0.721175032
2017_1257_1332,0.544510252
2017_1257_1343,0.899354412
2017_1257_1344,0.885904952
2017_1257_1345,0.616244723
2017_1257_1348,0.819601881
2017_1257_1355,0.978893695
2017_1257_1371,0.839707728
2017_1257_1374,0.70529804
2017_1257_1376,0.79193737
2017_1257_1388,0.659192511
2017_1257_1407,0.973413786
2017_1257_1411,0.982217788
2017_1257_1413,0.979740687
2017_1257_1417,0.500040707
2017_1257_1423,0.876164326
2017_1257_1425,0.817659502
2017_1257_1433,0.819526092
2017_1257_1435,0.838297365
2017_1257_1436,0.916983191
2017_1257_1437,0.419830726
2017_1257_1438,0.542264172
2017_1257_1439,0.849625728
2017_1257_1448,0.821004904
2017_1257_1452,0.51474008
2017_1257_1455,0.645758503
2017_1257_1457,0.970614262
2017_1257_1458,0.622040798
2017_1257_1462,0.800389423
2017_1266_1268,0.606718684
2017_1266_1274,0.435805087
2017_1266_1276,0.427385991
2017_1266_1277,0.570284557
2017_1266_1278,0.571842654
2017_1266_1291,0.954482143
2017_1266_1292,0.657609467
2017_1266_1297,0.931287315
2017_1266_1300,0.971288924
2017_1266_1305,0.718496254
2017_1266_1308,0.776528225
2017_1266_1309,0.931987956
2017_1266_1314,0.138462673
2017_1266_1315,0.926697765
2017_1266_1321,0.610172319
2017_1266_1323,0.401890906
2017_1266_1329,0.415194428
2017_1266_1332,0.247067016
2017_1266_1343,0.710382342
2017_1266_1344,0.680647196
2017_1266_1345,0.305935404
2017_1266_1348,0.55498235
2017_1266_1355,0.927170817
2017_1266_1371,0.589820861
2017_1266_1374,0.396475057
2017_1266_1376,0.510951499
2017_1266_1388,0.346800634
2017_1266_1407,0.909503387
2017_1266_1411,0.938126003
2017_1266_1413,0.929944893
2017_1266_1417,0.215401679
2017_1266_1423,0.660106314
2017_1266_1425,0.551749032
2017_1266_1433,0.554855769
2017_1266_1435,0.587292446
2017_1266_1436,0.751982896
2017_1266_1437,0.165715987
2017_1266_1438,0.245386884
2017_1266_1439,0.607982218
2017_1266_1448,0.557331864
2017_1266_1452,0.225507815
2017_1266_1455,0.333503075
2017_1266_1457,0.900660893
2017_1266_1458,0.311179512
2017_1266_1462,0.52395661
2017_1268_1274,0.346770737
2017_1268_1276,0.339038057
2017_1268_1277,0.477004389
2017_1268_1278,0.478591474
2017_1268_1291,0.935112061
2017_1268_1292,0.568957645
2017_1268_1297,0.903049287
2017_1268_1300,0.958761948
2017_1268_1305,0.636904798
2017_1268_1308,0.704847285
2017_1268_1309,0.904008184
2017_1268_1314,0.099465537
2017_1268_1315,0.896782668
2017_1268_1321,0.518236158
2017_1268_1323,0.315905682
2017_1268_1329,0.327923432
2017_1268_1332,0.184015373
2017_1268_1343,0.627657871
2017_1268_1344,0.594280172
2017_1268_1345,0.23249957
2017_1268_1348,0.461516949
2017_1268_1355,0.897427407
2017_1268_1371,0.497041351
2017_1268_1374,0.311045967
2017_1268_1376,0.417937335
2017_1268_1388,0.267333843
2017_1268_1407,0.873528822
2017_1268_1411,0.912434135
2017_1268_1413,0.901213706
2017_1268_1417,0.158727471
2017_1268_1423,0.571679901
2017_1268_1425,0.458267418
2017_1268_1433,0.461389584
2017_1268_1435,0.494431243
2017_1268_1436,0.675716672
2017_1268_1437,0.120113257
2017_1268_1438,0.182659993
2017_1268_1439,0.515939304
2017_1268_1448,0.463883237
2017_1268_1452,0.166739672
2017_1268_1455,0.255889649
2017_1268_1457,0.861705714
2017_1268_1458,0.236914575
2017_1268_1462,0.430659789
2017_1274_1276,0.50913221
2017_1274_1277,0.648412721
2017_1274_1278,0.649861463
2017_1274_1291,0.966821808
2017_1274_1292,0.727448663
2017_1274_1297,0.949582841
2017_1274_1300,0.979171778
2017_1274_1305,0.780069585
2017_1274_1308,0.828439106
2017_1274_1309,0.950106923
2017_1274_1314,0.182565703
2017_1274_1315,0.946144642
2017_1274_1321,0.685053424
2017_1274_1323,0.482872878
2017_1274_1329,0.496631219
2017_1274_1332,0.313187471
2017_1274_1343,0.773170138
2017_1274_1344,0.747590923
2017_1274_1345,0.379862034
2017_1274_1348,0.634107648
2017_1274_1355,0.946499441
2017_1274_1371,0.666474392
2017_1274_1374,0.477236486
2017_1274_1376,0.592152336
2017_1274_1388,0.424561589
2017_1274_1407,0.933182982
2017_1274_1411,0.954689244
2017_1274_1413,0.948578118
2017_1274_1417,0.276155967
2017_1274_1423,0.729645594
2017_1274_1425,0.631067053
2017_1274_1433,0.63398873
2017_1274_1435,0.664149433
2017_1274_1436,0.808187083
2017_1274_1437,0.216320117
2017_1274_1438,0.31124357
2017_1274_1439,0.6830655
2017_1274_1448,0.636313168
2017_1274_1452,0.288066006
2017_1274_1455,0.410154614
2017_1274_1457,0.926467174
2017_1274_1458,0.385669198
2017_1274_1462,0.604668821
2017_1276_1277,0.657440481
2017_1276_1278,0.658871594
2017_1276_1291,0.968076256
2017_1276_1292,0.735275546
2017_1276_1297,0.951456358
2017_1276_1300,0.979968955
2017_1276_1305,0.786828168
2017_1276_1308,0.834027527
2017_1276_1309,0.95196195
2017_1276_1314,0.188586498
2017_1276_1315,0.948138946
2017_1276_1321,0.693584955
2017_1276_1323,0.492826515
2017_1276_1329,0.506590634
2017_1276_1332,0.321820073
2017_1276_1343,0.78008097
2017_1276_1344,0.755034162
2017_1276_1345,0.389290756
2017_1276_1348,0.643300658
2017_1276_1355,0.948481321
2017_1276_1371,0.67527064
2017_1276_1374,0.487183395
2017_1276_1376,0.601737409
2017_1276_1388,0.434322759
2017_1276_1407,0.935624608
2017_1276_1411,0.956381722
2017_1276_1413,0.950487025
2017_1276_1417,0.284190201
2017_1276_1423,0.737432159
2017_1276_1425,0.640293122
2017_1276_1433,0.643183047
2017_1276_1435,0.672976911
2017_1276_1436,0.814287309
2017_1276_1437,0.223150207
2017_1276_1438,0.319847544
2017_1276_1439,0.691626641
2017_1276_1448,0.645481746
2017_1276_1452,0.296304901
2017_1276_1455,0.41982621
2017_1276_1457,0.929135573
2017_1276_1458,0.395150215
2017_1276_1462,0.61415141
2017_1277_1278,0.514182164
2017_1277_1291,0.943237113
2017_1277_1292,0.603490431
2017_1277_1297,0.914823437
2017_1277_1300,0.964039521
2017_1277_1305,0.669159375
2017_1277_1308,0.733590942
2017_1277_1309,0.915676755
2017_1277_1314,0.112970969
2017_1277_1315,0.909241379
2017_1277_1321,0.553644576
2017_1277_1323,0.347460262
2017_1277_1329,0.360046631
2017_1277_1332,0.206370137
2017_1277_1343,0.660295752
2017_1277_1344,0.628110282
2017_1277_1345,0.258875708
2017_1277_1348,0.497048317
2017_1277_1355,0.909816122
2017_1277_1371,0.532602586
2017_1277_1374,0.342358058
2017_1277_1376,0.452935684
2017_1277_1388,0.296136999
2017_1277_1407,0.888445204
2017_1277_1411,0.923165518
2017_1277_1413,0.913189348
2017_1277_1417,0.178682896
2017_1277_1423,0.606145566
2017_1277_1425,0.493778016
2017_1277_1433,0.496920194
2017_1277_1435,0.530002518
2017_1277_1436,0.706114388
2017_1277_1437,0.135998844
2017_1277_1438,0.204891446
2017_1277_1439,0.551370396
2017_1277_1448,0.499427817
2017_1277_1452,0.187477923
2017_1277_1455,0.283937628
2017_1277_1457,0.877821509
2017_1277_1458,0.263619542
2017_1277_1462,0.465870811
2017_1278_1291,0.943064298
2017_1278_1292,0.602718919
2017_1278_1297,0.914571952
2017_1278_1300,0.963927618
2017_1278_1305,0.66844544
2017_1278_1308,0.73296056
2017_1278_1309,0.915427557
2017_1278_1314,0.11264839
2017_1278_1315,0.908975053
2017_1278_1321,0.552847939
2017_1278_1323,0.346729843
2017_1278_1329,0.359304322
2017_1278_1332,0.205842753
2017_1278_1343,0.659572421
2017_1278_1344,0.627357096
2017_1278_1345,0.258257808
2017_1278_1348,0.496242578
2017_1278_1355,0.909551315
2017_1278_1371,0.531800153
2017_1278_1374,0.34163275
2017_1278_1376,0.452137171
2017_1278_1388,0.295465618
2017_1278_1407,0.888125361
2017_1278_1411,0.922936588
2017_1278_1413,0.912933498
2017_1278_1417,0.178210378
2017_1278_1423,0.605375843
2017_1278_1425,0.492972383
2017_1278_1433,0.496114459
2017_1278_1435,0.529199568
2017_1278_1436,0.705445097
2017_1278_1437,0.135620564
2017_1278_1438,0.204366868
2017_1278_1439,0.550572995
2017_1278_1448,0.498622046
2017_1278_1452,0.186987443
2017_1278_1455,0.283282774
2017_1278_1457,0.877475408
2017_1278_1458,0.262994337
2017_1278_1462,0.46506888
2017_1291_1292,0.083483959
2017_1291_1297,0.391276348
2017_1291_1300,0.616036021
2017_1291_1305,0.107977394
2017_1291_1308,0.141481842
2017_1291_1309,0.393899686
2017_1291_1314,0.007564454
2017_1291_1315,0.374830722
2017_1291_1321,0.069103179
2017_1291_1323,0.03088308
2017_1291_1329,0.032574242
2017_1291_1332,0.015323872
2017_1291_1343,0.104205827
2017_1291_1344,0.091801305
2017_1291_1345,0.02047676
2017_1291_1348,0.05584228
2017_1291_1355,0.376468891
2017_1291_1371,0.06384281
2017_1291_1374,0.030214336
2017_1291_1376,0.047210786
2017_1291_1388,0.024561268
2017_1291_1407,0.322785943
2017_1291_1411,0.418289272
2017_1291_1413,0.386335747
2017_1291_1417,0.012852874
2017_1291_1423,0.084337882
2017_1291_1425,0.055156521
2017_1291_1433,0.055815264
2017_1291_1435,0.063221605
2017_1291_1436,0.125717256
2017_1291_1437,0
2017_1291_1438,0.015187876
2017_1291_1439,0.06851382
2017_1291_1448,0.05634624
2017_1291_1452,0.013620877
2017_1291_1455,0.023181014
2017_1291_1457,0.300694098
2017_1291_1458,0.020975634
2017_1291_1462,0.04960979
2017_1292_1297,0.883445907
2017_1292_1300,0.949797386
2017_1292_1305,0.588036752
2017_1292_1308,0.660245501
2017_1292_1309,0.88457391
2017_1292_1314,0.082468007
2017_1292_1315,0.87608605
2017_1292_1321,0.466768358
2017_1292_1323,0.2731395
2017_1292_1329,0.284206232
2017_1292_1332,0.155057045
2017_1292_1343,0.578369177
2017_1292_1344,0.543784618
2017_1292_1345,0.197760501
2017_1292_1348,0.410877976
2017_1292_1355,0.876842315
2017_1292_1371,0.445730987
2017_1292_1374,0.268679287
2017_1292_1376,0.368805087
2017_1292_1388,0.228942558
2017_1292_1407,0.848954807
2017_1292_1411,0.894506689
2017_1292_1413,0.881287963
2017_1292_1417,0.133099555
2017_1292_1423,0.520640412
2017_1292_1425,0.407715031
2017_1292_1433,0.410753925
2017_1292_1435,0.443152918
2017_1292_1436,0.629029694
2017_1292_1437,0.099979002
2017_1292_1438,0.153874738
2017_1292_1439,0.464479688
2017_1292_1448,0.413183849
2017_1292_1452,0.140033449
2017_1292_1455,0.218651375
2017_1292_1457,0.835267636
2017_1292_1458,0.201689189
2017_1292_1462,0.381010929
2017_1297_1300,0.716616132
2017_1297_1305,0.160220501
2017_1297_1308,0.206188501
2017_1297_1309,0.506007708
2017_1297_1314,0.011870931
2017_1297_1315,0.48586209
2017_1297_1321,0.104746246
2017_1297_1323,0.047825216
2017_1297_1329,0.050395887
2017_1297_1332,0.023941254
2017_1297_1343,0.154941086
2017_1297_1344,0.137423618
2017_1297_1345,0.031898
2017_1297_1348,0.085271991
2017_1297_1355,0.487607034
2017_1297_1371,0.097055491
2017_1297_1374,0.046807326
2017_1297_1376,0.072440588
2017_1297_1388,0.038171925
2017_1297_1407,0.4289793
2017_1297_1411,0.531254487
2017_1297_1413,0.498060026
2017_1297_1417,0.020109068
2017_1297_1423,0.126768836
2017_1297_1425,0.084257079
2017_1297_1433,0.085232023
2017_1297_1435,0.096144309
2017_1297_1436,0.184765669
2017_1297_1437,0.014630597
2017_1297_1438,0.023730624
2017_1297_1439,0.103886822
2017_1297_1448,0.086017349
2017_1297_1452,0.021301297
2017_1297_1455,0.036055075
2017_1297_1457,0.403954781
2017_1297_1458,0.032665849
2017_1297_1462,0.076019349
2017_1300_1305,0.07126007
2017_1300_1308,0.094579435
2017_1300_1309,0.291755703
2017_1300_1314,0.004808141
2017_1300_1315,0.275384876
2017_1300_1321,0.044938934
2017_1300_1323,0.019799512
2017_1300_1329,0.020896823
2017_1300_1332,0.009768034
2017_1300_1343,0.068672277
2017_1300_1344,0.060213298
2017_1300_1345,0.013077499
2017_1300_1348,0.036135151
2017_1300_1355,0.276780845
2017_1300_1371,0.04143615
2017_1300_1374,0.019365976
2017_1300_1376,0.030451526
2017_1300_1388,0.015709744
2017_1300_1407,0.232023396
2017_1300_1411,0.31308774
2017_1300_1413,0.285230152
2017_1300_1417,0.008185477
2017_1300_1423,0.055161992
2017_1300_1425,0.035682255
2017_1300_1433,0.036117305
2017_1300_1435,0.041023414
2017_1300_1436,0.08353245
2017_1300_1437,0.005935765
2017_1300_1438,0.009680861
2017_1300_1439,0.044545802
2017_1300_1448,0.03646813
2017_1300_1452,0.008677038
2017_1300_1455,0.014819357
2017_1300_1457,0.214178843
2017_1300_1458,0.013398571
2017_1300_1462,0.03202754
2017_1305_1308,0.58885693
2017_1305_1309,0.849582362
2017_1305_1314,0.062127606
2017_1305_1315,0.838989755
2017_1305_1321,0.392153446
2017_1305_1323,0.216887365
2017_1305_1329,0.226384798
2017_1305_1332,0.119137581
2017_1305_1343,0.502733929
2017_1305_1344,0.467655672
2017_1305_1345,0.153748697
2017_1305_1348,0.339508895
2017_1305_1355,0.839931057
2017_1305_1371,0.372132076
2017_1305_1374,0.213076444
2017_1305_1376,0.301010016
2017_1305_1388,0.179544263
2017_1305_1407,0.805539068
2017_1305_1411,0.862056708
2017_1305_1413,0.845474292
2017_1305_1417,0.101654657
2017_1305_1423,0.444594004
2017_1305_1425,0.336581463
2017_1305_1433,0.339393979
2017_1305_1435,0.369695763
2017_1305_1436,0.555497886
2017_1305_1437,0.075675806
2017_1305_1438,0.118190848
2017_1305_1439,0.389963073
2017_1305_1448,0.341646517
2017_1305_1452,0.107152893
2017_1305_1455,0.170981187
2017_1305_1457,0.788896005
2017_1305_1458,0.156974132
2017_1305_1462,0.312081499
2017_1308_1309,0.808595862
2017_1308_1314,0.047207672
2017_1308_1315,0.795810633
2017_1308_1321,0.325483068
2017_1308_1323,0.171602061
2017_1308_1329,0.179571182
2017_1308_1332,0.091867785
2017_1308_1343,0.43058096
2017_1308_1344,0.396522661
2017_1308_1345,0.119632594
2017_1308_1348,0.277699718
2017_1308_1355,0.796943275
2017_1308_1371,0.30714558
2017_1308_1374,0.168415723
2017_1308_1376,0.243624481
2017_1308_1388,0.14065562
2017_1308_1407,0.755998192
2017_1308_1411,0.823764179
2017_1308_1413,0.803627141
2017_1308_1417,0.078032089
2017_1308_1423,0.374501078
2017_1308_1425,0.275083273
2017_1308_1433,0.277596929
2017_1308_1435,0.304928099
2017_1308_1436,0.483129637
2017_1308_1437,0.057702452
2017_1308_1438,0.091115338
2017_1308_1439,0.323466916
2017_1308_1448,0.279612924
2017_1308_1452,0.082369793
2017_1308_1455,0.133645155
2017_1308_1457,0.736502074
2017_1308_1458,0.122245708
2017_1308_1462,0.253350289
2017_1309_1314,0.011803102
2017_1309_1315,0.484413645
2017_1309_1321,0.104203702
2017_1309_1323,0.047561837
2017_1309_1329,0.050119096
2017_1309_1332,0.023806118
2017_1309_1343,0.154183328
2017_1309_1344,0.136737669
2017_1309_1345,0.031719412
2017_1309_1348,0.084820759
2017_1309_1355,0.486158307
2017_1309_1371,0.096548485
2017_1309_1374,0.046549278
2017_1309_1376,0.072051908
2017_1309_1388,0.037959589
2017_1309_1407,0.427559412
2017_1309_1411,0.529810168
2017_1309_1413,0.496610342
2017_1309_1417,0.019995119
2017_1309_1423,0.126128294
2017_1309_1425,0.083810726
2017_1309_1433,0.084780983
2017_1309_1435,0.095641559
2017_1309_1436,0.183893792
2017_1309_1437,0.014547232
2017_1309_1438,0.023596648
2017_1309_1439,0.103348216
2017_1309_1448,0.085562541
2017_1309_1452,0.02118074
2017_1309_1455,0.035854075
2017_1309_1457,0.402559329
2017_1309_1458,0.032483106
2017_1309_1462,0.075613032
2017_1314_1315,0.988896363
2017_1314_1321,0.916851481
2017_1314_1323,0.825589793
2017_1314_1329,0.833376393
2017_1314_1332,0.698036214
2017_1314_1343,0.945293979
2017_1314_1344,0.937557277
2017_1314_1345,0.756408593
2017_1314_1348,0.897808002
2017_1314_1355,0.988972797
2017_1314_1371,0.960153072
2017_1314_1374,0.822314275
2017_1314_1376,0.88038631
2017_1314_1388,0.789039951
2017_1314_1407,0.98607253
2017_1314_1411,1
2017_1314_1413,0.989419688
2017_1314_1417,0.659173484
2017_1314_1423,0.93188732
2017_1314_1425,0.89660145
2017_1314_1433,0.89776097
2017_1314_1435,0.909295582
2017_1314_1436,0.95527627
2017_1314_1437,0.583214176
2017_1314_1438,0.6961247
2017_1314_1439,0.916147566
2017_1314_1448,0.898677979
2017_1314_1452,0.672260701
2017_1314_1455,0.779008385
2017_1314_1457,0.984584861
2017_1314_1458,0.760909039
2017_1314_1462,0.885763625
2017_1315_1321,0.112590169
2017_1315_1323,0.051652538
2017_1315_1329,0.054417176
2017_1315_1332,0.025909217
2017_1315_1343,0.165847517
2017_1315_1344,0.14731193
2017_1315_1345,0.034496889
2017_1315_1348,0.091807134
2017_1315_1355,0.50785734
2017_1315_1371,0.104390647
2017_1315_1374,0.050557514
2017_1315_1376,0.078076285
2017_1315_1388,0.041260197
2017_1315_1407,0.448928031
2017_1315_1411,0.551366916
2017_1315_1413,0.518305323
2017_1315_1417,0.021769052
2017_1315_1423,0.136011372
2017_1315_1425,0.090722155
2017_1315_1433,0.091764411
2017_1315_1435,0.103418488
2017_1315_1436,0.197281372
2017_1315_1437,0.015845652
2017_1315_1438,0.025681729
2017_1315_1439,0.111674416
2017_1315_1448,0.092603832
2017_1315_1452,0.023057383
2017_1315_1455,0.038979024
2017_1315_1457,0.423603083
2017_1315_1458,0.035325016
2017_1315_1462,0.081908878
2017_1321_1323,0.311599331
2017_1321_1329,0.323530735
2017_1321_1332,0.181031143
2017_1321_1343,0.622971814
2017_1321_1344,0.589448813
2017_1321_1345,0.228949674
2017_1321_1348,0.456550366
2017_1321_1355,0.895571618
2017_1321_1371,0.492041798
2017_1321_1374,0.306776154
2017_1321_1376,0.413079969
2017_1321_1388,0.263434639
2017_1321_1407,0.871302656
2017_1321_1411,0.910822874
2017_1321_1413,0.899418743
2017_1321_1417,0.156074902
2017_1321_1423,0.566775607
2017_1321_1425,0.453306367
2017_1321_1433,0.45642321
2017_1321_1435,0.489432395
2017_1321_1436,0.671318721
2017_1321_1437,0.118015464
2017_1321_1438,0.179692903
2017_1321_1439,0.510942768
2017_1321_1448,0.458912891
2017_1321_1452,0.163979306
2017_1321_1455,0.25209993
2017_1321_1457,0.859304956
2017_1321_1458,0.233317762
2017_1321_1462,0.425762717
2017_1323_1329,0.533073961
2017_1323_1332,0.345405973
2017_1323_1343,0.797745615
2017_1323_1344,0.774128124
2017_1323_1345,0.414797079
2017_1323_1348,0.667265734
2017_1323_1355,0.953427045
2017_1323_1371,0.698095824
2017_1323_1374,0.513708461
2017_1323_1376,0.62687527
2017_1323_1388,0.460554519
2017_1323_1407,0.941728732
2017_1323_1411,0.960600523
2017_1323_1413,0.955249288
2017_1323_1417,0.306263682
2017_1323_1423,0.757457385
2017_1323_1425,0.664354834
2017_1323_1433,0.667151936
2017_1323_1435,0.695890712
2017_1323_1436,0.829803842
2017_1323_1437,0.242086043
2017_1323_1438,0.343362072
2017_1323_1439,0.713789442
2017_1323_1448,0.669375597
2017_1323_1452,0.318900139
2017_1323_1455,0.445872539
2017_1323_1457,0.935812781
2017_1323_1458,0.420775937
2017_1323_1462,0.638975825
2017_1329_1332,0.331627349
2017_1329_1343,0.787634336
2017_1329_1344,0.763186635
2017_1329_1345,0.399941604
2017_1329_1348,0.653464964
2017_1329_1355,0.950616938
2017_1329_1371,0.684970071
2017_1329_1374,0.498327102
2017_1329_1376,0.612372427
2017_1329_1388,0.445307292
2017_1329_1407,0.938258485
2017_1329_1411,0.958204273
2017_1329_1413,0.952543659
2017_1329_1417,0.293346755
2017_1329_1423,0.745973341
2017_1329_1425,0.650496568
2017_1329_1433,0.653348898
2017_1329_1435,0.682712663
2017_1329_1436,0.820935504
2017_1329_1437,0.23097467
2017_1329_1438,0.329623924
2017_1329_1439,0.701053811
2017_1329_1448,0.655617172
2017_1329_1452,0.305685097
2017_1329_1455,0.430723276
2017_1329_1457,0.932015653
2017_1329_1458,0.405854838
2017_1329_1462,0.624661705
2017_1332_1343,0.892918043
2017_1332_1344,0.878724462
2017_1332_1345,0.599760562
2017_1332_1348,0.809147597
2017_1332_1355,0.977416199
2017_1332_1371,0.830177179
2017_1332_1374,0.690719327
2017_1332_1376,0.780309621
2017_1332_1388,0.643485892
2017_1332_1407,0.971563826
2017_1332_1411,0.980968463
2017_1332_1413,0.978321169
2017_1332_1417,0.48275466
2017_1332_1423,0.868461838
2017_1332_1425,0.807119144
2017_1332_1433,0.809068439
2017_1332_1435,0.828700066
2017_1332_1436,0.911563339
2017_1332_1437,0.403081966
2017_1332_1438,0.525051382
2017_1332_1439,0.840572916
2017_1332_1448,0.810613138
2017_1332_1452,0.497451485
2017_1332_1455,0.629780474
2017_1332_1457,0.96857579
2017_1332_1458,0.605646284
2017_1332_1462,0.789108239
2017_1343_1344,0.481665071
2017_1343_1345,0.161202049
2017_1343_1348,0.352219374
2017_1343_1355,0.847341553
2017_1343_1371,0.385351327
2017_1343_1374,0.222649163
2017_1343_1376,0.312962122
2017_1343_1388,0.187970356
2017_1343_1407,0.814189535
2017_1343_1411,0.868603125
2017_1343_1413,0.852673174
2017_1343_1417,0.106901636
2017_1343_1423,0.458507581
2017_1343_1425,0.349240296
2017_1343_1433,0.352102449
2017_1343_1435,0.382881245
2017_1343_1436,0.569324486
2017_1343_1437,0.079700834
2017_1343_1438,0.124173377
2017_1343_1439,0.403408765
2017_1343_1448,0.354394084
2017_1343_1452,0.112648082
2017_1343_1455,0.179093132
2017_1343_1457,0.798101267
2017_1343_1458,0.16455344
2017_1343_1462,0.324269276
2017_1344_1345,0.177170689
2017_1344_1348,0.378570125
2017_1344_1355,0.861472821
2017_1344_1371,0.412601983
2017_1344_1374,0.242941777
2017_1344_1376,0.337907942
2017_1344_1388,0.205939629
2017_1344_1407,0.83077674
2017_1344_1411,0.881042559
2017_1344_1413,0.866388727
2017_1344_1417,0.118249593
2017_1344_1423,0.486834022
2017_1344_1425,0.375497365
2017_1344_1433,0.378449563
2017_1344_1435,0.410073764
2017_1344_1436,0.596949765
2017_1344_1437,0.088447294
2017_1344_1438,0.137073385
2017_1344_1439,0.431040874
2017_1344_1448,0.380811887
2017_1344_1452,0.124520992
2017_1344_1455,0.196419048
2017_1344_1457,0.815799743
2017_1344_1458,0.180782517
2017_1344_1462,0.349657682
2017_1345_1348,0.757337012
2017_1345_1355,0.969567337
2017_1345_1371,0.782541216
2017_1345_1374,0.621786549
2017_1345_1376,0.723347069
2017_1345_1388,0.570570724
2017_1345_1407,0.961760582
2017_1345_1411,0.974321735
2017_1345_1413,0.970777421
2017_1345_1417,0.407247713
2017_1345_1423,0.829357475
2017_1345_1425,0.754924682
2017_1345_1433,0.757242813
2017_1345_1435,0.780759189
2017_1345_1436,0.883554359
2017_1345_1437,0.332037061
2017_1345_1438,0.448667321
2017_1345_1439,0.795133393
2017_1345_1448,0.759081947
2017_1345_1452,0.421519116
2017_1345_1455,0.555996349
2017_1345_1457,0.95778719
2017_1345_1458,0.530636982
2017_1345_1462,0.733648321
2017_1348_1355,0.916215348
2017_1348_1371,0.552605941
2017_1348_1374,0.360730789
2017_1348_1376,0.472974744
2017_1348_1388,0.313210619
2017_1348_1407,0.89618783
2017_1348_1411,0.928691745
2017_1348_1413,0.919370431
2017_1348_1417,0.190820617
2017_1348_1423,0.625216283
2017_1348_1425,0.513926531
2017_1348_1433,0.517065963
2017_1348_1435,0.550023137
2017_1348_1436,0.722560124
2017_1348_1437,0.145751631
2017_1348_1438,0.218336211
2017_1348_1439,0.571217182
2017_1348_1448,0.519570253
2017_1348_1452,0.200067548
2017_1348_1455,0.300608289
2017_1348_1457,0.886207048
2017_1348_1458,0.279563016
2017_1348_1462,0.485973778
2017_1355_1371,0.101481568
2017_1355_1374,0.049066428
2017_1355_1376,0.07583842
2017_1355_1388,0.040031754
2017_1355_1407,0.441146927
2017_1355_1411,0.543561614
2017_1355_1413,0.510435547
2017_1355_1417,0.021108144
2017_1355_1423,0.132351331
2017_1355_1425,0.088156487
2017_1355_1433,0.089172157
2017_1355_1435,0.10053346
2017_1355_1436,0.192339611
2017_1355_1437,0.015361754
2017_1355_1438,0.024905056
2017_1355_1439,0.108586969
2017_1355_1448,0.089990216
2017_1355_1452,0.022358255
2017_1355_1455,0.03781582
2017_1355_1457,0.415929625
2017_1355_1458,0.034266965
2017_1355_1462,0.079570643
2017_1371_1374,0.324653345
2017_1371_1376,0.43328007
2017_1371_1388,0.279805576
2017_1371_1407,0.880301923
2017_1371_1411,0.917320888
2017_1371_1413,0.906662579
2017_1371_1417,0.167289355
2017_1371_1423,0.586975003
2017_1371_1425,0.473885314
2017_1371_1433,0.47702019
2017_1371_1435,0.510121057
2017_1371_1436,0.689315675
2017_1371_1437,0.126906464
2017_1371_1438,0.192217856
2017_1371_1439,0.531593984
2017_1371_1448,0.479523111
2017_1371_1452,0.175643508
2017_1371_1455,0.268022794
2017_1371_1457,0.869017052
2017_1371_1458,0.248448409
2017_1371_1462,0.446111611
2017_1374_1376,0.636635858
2017_1374_1388,0.470994364
2017_1374_1407,0.94398896
2017_1374_1411,0.962158165
2017_1374_1413,0.957009021
2017_1374_1417,0.315249969
2017_1374_1423,0.765082158
2017_1374_1425,0.673645408
2017_1374_1433,0.676402799
2017_1374_1435,0.704696385
2017_1374_1436,0.835647756
2017_1374_1437,0.249867492
2017_1374_1438,0.352883185
2017_1374_1439,0.722283677
2017_1374_1448,0.678594431
2017_1374_1452,0.328081854
2017_1374_1455,0.456261064
2017_1374_1457,0.93828744
2017_1374_1458,0.43103457
2017_1374_1462,0.648597313
2017_1376_1388,0.352433984
2017_1376_1407,0.911521951
2017_1376_1411,0.939548563
2017_1376_1413,0.931541821
2017_1376_1417,0.219618245
2017_1376_1423,0.665642713
2017_1376_1425,0.557868251
2017_1376_1433,0.560966324
2017_1376_1435,0.593284122
2017_1376_1436,0.756574628
2017_1376_1437,0.169169647
2017_1376_1438,0.25000339
2017_1376_1439,0.613871008
2017_1376_1448,0.563435173
2017_1376_1452,0.229864254
2017_1376_1455,0.339032534
2017_1376_1457,0.902855626
2017_1376_1458,0.316514617
2017_1376_1462,0.530132134
2017_1388_1407,0.954676714
2017_1388_1411,0.969491009
2017_1388_1413,0.965303665
2017_1388_1417,0.365237795
2017_1388_1423,0.802775678
2017_1388_1425,0.72065351
2017_1388_1433,0.723176938
2017_1388_1435,0.748899057
2017_1388_1436,0.864030961
2017_1388_1437,0.293938256
2017_1388_1438,0.405306258
2017_1388_1439,0.764732684
2017_1388_1448,0.725180492
2017_1388_1452,0.378978264
2017_1388_1455,0.511893277
2017_1388_1457,0.950005512
2017_1388_1458,0.486342094
2017_1388_1462,0.697593706
2017_1407_1411,0.606521571
2017_1407_1413,0.574387011
2017_1407_1417,0.027153046
2017_1407_1423,0.164887615
2017_1407_1425,0.111220921
2017_1407_1433,0.112469546
2017_1407_1435,0.126387255
2017_1407_1436,0.235618265
2017_1407_1437,0.019794295
2017_1407_1438,0.032001762
2017_1407_1439,0.136198246
2017_1407_1448,0.113474706
2017_1407_1452,0.028750647
2017_1407_1455,0.048408812
2017_1407_1457,0.479641086
2017_1407_1458,0.043911218
2017_1407_1462,0.100636675
2017_1411_1413,0.470796678
2017_1411_1417,0.01806663
2017_1411_1423,0.115166404
2017_1411_1425,0.076205956
2017_1411_1433,0.077095583
2017_1411_1435,0.087065304
2017_1411_1436,0.168881699
2017_1411_1437,0.013137136
2017_1411_1438,0.021328358
2017_1411_1439,0.094152845
2017_1411_1448,0.077812316
2017_1411_1452,0.019140132
2017_1411_1455,0.032446662
2017_1411_1457,0.377963758
2017_1411_1458,0.029386291
2017_1411_1462,0.068696326
2017_1413_1417,0.020437197
2017_1413_1423,0.128608959
2017_1413_1425,0.085540568
2017_1413_1433,0.08652896
2017_1413_1435,0.097589579
2017_1413_1436,0.187267111
2017_1413_1437,0.014870688
2017_1413_1438,0.024116394
2017_1413_1439,0.105434903
2017_1413_1448,0.087325095
2017_1413_1452,0.021648452
2017_1413_1455,0.036633676
2017_1413_1457,0.407938793
2017_1413_1458,0.033191933
2017_1413_1462,0.07718793
2017_1417_1423,0.888375646
2017_1417_1425,0.834550525
2017_1417_1433,0.836278827
2017_1417_1435,0.853618865
2017_1417_1436,0.925511601
2017_1417_1437,0.448728086
2017_1417_1438,0.5712905
2017_1417_1439,0.86404793
2017_1417_1448,0.83764756
2017_1417_1452,0.544044208
2017_1417_1455,0.672189361
2017_1417_1457,0.973790568
2017_1417_1458,0.649280181
2017_1417_1462,0.818525184
2017_1423_1425,0.40482624
2017_1423_1433,0.40785843
2017_1423_1435,0.440199653
2017_1423_1436,0.626230775
2017_1423_1437,0.098906509
2017_1423_1438,0.152321944
2017_1423_1439,0.461502088
2017_1423_1448,0.410283151
2017_1423_1452,0.138597451
2017_1423_1455,0.216612246
2017_1423_1457,0.833613161
2017_1423_1458,0.199767804
2017_1423_1462,0.378190531
2017_1425_1433,0.518655245
2017_1425_1435,0.551598016
2017_1425_1436,0.723834338
2017_1425_1437,0.146545945
2017_1425_1438,0.219424488
2017_1425_1439,0.5727755
2017_1425_1448,0.521158926
2017_1425_1452,0.201088192
2017_1425_1455,0.301948235
2017_1425_1457,0.88684737
2017_1425_1458,0.280846823
2017_1425_1462,0.487563976
2017_1433_1435,0.55101767
2017_1433_1436,0.723365113
2017_1433_1437,0.146252763
2017_1433_1438,0.21902292
2017_1433_1439,0.572201306
2017_1433_1448,0.520573425
2017_1433_1452,0.200711553
2017_1433_1455,0.301453966
2017_1433_1457,0.886611728
2017_1433_1458,0.280373223
2017_1433_1462,0.486977834
2017_1435_1436,0.690472622
2017_1435_1437,0.127506865
2017_1435_1438,0.193058925
2017_1435_1439,0.532940304
2017_1435_1448,0.480872941
2017_1435_1452,0.176427893
2017_1435_1455,0.269085064
2017_1435_1457,0.869631376
2017_1435_1458,0.249459538
2017_1435_1462,0.447448245
2017_1436_1437,0.065323992
2017_1436_1438,0.102669312
2017_1436_1439,0.353039874
2017_1436_1448,0.306995887
2017_1436_1452,0.092928167
2017_1436_1455,0.14970387
2017_1436_1457,0.76134133
2017_1436_1458,0.137151517
2017_1436_1462,0.279157964
2017_1437_1438,0.649544734
2017_1437_1439,0.898370268
2017_1437_1448,0.87769146
2017_1437_1452,0.623998536
2017_1437_1455,0.74039533
2017_1437_1457,0.981016093
2017_1437_1458,0.720269136
2017_1437_1462,0.86251143
2017_1438_1439,0.840439055
2017_1438_1448,0.810459794
2017_1438_1452,0.497201854
2017_1438_1455,0.629547625
2017_1438_1457,0.968545383
2017_1438_1458,0.605407766
2017_1438_1462,0.788942016
2017_1439_1448,0.460453712
2017_1439_1452,0.164831535
2017_1439_1455,0.253271393
2017_1439_1457,0.860053303
2017_1439_1458,0.234429304
2017_1439_1462,0.427280127
2017_1448_1452,0.195893855
2017_1448_1455,0.295110954
2017_1448_1457,0.88352922
2017_1448_1458,0.274299602
2017_1448_1462,0.479410226
2017_1452_1455,0.657398643
2017_1452_1457,0.97204201
2017_1452_1458,0.634018593
2017_1452_1462,0.808455636
2017_1455_1457,0.953153741
2017_1455_1458,0.503426149
2017_1455_1462,0.711815002
2017_1457_1458,0.049259555
2017_1457_1462,0.112084141
2017_1458_1462,0.728944454
