"id","pred"
"2017_1112_1116",0.658126197092101
"2017_1112_1124",0.529887625974097
"2017_1116_1124",0.373687474474872
"2017_1112_1137",0.784922899783365
"2017_1116_1137",0.658915725656525
"2017_1124_1137",0.767407131469568
"2017_1112_1139",0.618937923099205
"2017_1116_1139",0.462301633982267
"2017_1124_1139",0.59488126954301
"2017_1137_1139",0.312015364035951
"2017_1112_1153",0.52771149407713
"2017_1116_1153",0.37164570272224
"2017_1124_1153",0.502524639990212
"2017_1137_1153",0.23779672320316
"2017_1139_1153",0.412109686648921
"2017_1112_1166",0.61569450568013
"2017_1116_1166",0.458890571396634
"2017_1124_1166",0.59156821192665
"2017_1137_1166",0.309075782212476
"2017_1139_1166",0.50127564408389
"2017_1153_1166",0.59367666322423
"2017_1112_1173",0.706513252148169
"2017_1116_1173",0.560301706527801
"2017_1124_1173",0.685173077254272
"2017_1137_1173",0.401973887062085
"2017_1139_1173",0.60163899487748
"2017_1153_1173",0.687053938501593
"2017_1166_1173",0.604924918405702
"2017_1112_1181",0.428323106263754
"2017_1116_1181",0.283977008865675
"2017_1124_1181",0.403823908907969
"2017_1137_1181",0.173008614092966
"2017_1139_1181",0.319753106509594
"2017_1153_1181",0.405928258554657
"2017_1166_1181",0.322746802345739
"2017_1173_1181",0.240786306298709
"2017_1112_1190",0.732765521264775
"2017_1116_1190",0.592081386059092
"2017_1124_1190",0.712557599340248
"2017_1137_1190",0.433629623148095
"2017_1139_1190",0.632391177675708
"2017_1153_1190",0.714343065919145
"2017_1166_1190",0.635577086298149
"2017_1173_1190",0.537186701646151
"2017_1181_1190",0.788553389773433
"2017_1112_1195",0.82737655775875
"2017_1116_1195",0.717283081088839
"2017_1124_1195",0.812492265238492
"2017_1137_1195",0.572336533115622
"2017_1139_1195",0.750435593876478
"2017_1153_1195",0.813819174317926
"2017_1166_1195",0.752998045360612
"2017_1173_1195",0.669841886421046
"2017_1181_1195",0.866998359786584
"2017_1190_1195",0.640441341624813
"2017_1112_1196",0.461550118727113
"2017_1116_1196",0.312120007132509
"2017_1124_1196",0.436601869965131
"2017_1137_1196",0.193120414949236
"2017_1139_1196",0.349709972183585
"2017_1153_1196",0.438751322703843
"2017_1166_1196",0.352838661346606
"2017_1173_1196",0.266240538658498
"2017_1181_1196",0.538281067002766
"2017_1190_1196",0.241592044704104
"2017_1195_1196",0.154149600972618
"2017_1112_1199",0.575663596541249
"2017_1116_1199",0.417966685776103
"2017_1124_1199",0.550857482665951
"2017_1137_1199",0.274729073262005
"2017_1139_1199",0.459783659841399
"2017_1153_1199",0.55301729962286
"2017_1166_1199",0.463195678308477
"2017_1173_1199",0.36477920373076
"2017_1181_1199",0.648516619413957
"2017_1190_1199",0.33517518874254
"2017_1195_1199",0.223858922734619
"2017_1196_1199",0.617259628031609
"2017_1112_1211",0.209758826793299
"2017_1116_1211",0.123196461526252
"2017_1124_1211",0.193528965178893
"2017_1137_1211",0.0690010441303334
"2017_1139_1211",0.142755441004043
"2017_1153_1211",0.194895702638234
"2017_1166_1211",0.144443870822881
"2017_1173_1211",0.101009575339738
"2017_1181_1211",0.265251181870304
"2017_1190_1211",0.0897863099125411
"2017_1195_1211",0.0534187538332429
"2017_1196_1211",0.239860617781191
"2017_1199_1211",0.166235642357122
"2017_1112_1233",0.876375281143926
"2017_1116_1233",0.789584218911724
"2017_1124_1233",0.865026636778466
"2017_1137_1233",0.664360470026253
"2017_1139_1233",0.816428238906268
"2017_1153_1233",0.866043076490012
"2017_1166_1233",0.818477000917247
"2017_1173_1233",0.750047675738204
"2017_1181_1233",0.906027900587234
"2017_1190_1233",0.724855668971967
"2017_1195_1233",0.601142719208367
"2017_1196_1233",0.893925410998739
"2017_1199_1233",0.841892764222248
"2017_1211_1233",0.964557432354996
"2017_1112_1235",0.568518804044713
"2017_1116_1235",0.410883942380391
"2017_1124_1235",0.543626139113279
"2017_1137_1235",0.268951978290164
"2017_1139_1235",0.452543263895583
"2017_1153_1235",0.545792057228728
"2017_1166_1235",0.455946900847311
"2017_1173_1235",0.358043317006473
"2017_1181_1235",0.641835290033282
"2017_1190_1235",0.328703084643559
"2017_1195_1235",0.218828787983694
"2017_1196_1235",0.610341136526276
"2017_1199_1235",0.497411450349198
"2017_1211_1235",0.834936079511385
"2017_1233_1235",0.159238993225918
"2017_1112_1240",0.946163821129445
"2017_1116_1240",0.902941786560499
"2017_1124_1240",0.940788856867423
"2017_1137_1240",0.830716428845682
"2017_1139_1240",0.91684708872043
"2017_1153_1240",0.941273490258665
"2017_1166_1240",0.917887838272446
"2017_1173_1240",0.881508425641686
"2017_1181_1240",0.959843977032156
"2017_1190_1240",0.86722043951087
"2017_1195_1240",0.788874556898408
"2017_1196_1240",0.954322941229612
"2017_1199_1240",0.929583253933979
"2017_1211_1240",0.98539504737912
"2017_1233_1240",0.716417150513834
"2017_1235_1240",0.931469957997639
"2017_1112_1242",0.380157280291858
"2017_1116_1242",0.245084351985666
"2017_1124_1242",0.356694113104054
"2017_1137_1242",0.146210480313657
"2017_1139_1242",0.277862087701128
"2017_1153_1242",0.358700634202693
"2017_1166_1242",0.280625376297774
"2017_1173_1242",0.206106218445906
"2017_1181_1242",0.454785748333995
"2017_1190_1242",0.185616626032428
"2017_1195_1242",0.115352574121551
"2017_1196_1242",0.421664355233444
"2017_1199_1242",0.315388685126259
"2017_1211_1242",0.701893569758563
"2017_1233_1242",0.0810182050234576
"2017_1235_1242",0.321724272429814
"2017_1240_1242",0.0343394160796209
"2017_1112_1243",0.622885891976228
"2017_1116_1243",0.46647354688396
"2017_1124_1243",0.598916965448812
"2017_1137_1243",0.315627154907251
"2017_1139_1243",0.508900310079303
"2017_1153_1243",0.601013066746425
"2017_1166_1243",0.512331143042113
"2017_1173_1243",0.411477266224965
"2017_1181_1243",0.69196965838178
"2017_1190_1243",0.380352667895331
"2017_1195_1243",0.2598978315962
"2017_1196_1243",0.662566273535423
"2017_1199_1243",0.553704726421226
"2017_1211_1243",0.863777712986859
"2017_1233_1243",0.191871345969336
"2017_1235_1243",0.560905362453183
"2017_1240_1243",0.0873984095726262
"2017_1242_1243",0.732927845268705
"2017_1112_1245",0.905833502036549
"2017_1116_1245",0.835849952108291
"2017_1124_1245",0.896870870816918
"2017_1137_1245",0.728699481388165
"2017_1139_1245",0.857854158085142
"2017_1153_1245",0.897675869114623
"2017_1166_1245",0.859520136513698
"2017_1173_1245",0.802835864792535
"2017_1181_1245",0.928992775522527
"2017_1190_1245",0.781413717837638
"2017_1195_1245",0.67160999700642
"2017_1196_1245",0.919585386497544
"2017_1199_1245",0.878427896472231
"2017_1211_1245",0.973635098720053
"2017_1233_1245",0.580318091157616
"2017_1235_1245",0.881510519442853
"2017_1240_1245",0.358047924527793
"2017_1242_1245",0.941116383234206
"2017_1243_1245",0.855796569468548
"2017_1112_1246",0.309773954416764
"2017_1116_1246",0.191963937249779
"2017_1124_1246",0.288632005502328
"2017_1137_1246",0.111359104329851
"2017_1139_1246",0.21970491350834
"2017_1153_1246",0.29042850717046
"2017_1166_1246",0.222067694200903
"2017_1173_1246",0.159647443884542
"2017_1181_1246",0.37903456866632
"2017_1190_1246",0.142944844420256
"2017_1195_1246",0.0871062019714756
"2017_1196_1246",0.347909638214489
"2017_1199_1246",0.252119307911264
"2017_1211_1246",0.632750706023001
"2017_1233_1246",0.0606033281942866
"2017_1235_1246",0.25766227288785
"2017_1240_1246",0.0253619995475119
"2017_1242_1246",0.427156175140621
"2017_1243_1246",0.216842989451234
"2017_1245_1246",0.0453846224568878
"2017_1112_1257",0.456912777600424
"2017_1116_1257",0.308124886384873
"2017_1124_1257",0.432014077588269
"2017_1137_1257",0.190227258416222
"2017_1139_1257",0.345475350513867
"2017_1153_1257",0.434158349168505
"2017_1166_1257",0.348586462773539
"2017_1173_1257",0.26260847949153
"2017_1181_1257",0.533636834665448
"2017_1190_1257",0.238187088339484
"2017_1195_1257",0.151730484063143
"2017_1196_1257",0.50003962805094
"2017_1199_1257",0.387236799888938
"2017_1211_1257",0.763584779857854
"2017_1233_1257",0.107888855195533
"2017_1235_1257",0.394184665031718
"2017_1240_1257",0.0465120540568011
"2017_1242_1257",0.582959759573635
"2017_1243_1257",0.34169253342074
"2017_1245_1257",0.0818301748013834
"2017_1246_1257",0.656386211207663
"2017_1112_1266",0.639212884625142
"2017_1116_1266",0.483962155412499
"2017_1124_1266",0.61564134310797
"2017_1137_1266",0.330968644033104
"2017_1139_1266",0.526410134805088
"2017_1153_1266",0.617705831422129
"2017_1166_1266",0.529831657791922
"2017_1173_1266",0.428560221274396
"2017_1181_1266",0.706713989751938
"2017_1190_1266",0.397015144581252
"2017_1195_1266",0.273613503928262
"2017_1196_1266",0.678063236065176
"2017_1199_1266",0.570963852385096
"2017_1211_1266",0.871821557511831
"2017_1233_1266",0.202981629372386
"2017_1235_1266",0.578098203578267
"2017_1240_1266",0.0931565537080787
"2017_1242_1266",0.74643007955362
"2017_1243_1266",0.522226869005548
"2017_1245_1266",0.158023358876485
"2017_1246_1266",0.800904631823954
"2017_1257_1266",0.682125945241445
"2017_1112_1268",0.722735703374634
"2017_1116_1268",0.579799296630216
"2017_1124_1268",0.702077701266655
"2017_1137_1268",0.421240191625681
"2017_1139_1268",0.620544946149633
"2017_1153_1268",0.703901213935806
"2017_1166_1268",0.623772441931258
"2017_1173_1268",0.524578947409324
"2017_1181_1268",0.77998873025066
"2017_1190_1268",0.492051989598143
"2017_1195_1268",0.356579155323339
"2017_1196_1268",0.756024937560568
"2017_1199_1268",0.661930184499633
"2017_1211_1268",0.909148680395929
"2017_1233_1268",0.272566628801931
"2017_1235_1268",0.668430306513548
"2017_1240_1268",0.131294025134423
"2017_1242_1268",0.812415923418771
"2017_1243_1268",0.616587555314359
"2017_1245_1268",0.216380273464306
"2017_1246_1268",0.855459729853866
"2017_1257_1268",0.759452827213933
"2017_1266_1268",0.599877590824843
"2017_1112_1274",0.648315926836394
"2017_1116_1274",0.493880804972358
"2017_1124_1274",0.624990204571428
"2017_1137_1274",0.339816536340082
"2017_1139_1274",0.536294634637636
"2017_1153_1274",0.627034898867171
"2017_1166_1274",0.539707188237114
"2017_1173_1274",0.438307840474684
"2017_1181_1274",0.714873600727686
"2017_1190_1274",0.40655573704307
"2017_1195_1274",0.281573415763547
"2017_1196_1274",0.686666540810301
"2017_1199_1274",0.580659214924591
"2017_1211_1274",0.876192381411274
"2017_1233_1274",0.209479309251782
"2017_1235_1274",0.587748750699549
"2017_1240_1274",0.0965645481496265
"2017_1242_1274",0.753869563143758
"2017_1243_1274",0.532121076866338
"2017_1245_1274",0.163376879578603
"2017_1246_1274",0.807158791779664
"2017_1257_1274",0.690670209109475
"2017_1266_1274",0.514627712809687
"2017_1268_1274",0.418825818735342
"2017_1112_1276",0.559030522482262
"2017_1116_1276",0.401577987786105
"2017_1124_1276",0.534039111114047
"2017_1137_1276",0.261434049199574
"2017_1139_1276",0.443003295623285
"2017_1153_1276",0.536211711341829
"2017_1166_1276",0.446393686944118
"2017_1173_1276",0.349224692767327
"2017_1181_1276",0.632918252751431
"2017_1190_1276",0.320246609787676
"2017_1195_1276",0.212305046877007
"2017_1196_1276",0.601127285832717
"2017_1199_1276",0.487768356753192
"2017_1211_1276",0.829549850499928
"2017_1233_1276",0.154141208512625
"2017_1235_1276",0.495062689662754
"2017_1240_1276",0.0684714836815246
"2017_1242_1276",0.678075431762024
"2017_1243_1276",0.438868624167433
"2017_1245_1276",0.118393658395542
"2017_1246_1276",0.742162153331508
"2017_1257_1276",0.605596159036918
"2017_1266_1276",0.421677979681566
"2017_1268_1276",0.331366329272138
"2017_1274_1276",0.41202890324935
"2017_1112_1277",0.713321788458931
"2017_1116_1277",0.568430231036557
"2017_1124_1277",0.692261041665688
"2017_1137_1277",0.409946994702338
"2017_1139_1277",0.609535880861443
"2017_1153_1277",0.694118461742848
"2017_1166_1277",0.612798587639619
"2017_1173_1277",0.512970826944907
"2017_1181_1277",0.771905224753262
"2017_1190_1277",0.480436276256241
"2017_1195_1277",0.345983179897911
"2017_1196_1277",0.747346169525976
"2017_1199_1277",0.651447401809169
"2017_1211_1277",0.905234120118812
"2017_1233_1277",0.263444967195072
"2017_1235_1277",0.658044954505834
"2017_1240_1277",0.126080729522798
"2017_1242_1277",0.805226322846398
"2017_1243_1277",0.605536659720719
"2017_1245_1277",0.208599730016649
"2017_1246_1277",0.849614499812068
"2017_1257_1277",0.750855813206304
"2017_1266_1277",0.588666369395306
"2017_1268_1277",0.493083445046284
"2017_1274_1277",0.579021917364581
"2017_1276_1277",0.666673073593157
"2017_1112_1278",0.681772727188822
"2017_1116_1278",0.53141049855194
"2017_1124_1278",0.659500595897659
"2017_1137_1278",0.374296997443725
"2017_1139_1278",0.573395905688787
"2017_1153_1278",0.661459049916345
"2017_1166_1278",0.576750905206585
"2017_1173_1278",0.475582744167216
"2017_1181_1278",0.744493986015133
"2017_1190_1278",0.443261294661558
"2017_1195_1278",0.312945484961275
"2017_1196_1278",0.718061543258414
"2017_1199_1278",0.616747529718655
"2017_1211_1278",0.891595451593095
"2017_1233_1278",0.235451378941748
"2017_1235_1278",0.623622418260042
"2017_1240_1278",0.110493775318262
"2017_1242_1278",0.780681698338713
"2017_1243_1278",0.569288089856519
"2017_1245_1278",0.184970440874813
"2017_1246_1278",0.829478951269423
"2017_1257_1278",0.72182656746673
"2017_1266_1278",0.552014444205855
"2017_1268_1278",0.455788341457124
"2017_1274_1278",0.54217897642245
"2017_1276_1278",0.632634198920903
"2017_1277_1278",0.46734416056104
"2017_1112_1291",0.959918871627136
"2017_1116_1291",0.926886649283167
"2017_1124_1291",0.955853125166419
"2017_1137_1291",0.86991262079278
"2017_1139_1291",0.937598507663231
"2017_1153_1291",0.956220197741578
"2017_1166_1291",0.938396981584219
"2017_1173_1291",0.910215240251411
"2017_1181_1291",0.970213805580526
"2017_1190_1291",0.898992147091332
"2017_1195_1291",0.835844438228762
"2017_1196_1291",0.966068111302529
"2017_1199_1291",0.947338828168006
"2017_1211_1291",0.989240571181981
"2017_1233_1291",0.774907360428658
"2017_1235_1291",0.948776014889051
"2017_1240_1291",0.581346975450114
"2017_1242_1291",0.97548515358016
"2017_1243_1291",0.936609937304464
"2017_1245_1291",0.717274931639689
"2017_1246_1291",0.981942144964699
"2017_1257_1291",0.96667494415991
"2017_1266_1291",0.932316243055785
"2017_1268_1291",0.903497368131768
"2017_1274_1291",0.929767961741794
"2017_1276_1291",0.950618966946959
"2017_1277_1291",0.907476336988626
"2017_1278_1291",0.919297837668446
"2017_1112_1292",0.613749582483453
"2017_1116_1292",0.456852143186812
"2017_1124_1292",0.589582579614285
"2017_1137_1292",0.307324876401595
"2017_1139_1292",0.499222641457882
"2017_1153_1292",0.591694206407015
"2017_1166_1292",0.502655009567484
"2017_1173_1292",0.402135216710598
"2017_1181_1292",0.683657025667345
"2017_1190_1292",0.371271473362915
"2017_1195_1292",0.252520568890976
"2017_1196_1292",0.653857076228927
"2017_1199_1292",0.544119044201405
"2017_1211_1292",0.859157862194729
"2017_1233_1292",0.18593990881981
"2017_1235_1292",0.551349023261278
"2017_1240_1292",0.0843594712651664
"2017_1242_1292",0.725281706996861
"2017_1243_1292",0.495029594792776
"2017_1245_1292",0.144073885684444
"2017_1246_1292",0.782978625018367
"2017_1257_1292",0.658071216090329
"2017_1266_1292",0.47751112752562
"2017_1268_1292",0.383164220533873
"2017_1274_1292",0.467617487045319
"2017_1276_1292",0.560872755176324
"2017_1277_1292",0.394212535849212
"2017_1278_1292",0.430454441927584
"2017_1291_1292",0.063327744178323
"2017_1112_1297",0.891673654762778
"2017_1116_1297",0.813335218816838
"2017_1124_1297",0.881539557110477
"2017_1137_1297",0.696818862983625
"2017_1139_1297",0.837771736524465
"2017_1153_1297",0.882448542290458
"2017_1166_1297",0.839629083962905
"2017_1173_1297",0.777001027779988
"2017_1181_1297",0.918000148234989
"2017_1190_1297",0.753633273824052
"2017_1195_1297",0.636368464020695
"2017_1196_1297",0.907281753442168
"2017_1199_1297",0.860780423431754
"2017_1211_1297",0.96932535014506
"2017_1233_1297",0.541961096186792
"2017_1235_1297",0.86424136556203
"2017_1240_1297",0.323072803779623
"2017_1242_1297",0.931862953350576
"2017_1243_1297",0.8354792013408
"2017_1245_1297",0.465801712170489
"2017_1246_1297",0.949211431973437
"2017_1257_1297",0.908840708421797
"2017_1266_1297",0.825610888598518
"2017_1268_1297",0.762912047850061
"2017_1274_1297",0.819821575421458
"2017_1276_1297",0.868704848782129
"2017_1277_1297",0.77121980382324
"2017_1278_1297",0.796547377957832
"2017_1291_1297",0.259386594225536
"2017_1292_1297",0.840731768499524
"2017_1112_1300",0.934150533197756
"2017_1116_1300",0.882481638888899
"2017_1124_1300",0.927667862472992
"2017_1137_1300",0.798429825605195
"2017_1139_1300",0.898990304134039
"2017_1153_1300",0.928251698798351
"2017_1166_1300",0.900230230269348
"2017_1173_1300",0.857244396567799
"2017_1181_1300",0.950724370241848
"2017_1190_1300",0.840559795664556
"2017_1195_1300",0.750999689224385
"2017_1196_1300",0.9440226069635
"2017_1199_1300",0.91420558121042
"2017_1211_1300",0.981969193710651
"2017_1233_1300",0.670965373925857
"2017_1235_1300",0.91646728112191
"2017_1240_1300",0.451311873424461
"2017_1242_1300",0.959300131687881
"2017_1243_1300",0.897456992057819
"2017_1245_1300",0.600442063848864
"2017_1246_1300",0.969888522284637
"2017_1257_1300",0.945001253008379
"2017_1266_1300",0.890820433871176
"2017_1268_1300",0.847228360836688
"2017_1274_1300",0.886899368838471
"2017_1276_1300",0.919373865744637
"2017_1277_1300",0.853150305733032
"2017_1278_1300",0.870925635879754
"2017_1291_1300",0.376402815168114
"2017_1292_1300",0.900965379130742
"2017_1297_1300",0.637180290936582
"2017_1112_1305",0.632741424145244
"2017_1116_1305",0.476984479142981
"2017_1124_1305",0.609005699682497
"2017_1137_1305",0.324808388524183
"2017_1139_1305",0.519436489237117
"2017_1153_1305",0.611083313917444
"2017_1166_1305",0.522862728079432
"2017_1173_1305",0.421728526360906
"2017_1181_1305",0.700886732341007
"2017_1190_1305",0.39034281318196
"2017_1195_1305",0.268093005861047
"2017_1196_1305",0.671930980360449
"2017_1199_1305",0.56410301194447
"2017_1211_1305",0.868665154804527
"2017_1233_1305",0.198496790577717
"2017_1235_1305",0.571265782831872
"2017_1240_1305",0.0908217666332951
"2017_1242_1305",0.74110285215703
"2017_1243_1305",0.515248348689854
"2017_1245_1305",0.154339506928227
"2017_1246_1305",0.796409704067549
"2017_1257_1305",0.676034102238021
"2017_1266_1305",0.49771960743136
"2017_1268_1305",0.402455418005759
"2017_1274_1305",0.487798167106993
"2017_1276_1305",0.580688266568838
"2017_1277_1305",0.413686928951659
"2017_1278_1305",0.450388110719359
"2017_1291_1305",0.0682990955581136
"2017_1292_1305",0.524911045557751
"2017_1297_1305",0.175791633065464
"2017_1300_1305",0.110127596602104
"2017_1112_1308",0.773253099951952
"2017_1116_1308",0.643514073503572
"2017_1124_1308",0.755083493381088
"2017_1137_1308",0.487756257753917
"2017_1139_1308",0.681475624005419
"2017_1153_1308",0.756695003299957
"2017_1166_1308",0.684448402466958
"2017_1173_1308",0.590756767439149
"2017_1181_1308",0.822634627505327
"2017_1190_1308",0.55895076372845
"2017_1195_1308",0.420299711986986
"2017_1196_1308",0.802137538742991
"2017_1199_1308",0.719222303529176
"2017_1211_1308",0.929036602339167
"2017_1233_1308",0.328949594894638
"2017_1235_1308",0.72507837732175
"2017_1240_1308",0.16508549342663
"2017_1242_1308",0.849985185814016
"2017_1243_1308",0.677823770765019
"2017_1245_1308",0.265380724538021
"2017_1246_1308",0.885621897574092
"2017_1257_1308",0.805084575178026
"2017_1266_1308",0.662321021709813
"2017_1268_1308",0.571391758827499
"2017_1274_1308",0.653386678410143
"2017_1276_1308",0.732702161108666
"2017_1277_1308",0.582740076294128
"2017_1278_1308",0.618614972763915
"2017_1291_1308",0.12671306294998
"2017_1292_1308",0.686219333093742
"2017_1297_1308",0.296849086384105
"2017_1300_1308",0.196761064742588
"2017_1305_1308",0.668544297548802
"2017_1112_1309",0.944846555746013
"2017_1116_1309",0.900677978485153
"2017_1124_1309",0.939348507114058
"2017_1137_1309",0.827090613591181
"2017_1139_1309",0.914877035526417
"2017_1153_1309",0.93984417571671
"2017_1166_1309",0.915940181771296
"2017_1173_1309",0.878811797170449
"2017_1181_1309",0.958846879318284
"2017_1190_1309",0.864248720521328
"2017_1195_1309",0.784584941948508
"2017_1196_1309",0.953195437846619
"2017_1199_1309",0.927891213323775
"2017_1211_1309",0.98502249780633
"2017_1233_1309",0.711194319090609
"2017_1235_1309",0.929819830241084
"2017_1240_1309",0.49831637880176
"2017_1242_1309",0.96605949264922
"2017_1243_1309",0.913561694191054
"2017_1245_1309",0.644727915260005
"2017_1246_1309",0.974935328623875
"2017_1257_1309",0.954021527063954
"2017_1266_1309",0.9078604189034
"2017_1268_1309",0.870079639540589
"2017_1274_1309",0.904485710299132
"2017_1276_1309",0.932296125886285
"2017_1277_1309",0.8752462240256
"2017_1278_1309",0.890689650336524
"2017_1291_1309",0.421600247809938
"2017_1292_1309",0.916570300580324
"2017_1297_1309",0.679567230649463
"2017_1300_1309",0.551682061686764
"2017_1305_1309",0.910172242313266
"2017_1308_1309",0.836575204569764
"2017_1112_1314",0.360890537735528
"2017_1116_1314",0.230121741381798
"2017_1124_1314",0.337968132386798
"2017_1137_1314",0.136195182673704
"2017_1139_1314",0.261591788211465
"2017_1153_1314",0.33992497560171
"2017_1166_1314",0.26425248110386
"2017_1173_1314",0.192915148415619
"2017_1181_1314",0.434387368163721
"2017_1190_1314",0.173450409999057
"2017_1195_1314",0.107185656327339
"2017_1196_1314",0.401657135530031
"2017_1199_1314",0.297827257837569
"2017_1211_1314",0.684323081625058
"2017_1233_1314",0.0750758517062498
"2017_1235_1314",0.303966700612631
"2017_1240_1314",0.0317026513330093
"2017_1242_1314",0.484058359630011
"2017_1243_1314",0.258364900315204
"2017_1245_1314",0.056441166041136
"2017_1246_1314",0.561809088806667
"2017_1257_1314",0.406153074983749
"2017_1266_1314",0.245155629924563
"2017_1268_1314",0.180828959062303
"2017_1274_1314",0.237884337603977
"2017_1276_1314",0.312190721581676
"2017_1277_1314",0.187819509368862
"2017_1278_1314",0.211718212007579
"2017_1291_1314",0.023462447305794
"2017_1292_1314",0.26585217630596
"2017_1297_1314",0.065337417474848
"2017_1300_1314",0.0389804260949232
"2017_1305_1314",0.25036537562751
"2017_1308_1314",0.144372186568395
"2017_1309_1314",0.0324969534005795
"2017_1112_1315",0.924227627407998
"2017_1116_1315",0.865890493963957
"2017_1124_1315",0.91685502616642
"2017_1137_1315",0.773024362737162
"2017_1139_1315",0.884424598281546
"2017_1153_1315",0.917518379375019
"2017_1166_1315",0.885820614141545
"2017_1173_1315",0.837745373147051
"2017_1181_1315",0.943146987505459
"2017_1190_1315",0.819262303201655
"2017_1195_1315",0.721699919646823
"2017_1196_1315",0.935484590932003
"2017_1199_1315",0.901593766094656
"2017_1211_1315",0.979090829213948
"2017_1233_1315",0.636802528085122
"2017_1235_1315",0.904153080004812
"2017_1240_1315",0.414252477524765
"2017_1242_1315",0.952976264407459
"2017_1243_1315",0.882699030955825
"2017_1245_1315",0.563718112040935
"2017_1246_1315",0.965150091034878
"2017_1257_1315",0.936602481653825
"2017_1266_1315",0.875240118676817
"2017_1268_1315",0.826637916483607
"2017_1274_1315",0.870840632344504
"2017_1276_1315",0.90744487373061
"2017_1277_1315",0.833200878790233
"2017_1278_1315",0.852974833297004
"2017_1291_1315",0.341664288690391
"2017_1292_1315",0.88664857048346
"2017_1297_1315",0.601592506784899
"2017_1300_1315",0.466995695523238
"2017_1305_1315",0.878260649100743
"2017_1308_1315",0.784702657051942
"2017_1309_1315",0.420469453853726
"2017_1314_1315",0.956543168532258
"2017_1112_1321",0.696507357177367
"2017_1116_1321",0.548496585489672
"2017_1124_1321",0.674774539151184
"2017_1137_1321",0.390541700662191
"2017_1139_1321",0.590131849248153
"2017_1153_1321",0.676688209853437
"2017_1166_1321",0.593448550876644
"2017_1173_1321",0.492761424774254
"2017_1181_1321",0.757358059355164
"2017_1190_1321",0.46029722685774
"2017_1195_1321",0.327922979813182
"2017_1196_1321",0.731776965502067
"2017_1199_1321",0.632871676837396
"2017_1211_1321",0.898067362760593
"2017_1233_1321",0.248059094209958
"2017_1235_1321",0.639626332352664
"2017_1240_1321",0.117438170003737
"2017_1242_1321",0.792232271434051
"2017_1243_1321",0.586068850776258
"2017_1245_1321",0.195566489153652
"2017_1246_1321",0.838989612405533
"2017_1257_1321",0.735426318138935
"2017_1266_1321",0.568958635030727
"2017_1268_1321",0.47289677809782
"2017_1274_1321",0.559198114416402
"2017_1276_1321",0.648470923408373
"2017_1277_1321",0.484500189618829
"2017_1278_1321",0.521891648660512
"2017_1291_1321",0.0889608072323835
"2017_1292_1321",0.595428313915824
"2017_1297_1321",0.221249675019414
"2017_1300_1321",0.141521119964405
"2017_1305_1321",0.57580052113067
"2017_1308_1321",0.406797850503569
"2017_1309_1321",0.120114091725559
"2017_1314_1321",0.805503628307766
"2017_1315_1321",0.160883170406129
"2017_1112_1323",0.572775344231116
"2017_1116_1323",0.415095663494897
"2017_1124_1323",0.54793297925129
"2017_1137_1323",0.272381504047877
"2017_1139_1323",0.456850858240248
"2017_1153_1323",0.55009537350401
"2017_1166_1323",0.460259655433921
"2017_1173_1323",0.362046268702486
"2017_1181_1323",0.64581915180762
"2017_1190_1323",0.332547935130777
"2017_1195_1323",0.221813098210866
"2017_1196_1323",0.614464885095525
"2017_1199_1323",0.501754697931523
"2017_1211_1323",0.83731649271623
"2017_1233_1323",0.161578731639917
"2017_1235_1323",0.509050329861944
"2017_1240_1323",0.0721278119392537
"2017_1242_1323",0.690166205068389
"2017_1243_1323",0.452691984368339
"2017_1245_1323",0.124359907220504
"2017_1246_1323",0.752723724674343
"2017_1257_1323",0.618879068019228
"2017_1266_1323",0.435379995560847
"2017_1268_1323",0.343878705455205
"2017_1274_1323",0.425648146969217
"2017_1276_1323",0.518688120186586
"2017_1277_1323",0.354445159176598
"2017_1278_1323",0.389381022347221
"2017_1291_1323",0.0539658396714937
"2017_1292_1323",0.462300346754238
"2017_1297_1323",0.142346482390872
"2017_1300_1323",0.0878438382329605
"2017_1305_1323",0.442263702866971
"2017_1308_1323",0.286027543921205
"2017_1309_1323",0.0738577009706749
"2017_1314_1323",0.707550454126507
"2017_1315_1323",0.100723726557634
"2017_1321_1323",0.37315503809921
"2017_1112_1329",0.557519795489677
"2017_1116_1329",0.400106690140331
"2017_1124_1329",0.532514363514669
"2017_1137_1329",0.260252907401238
"2017_1139_1329",0.441492196949585
"2017_1153_1329",0.534687878661294
"2017_1166_1329",0.444880260434398
"2017_1173_1329",0.347833715895531
"2017_1181_1329",0.631493796729146
"2017_1190_1329",0.318914491461585
"2017_1195_1329",0.211282369876186
"2017_1196_1329",0.599657497609727
"2017_1199_1329",0.486237860249283
"2017_1211_1329",0.828681885129091
"2017_1233_1329",0.153344164529037
"2017_1235_1329",0.493531357582499
"2017_1240_1329",0.0680817713327118
"2017_1242_1329",0.676736707843355
"2017_1243_1329",0.437360554754603
"2017_1245_1329",0.11775572709653
"2017_1246_1329",0.740988134438723
"2017_1257_1329",0.604131993642279
"2017_1266_1329",0.420184748054418
"2017_1268_1329",0.330010412438923
"2017_1274_1329",0.410545584351344
"2017_1276_1329",0.503176465283135
"2017_1277_1329",0.34037179456045
"2017_1278_1329",0.374725711849438
"2017_1291_1329",0.0508827334640724
"2017_1292_1329",0.446909223797512
"2017_1297_1329",0.134934310204547
"2017_1300_1329",0.0829950562958697
"2017_1305_1329",0.427009901469196
"2017_1308_1329",0.273519731700339
"2017_1309_1329",0.0697219131631226
"2017_1314_1329",0.694540970643703
"2017_1315_1329",0.0952382331433747
"2017_1321_1329",0.358751630325248
"2017_1323_1329",0.489189403778073
"2017_1112_1332",0.486726762505279
"2017_1116_1332",0.334204764826548
"2017_1124_1332",0.461584243634847
"2017_1137_1332",0.20934763435976
"2017_1139_1332",0.373012200564514
"2017_1153_1332",0.463755448715086
"2017_1166_1332",0.376228749978572
"2017_1173_1332",0.286430740628439
"2017_1181_1332",0.563264817362769
"2017_1190_1332",0.260576844595201
"2017_1195_1332",0.167783160289831
"2017_1196_1332",0.529921830905088
"2017_1199_1332",0.41598677088796
"2017_1211_1332",0.78450352098327
"2017_1233_1332",0.119959140207282
"2017_1235_1332",0.423094303194786
"2017_1240_1332",0.0521168322980949
"2017_1242_1332",0.611734134128361
"2017_1243_1332",0.36909789695907
"2017_1245_1332",0.0912834008642227
"2017_1246_1332",0.682850576303284
"2017_1257_1332",0.534570791880672
"2017_1266_1332",0.352921322665773
"2017_1268_1332",0.270449012164596
"2017_1274_1332",0.343909965869143
"2017_1276_1332",0.432538472625936
"2017_1277_1332",0.27972108703779
"2017_1278_1332",0.310838147783966
"2017_1291_1332",0.0387830654609892
"2017_1292_1332",0.378157903328939
"2017_1297_1332",0.105059997633714
"2017_1300_1332",0.0637723155083379
"2017_1305_1332",0.359331006682586
"2017_1308_1332",0.220794007675226
"2017_1309_1332",0.0533944027144225
"2017_1314_1332",0.631167294428818
"2017_1315_1332",0.0734068103554356
"2017_1321_1332",0.296296960479376
"2017_1323_1332",0.418859542850001
"2017_1329_1332",0.434042741755387
"2017_1112_1343",0.744489755562446
"2017_1116_1343",0.60666467577593
"2017_1124_1343",0.724835484011496
"2017_1137_1343",0.448602151876619
"2017_1139_1343",0.646394030855576
"2017_1153_1343",0.726573950455114
"2017_1166_1343",0.64952583921037
"2017_1173_1343",0.552248386539993
"2017_1181_1343",0.798503104025529
"2017_1190_1343",0.519881875889519
"2017_1195_1343",0.382516966252284
"2017_1196_1343",0.775976716254001
"2017_1199_1343",0.686384841238265
"2017_1211_1343",0.917937526410431
"2017_1233_1343",0.29519705493964
"2017_1235_1343",0.6926331037943
"2017_1240_1343",0.144525383423437
"2017_1242_1343",0.828800432358327
"2017_1243_1343",0.642550936954472
"2017_1245_1343",0.235858254143519
"2017_1246_1343",0.868692241837629
"2017_1257_1343",0.779206148084761
"2017_1266_1343",0.626286687499621
"2017_1268_1343",0.532503184386745
"2017_1274_1343",0.616950337794688
"2017_1276_1343",0.700785331360669
"2017_1277_1343",0.544059547130007
"2017_1278_1343",0.5808681420062
"2017_1291_1343",0.110300587604744
"2017_1292_1343",0.651392937866921
"2017_1297_1343",0.265089138840212
"2017_1300_1343",0.17307377775425
"2017_1305_1343",0.632805881615518
"2017_1308_1343",0.465429433374784
"2017_1309_1343",0.14771520680638
"2017_1314_1343",0.840207098880702
"2017_1315_1343",0.195768252991276
"2017_1321_1343",0.564033382226737
"2017_1323_1343",0.6889221730436
"2017_1329_1343",0.702068308363935
"2017_1332_1343",0.757931850136922
"2017_1112_1344",0.713020567641199
"2017_1116_1344",0.568068954040413
"2017_1124_1344",0.691947248337717
"2017_1137_1344",0.409590847522751
"2017_1139_1344",0.609185356000601
"2017_1153_1344",0.693805724657985
"2017_1166_1344",0.612449129473417
"2017_1173_1344",0.512602931592901
"2017_1181_1344",0.771645853641581
"2017_1190_1344",0.480068714376201
"2017_1195_1344",0.345650049870352
"2017_1196_1344",0.747068022594337
"2017_1199_1344",0.651112965896304
"2017_1211_1344",0.905107722029626
"2017_1233_1344",0.263159331673471
"2017_1235_1344",0.657713522819602
"2017_1240_1344",0.125918567434247
"2017_1242_1344",0.804995269729787
"2017_1243_1344",0.605184870158897
"2017_1245_1344",0.208356738012606
"2017_1246_1344",0.849426256357177
"2017_1257_1344",0.750580240548616
"2017_1266_1344",0.588309763503783
"2017_1268_1344",0.492715383170148
"2017_1274_1344",0.578662934771601
"2017_1276_1344",0.666345764343642
"2017_1277_1344",0.504339795420979
"2017_1278_1344",0.541653573040509
"2017_1291_1344",0.0956075774562981
"2017_1292_1344",0.614396486834679
"2017_1297_1344",0.235228459060373
"2017_1300_1344",0.151442172207221
"2017_1305_1344",0.59506310055562
"2017_1308_1344",0.426085567770104
"2017_1309_1344",0.128759530462535
"2017_1314_1344",0.817639037173852
"2017_1315_1344",0.171889785848721
"2017_1321_1344",0.524533007166976
"2017_1323_1344",0.653791728985076
"2017_1329_1344",0.667706390443504
"2017_1332_1344",0.72751227547032
"2017_1343_1344",0.464931496427706
"2017_1112_1345",0.520564100540655
"2017_1116_1345",0.364978585706681
"2017_1124_1345",0.495360581490619
"2017_1137_1345",0.232641771371395
"2017_1139_1345",0.405184754779646
"2017_1153_1345",0.497543847189768
"2017_1166_1345",0.408497981567543
"2017_1173_1345",0.314886020943052
"2017_1181_1345",0.596242044188234
"2017_1190_1345",0.287498515295145
"2017_1195_1345",0.187549475069688
"2017_1196_1345",0.563465516627558
"2017_1199_1345",0.449210298575743
"2017_1211_1345",0.806513788976793
"2017_1233_1345",0.135005352248517
"2017_1235_1345",0.456441829174704
"2017_1240_1345",0.059226405717912
"2017_1242_1345",0.643368747198248
"2017_1243_1345",0.401148844677485
"2017_1245_1345",0.103154471046061
"2017_1246_1345",0.711424240765316
"2017_1257_1345",0.568053143792622
"2017_1266_1345",0.384423484239298
"2017_1268_1345",0.297979603702205
"2017_1274_1345",0.375074006621956
"2017_1276_1345",0.466029060978827
"2017_1277_1345",0.30779732371115
"2017_1278_1345",0.340560926120495
"2017_1291_1345",0.0441584366326315
"2017_1292_1345",0.410483712387806
"2017_1297_1345",0.118489054387859
"2017_1300_1345",0.0723505221506726
"2017_1305_1345",0.391059535938486
"2017_1308_1345",0.244967173413592
"2017_1309_1345",0.0606671028020098
"2017_1314_1345",0.662093161253724
"2017_1315_1345",0.0831658603647226
"2017_1321_1345",0.325285584322918
"2017_1323_1345",0.45213488108646
"2017_1329_1345",0.467553836350229
"2017_1332_1345",0.538483840231952
"2017_1343_1345",0.275219159509184
"2017_1344_1345",0.308111150064464
"2017_1112_1348",0.622269106737776
"2017_1116_1348",0.465820330082197
"2017_1124_1348",0.598286260451062
"2017_1137_1348",0.315060433541458
"2017_1139_1348",0.508244277951448
"2017_1153_1348",0.600383458595177
"2017_1166_1348",0.511675296214058
"2017_1173_1348",0.410841758587804
"2017_1181_1348",0.691409885271117
"2017_1190_1348",0.379734214093107
"2017_1195_1348",0.259393247806343
"2017_1196_1348",0.661979168558373
"2017_1199_1348",0.553055980961141
"2017_1211_1348",0.863468557011037
"2017_1233_1348",0.191464666641863
"2017_1235_1348",0.560258771314237
"2017_1240_1348",0.0871892743248757
"2017_1242_1348",0.732413721085035
"2017_1243_1348",0.504051726740612
"2017_1245_1348",0.148581739850586
"2017_1246_1348",0.789048424004305
"2017_1257_1348",0.666144914448611
"2017_1266_1348",0.486521594693225
"2017_1268_1348",0.391729145919809
"2017_1274_1348",0.476611561877126
"2017_1276_1348",0.569740965227938
"2017_1277_1348",0.402863130177037
"2017_1278_1348",0.439323573923103
"2017_1291_1348",0.0655025164276887
"2017_1292_1348",0.513726974591884
"2017_1297_1348",0.169393881821351
"2017_1300_1348",0.105812816915341
"2017_1305_1348",0.493507142406218
"2017_1308_1348",0.329875277157546
"2017_1309_1348",0.0892456482366429
"2017_1314_1348",0.748292046726557
"2017_1315_1348",0.120977932098807
"2017_1321_1348",0.422456276389192
"2017_1323_1348",0.555974199569159
"2017_1329_1348",0.571242055442897
"2017_1332_1348",0.639023464416818
"2017_1343_1348",0.365536459282548
"2017_1344_1348",0.403217422627125
"2017_1345_1348",0.60723871176409
"2017_1112_1355",0.943214247209121
"2017_1116_1355",0.897879751187836
"2017_1124_1355",0.937564232128348
"2017_1137_1355",0.822627468169093
"2017_1139_1355",0.912439952671977
"2017_1153_1355",0.938073521244656
"2017_1166_1355",0.913530660106682
"2017_1173_1355",0.875482694629681
"2017_1181_1355",0.957610331663969
"2017_1190_1355",0.860583028536915
"2017_1195_1355",0.779317379645166
"2017_1196_1355",0.951797615238695
"2017_1199_1355",0.925796507754335
"2017_1211_1355",0.9999999
"2017_1233_1355",0.704807341213855
"2017_1235_1355",0.927776788787419
"2017_1240_1355",0.490593644357993
"2017_1242_1355",0.965031762259489
"2017_1243_1355",0.911090612634893
"2017_1245_1355",0.637619999433459
"2017_1246_1355",0.974169175353761
"2017_1257_1355",0.95264715006983
"2017_1266_1355",0.905243255778894
"2017_1268_1355",0.866547086880952
"2017_1274_1355",0.901783061060002
"2017_1276_1355",0.930319770544551
"2017_1277_1355",0.871833458174821
"2017_1278_1355",0.887645122734235
"2017_1291_1355",0.414085109583582
"2017_1292_1355",0.914177148483072
"2017_1297_1355",0.672802603755837
"2017_1300_1355",0.544029135291562
"2017_1305_1355",0.907614062684698
"2017_1308_1355",0.83230723923645
"2017_1309_1355",0.496984239103531
"2017_1314_1355",0.96771519702683
"2017_1315_1355",0.581179080974328
"2017_1321_1355",0.880599461015923
"2017_1323_1355",0.926603981780344
"2017_1329_1355",0.930715850901496
"2017_1332_1355",0.946946691981495
"2017_1343_1355",0.853134945310307
"2017_1344_1355",0.871997910050635
"2017_1345_1355",0.939717492760344
"2017_1348_1355",0.911303012088161
"2017_1112_1371",0.701465697759955
"2017_1116_1371",0.554325770737513
"2017_1124_1371",0.679924775419381
"2017_1137_1371",0.396165139831851
"2017_1139_1371",0.595819601983267
"2017_1153_1371",0.681822431053719
"2017_1166_1371",0.599121543231061
"2017_1173_1371",0.498652465063118
"2017_1181_1371",0.76166243490859
"2017_1190_1371",0.466156833371383
"2017_1195_1371",0.333137621540141
"2017_1196_1371",0.736377180631187
"2017_1199_1371",0.63832981809693
"2017_1211_1371",0.900204518629991
"2017_1233_1371",0.252480841194125
"2017_1235_1371",0.645040375316341
"2017_1240_1371",0.119902825983279
"2017_1242_1371",0.796084562047287
"2017_1243_1371",0.591773983150903
"2017_1245_1371",0.199300541319623
"2017_1246_1371",0.84214769809694
"2017_1257_1371",0.739986183301386
"2017_1266_1371",0.57472847023463
"2017_1268_1371",0.478774491734408
"2017_1274_1371",0.564998710821054
"2017_1276_1371",0.653824005006889
"2017_1277_1371",0.490387948924178
"2017_1278_1371",0.527768593589228
"2017_1291_1371",0.0908893614898747
"2017_1292_1371",0.601092250247109
"2017_1297_1371",0.225336744349873
"2017_1300_1371",0.144408501163559
"2017_1305_1371",0.581546129880299
"2017_1308_1371",0.4124969362584
"2017_1309_1371",0.122627103840845
"2017_1314_1371",0.809169122659761
"2017_1315_1371",0.164090078418319
"2017_1321_1371",0.510597995788913
"2017_1323_1371",0.641052622473107
"2017_1329_1371",0.655209272382157
"2017_1332_1371",0.716308741333364
"2017_1343_1371",0.451077706453825
"2017_1344_1371",0.490755954151848
"2017_1345_1371",0.688006620248797
"2017_1348_1371",0.59240794704797
"2017_1355_1371",0.125990066932009
"2017_1112_1374",0.434903938886415
"2017_1116_1374",0.289463023046104
"2017_1124_1374",0.410298484912871
"2017_1137_1374",0.176880456764621
"2017_1139_1374",0.325615961019264
"2017_1153_1374",0.412413234249353
"2017_1166_1374",0.328638029202627
"2017_1173_1374",0.245724282276974
"2017_1181_1374",0.511412450283755
"2017_1190_1374",0.222399481543986
"2017_1195_1374",0.140615679948203
"2017_1196_1374",0.477780986922127
"2017_1199_1374",0.366320352350466
"2017_1211_1374",0.747125783149574
"2017_1233_1374",0.0996084894372258
"2017_1235_1374",0.37312144911614
"2017_1240_1374",0.0427167416754098
"2017_1242_1374",0.561152887972614
"2017_1243_1374",0.321943637142154
"2017_1245_1374",0.0753807952999657
"2017_1246_1374",0.63602157605976
"2017_1257_1374",0.482441978971254
"2017_1266_1374",0.306828629890411
"2017_1268_1374",0.231277669101389
"2017_1274_1374",0.298451359865694
"2017_1276_1374",0.382189123874419
"2017_1277_1374",0.239647935133518
"2017_1278_1374",0.267965592125423
"2017_1291_1374",0.0317074817224073
"2017_1292_1374",0.330452432835423
"2017_1297_1374",0.0869870967143301
"2017_1300_1374",0.052386159049973
"2017_1305_1374",0.312805865034947
"2017_1308_1374",0.186971433865411
"2017_1309_1374",0.0437745237328425
"2017_1314_1374",0.581385269377189
"2017_1315_1374",0.0604114709872726
"2017_1321_1374",0.254688810778801
"2017_1323_1374",0.369066885804132
"2017_1329_1374",0.383636669575182
"2017_1332_1374",0.452658988934488
"2017_1343_1374",0.212072984279784
"2017_1344_1374",0.239916360351956
"2017_1345_1374",0.419374604365539
"2017_1348_1374",0.322516909837113
"2017_1355_1374",0.0450861342497406
"2017_1371_1374",0.250241339983861
"2017_1112_1376",0.702346640688486
"2017_1116_1376",0.555365687528511
"2017_1124_1376",0.680840361912556
"2017_1137_1376",0.397172766535181
"2017_1139_1376",0.596833116993349
"2017_1153_1376",0.682735122181423
"2017_1166_1376",0.600132335169589
"2017_1173_1376",0.499705043918676
"2017_1181_1376",0.762425905243177
"2017_1190_1376",0.467204740883163
"2017_1195_1376",0.334073631434346
"2017_1196_1376",0.737193700280107
"2017_1199_1376",0.639301267743811
"2017_1211_1376",0.900582122314468
"2017_1233_1376",0.253276302226512
"2017_1235_1376",0.646003796188956
"2017_1240_1376",0.120347837182659
"2017_1242_1376",0.79676718922106
"2017_1243_1376",0.592790709532459
"2017_1245_1376",0.199973275540005
"2017_1246_1376",0.842706591952559
"2017_1257_1376",0.740795459490481
"2017_1266_1376",0.575757215200496
"2017_1268_1376",0.479825269323857
"2017_1274_1376",0.566033220335163
"2017_1276_1376",0.654776344851254
"2017_1277_1376",0.491440183038838
"2017_1278_1376",0.528817804892539
"2017_1291_1376",0.0912378543041528
"2017_1292_1376",0.602101373272945
"2017_1297_1376",0.226072549482966
"2017_1300_1376",0.144929486185578
"2017_1305_1376",0.58257036107524
"2017_1308_1376",0.413517655300597
"2017_1309_1376",0.123080812002018
"2017_1314_1376",0.809818412067704
"2017_1315_1376",0.164668403168021
"2017_1321_1376",0.51165005648103
"2017_1323_1376",0.642020860083212
"2017_1329_1376",0.65615980544033
"2017_1332_1376",0.717163544620841
"2017_1343_1376",0.452120424814275
"2017_1344_1376",0.491808215853253
"2017_1345_1376",0.688909665849971
"2017_1348_1376",0.593424179290966
"2017_1355_1376",0.126454424386629
"2017_1371_1376",0.505760367752674
"2017_1374_1376",0.757532766084971
"2017_1112_1388",0.504172020708991
"2017_1116_1388",0.349910099720966
"2017_1124_1388",0.478969274088411
"2017_1137_1388",0.2211343218618
"2017_1139_1388",0.389474407477062
"2017_1153_1388",0.481149176956471
"2017_1166_1388",0.392743992098935
"2017_1173_1388",0.3009056731877
"2017_1181_1388",0.580351563980907
"2017_1190_1388",0.274247381677639
"2017_1195_1388",0.177755804651184
"2017_1196_1388",0.547264560329374
"2017_1199_1388",0.433035672303504
"2017_1211_1388",0.796068386771602
"2017_1233_1388",0.127524813336984
"2017_1235_1388",0.440214928988161
"2017_1240_1388",0.055674463213789
"2017_1242_1388",0.628176368981427
"2017_1243_1388",0.385493566260997
"2017_1245_1388",0.097240366415555
"2017_1246_1388",0.697769094808594
"2017_1257_1388",0.55188704289699
"2017_1266_1388",0.369018714730172
"2017_1268_1388",0.284438237627287
"2017_1274_1388",0.35982489423364
"2017_1276_1388",0.449743334855652
"2017_1277_1388",0.293996645826404
"2017_1278_1388",0.325983043253277
"2017_1291_1388",0.0414703202362651
"2017_1292_1388",0.394704243767494
"2017_1297_1388",0.111805381497269
"2017_1300_1388",0.0680684448541784
"2017_1305_1388",0.37555107800331
"2017_1308_1388",0.233035203849876
"2017_1309_1388",0.057033996488395
"2017_1314_1388",0.647261108427757
"2017_1315_1388",0.0782977034318334
"2017_1321_1388",0.31105314454134
"2017_1323_1388",0.435938296503324
"2017_1329_1388",0.451259856576475
"2017_1332_1388",0.522142023717999
"2017_1343_1388",0.262325619250384
"2017_1344_1388",0.294302383717249
"2017_1345_1388",0.488306583412463
"2017_1348_1388",0.386115560997968
"2017_1355_1388",0.0587185025869082
"2017_1371_1388",0.306025554896848
"2017_1374_1388",0.573804648525548
"2017_1376_1388",0.305132121969253
"2017_1112_1407",0.906437407665242
"2017_1116_1407",0.836821823614561
"2017_1124_1407",0.897525752897913
"2017_1137_1407",0.730100901502803
"2017_1139_1407",0.858717771637801
"2017_1153_1407",0.898326218865009
"2017_1166_1407",0.860375275755301
"2017_1173_1407",0.803957355732163
"2017_1181_1407",0.929459722910299
"2017_1190_1407",0.782624067743892
"2017_1195_1407",0.673174052411134
"2017_1196_1407",0.920108877278401
"2017_1199_1407",0.879184117245258
"2017_1211_1407",0.973816749901892
"2017_1233_1407",0.58204636544296
"2017_1235_1407",0.882250135561627
"2017_1240_1407",0.359681561751455
"2017_1242_1407",0.941508624803957
"2017_1243_1407",0.856670595344776
"2017_1245_1407",0.506482748298266
"2017_1246_1407",0.956515805532993
"2017_1257_1407",0.921470825843269
"2017_1266_1407",0.847841893460517
"2017_1268_1407",0.791113612204697
"2017_1274_1407",0.842649941973068
"2017_1276_1407",0.886199489999248
"2017_1277_1407",0.798693915607312
"2017_1278_1407",0.821683167922853
"2017_1291_1407",0.291890570399906
"2017_1292_1407",0.861358867043231
"2017_1297_1407",0.545318206703392
"2017_1300_1407",0.410344172175948
"2017_1305_1407",0.851413143701205
"2017_1308_1407",0.743254174680327
"2017_1309_1407",0.365590717967014
"2017_1314_1407",0.94589600183091
"2017_1315_1407",0.447320939408622
"2017_1321_1407",0.811380063180338
"2017_1323_1407",0.880433313151517
"2017_1329_1407",0.886815849758804
"2017_1332_1407",0.912362541496753
"2017_1343_1407",0.772114035468021
"2017_1344_1407",0.798930570049992
"2017_1345_1407",0.900913912512041
"2017_1348_1407",0.856992594948569
"2017_1355_1407",0.372785710803294
"2017_1371_1407",0.807746946659029
"2017_1374_1407",0.92768053153234
"2017_1376_1407",0.807092269814418
"2017_1388_1407",0.906619052923896
"2017_1112_1411",0.946289524416044
"2017_1116_1411",0.90315808054334
"2017_1124_1411",0.940926326711065
"2017_1137_1411",0.831063563064778
"2017_1139_1411",0.917035242028344
"2017_1153_1411",0.941409905007207
"2017_1166_1411",0.918073847065437
"2017_1173_1411",0.881766229435836
"2017_1181_1411",0.959939090659422
"2017_1190_1411",0.867504657403377
"2017_1195_1411",0.789285728581081
"2017_1196_1411",0.954430511142876
"2017_1199_1411",0.929744796911032
"2017_1211_1411",0.985430559331653
"2017_1233_1411",0.716918797610139
"2017_1235_1411",0.931627491042187
"2017_1240_1411",0.505325463960531
"2017_1242_1411",0.966966874644052
"2017_1243_1411",0.915750178760604
"2017_1245_1411",0.651123565846787
"2017_1246_1411",0.975611410223897
"2017_1257_1411",0.955235825332333
"2017_1266_1411",0.910179058793303
"2017_1268_1411",0.873216240361039
"2017_1274_1411",0.906880562271412
"2017_1276_1411",0.934044528034857
"2017_1277_1411",0.878275541000119
"2017_1278_1411",0.893389642024088
"2017_1291_1411",0.428451821329068
"2017_1292_1411",0.918689391599887
"2017_1297_1411",0.685641502883306
"2017_1300_1411",0.558605979872739
"2017_1305_1411",0.912438317442983
"2017_1308_1411",0.840372285924781
"2017_1309_1411",0.511715188936979
"2017_1314_1411",0.9999999
"2017_1315_1411",0.59545143336141
"2017_1321_1411",0.886658215852062
"2017_1323_1411",0.930512530910082
"2017_1329_1411",0.934420928378673
"2017_1332_1411",0.949830587146961
"2017_1343_1411",0.860366351184819
"2017_1344_1411",0.87843287955507
"2017_1345_1411",0.942970689663988
"2017_1348_1411",0.915952473644272
"2017_1355_1411",0.519431380094203
"2017_1371_1411",0.884268256654882
"2017_1374_1411",0.95889466203578
"2017_1376_1411",0.883836682861757
"2017_1388_1411",0.946398374799188
"2017_1407_1411",0.649508927687863
"2017_1112_1413",0.95493330374057
"2017_1116_1413",0.91814268208383
"2017_1124_1413",0.950387969328158
"2017_1137_1413",0.855417726087521
"2017_1139_1413",0.930038926102038
"2017_1153_1413",0.950798144519716
"2017_1166_1413",0.93092700439283
"2017_1173_1413",0.899693229716238
"2017_1181_1413",0.966464054998592
"2017_1190_1413",0.887317710132337
"2017_1195_1413",0.818346199924139
"2017_1196_1413",0.961817003294818
"2017_1199_1413",0.940884832913798
"2017_1211_1413",0.987856097970752
"2017_1233_1413",0.752834310140945
"2017_1235_1413",0.942487463708328
"2017_1240_1413",0.551284045029949
"2017_1242_1413",0.9999999
"2017_1243_1413",0.928939672682365
"2017_1245_1413",0.691798104493196
"2017_1246_1413",0.979637874862937
"2017_1257_1413",0.962496910974328
"2017_1266_1413",0.924168500946343
"2017_1268_1413",0.892281249870448
"2017_1274_1413",0.921339340405295
"2017_1276_1413",0.944543442628898
"2017_1277_1413",0.896669788400516
"2017_1278_1413",0.909734674310744
"2017_1291_1413",0.474119890906378
"2017_1292_1413",0.931453188275128
"2017_1297_1413",0.723997558397988
"2017_1300_1413",0.603498532078106
"2017_1305_1413",0.926104452345916
"2017_1308_1413",0.863604732169885
"2017_1309_1413",0.557599846355903
"2017_1314_1413",0.974514535855755
"2017_1315_1413",0.639018221315371
"2017_1321_1413",0.903924295390411
"2017_1323_1413",0.941538485602941
"2017_1329_1413",0.944863463707064
"2017_1332_1413",0.957929828638114
"2017_1343_1413",0.881100546760929
"2017_1344_1413",0.896806144514292
"2017_1345_1413",0.952121554694401
"2017_1348_1413",0.929112749377644
"2017_1355_1413",0.565207038942524
"2017_1371_1413",0.901858115156988
"2017_1374_1413",0.965583639844927
"2017_1376_1413",0.90148482772929
"2017_1388_1413",0.955025469085783
"2017_1407_1413",0.690282170075052
"2017_1411_1413",0.550672840637573
"2017_1112_1417",0.49226267456854
"2017_1116_1417",0.339152186872955
"2017_1124_1417",0.467094427648969
"2017_1137_1417",0.213038146212935
"2017_1139_1417",0.378207770473647
"2017_1153_1417",0.469268961395573
"2017_1166_1417",0.381441865722665
"2017_1173_1417",0.290980023719182
"2017_1181_1417",0.568706712756339
"2017_1190_1417",0.264867919165459
"2017_1195_1417",0.170899325711049
"2017_1196_1417",0.535436528910007
"2017_1199_1417",0.421378633917743
"2017_1211_1417",0.788225158978603
"2017_1233_1417",0.122317638576486
"2017_1235_1417",0.428510695965268
"2017_1240_1417",0.0532221597620179
"2017_1242_1417",0.616982763402276
"2017_1243_1417",0.374271491364314
"2017_1245_1417",0.0931377776755231
"2017_1246_1417",0.687628746401747
"2017_1257_1417",0.54007828554056
"2017_1266_1417",0.357996835523942
"2017_1268_1417",0.274842230317678
"2017_1274_1417",0.34892576499919
"2017_1276_1417",0.437983979408498
"2017_1277_1417",0.284206247409149
"2017_1278_1417",0.315603630240507
"2017_1291_1417",0.0396174212279583
"2017_1292_1417",0.38338132063443
"2017_1297_1417",0.107161235844275
"2017_1300_1417",0.0651078606127064
"2017_1305_1417",0.364446782225994
"2017_1308_1417",0.22462897541909
"2017_1309_1417",0.0545252670955179
"2017_1314_1417",0.636309405133304
"2017_1315_1417",0.0749279769021724
"2017_1321_1417",0.300936858825683
"2017_1323_1417",0.424261591397756
"2017_1329_1417",0.439492519320748
"2017_1332_1417",0.510245020057306
"2017_1343_1417",0.253211633673673
"2017_1344_1417",0.284505906813729
"2017_1345_1417",0.476411912722672
"2017_1348_1417",0.374886425537463
"2017_1355_1417",0.056140088894129
"2017_1371_1417",0.296002528365938
"2017_1374_1417",0.562115200113683
"2017_1376_1417",0.295125913179341
"2017_1388_1417",0.492798477921606
"2017_1407_1417",0.0925397954186617
"2017_1411_1417",0.0530978097051027
"2017_1413_1417",0.0445479867895863
"2017_1112_1423",0.675389967408934
"2017_1116_1423",0.524116976856229
"2017_1124_1423",0.652898549718048
"2017_1137_1423",0.367468813318163
"2017_1139_1423",0.56622244703875
"2017_1153_1423",0.654875105019782
"2017_1166_1423",0.569591514780913
"2017_1173_1423",0.468289712679187
"2017_1181_1423",0.738887433365598
"2017_1190_1423",0.436051780863164
"2017_1195_1423",0.306687934136054
"2017_1196_1423",0.712099277079396
"2017_1199_1423",0.609806980285304
"2017_1211_1423",0.888734332340125
"2017_1233_1423",0.230224138660408
"2017_1235_1423",0.61672900022903
"2017_1240_1423",0.107650100521129
"2017_1242_1423",0.775629901056618
"2017_1243_1423",0.562098308930799
"2017_1245_1423",0.180599190752756
"2017_1246_1423",0.825299626305346
"2017_1257_1423",0.715912421421167
"2017_1266_1423",0.544766894266399
"2017_1268_1423",0.448539230082286
"2017_1274_1423",0.534906371415536
"2017_1276_1423",0.625806796566934
"2017_1277_1423",0.460066631880073
"2017_1278_1423",0.497391853087984
"2017_1291_1423",0.0813275127963097
"2017_1292_1423",0.571603588959398
"2017_1297_1423",0.204817229838103
"2017_1300_1423",0.130021530108383
"2017_1305_1423",0.551690206999074
"2017_1308_1423",0.383368685292827
"2017_1309_1423",0.110130824077774
"2017_1314_1423",0.789680213127992
"2017_1315_1423",0.148081661209377
"2017_1321_1423",0.480204569035626
"2017_1323_1423",0.612614201325504
"2017_1329_1423",0.627240259419755
"2017_1332_1423",0.69095830539058
"2017_1343_1423",0.42117817618666
"2017_1344_1423",0.460432441232562
"2017_1345_1423",0.661322888311516
"2017_1348_1423",0.562744306230973
"2017_1355_1423",0.113195299457366
"2017_1371_1423",0.474325275656663
"2017_1374_1423",0.73367883552724
"2017_1376_1423",0.47327558400655
"2017_1388_1423",0.675859770113783
"2017_1407_1423",0.179550850389945
"2017_1411_1423",0.107413010451133
"2017_1413_1423",0.0909574478610881
"2017_1417_1423",0.686207824148525
"2017_1112_1425",0.691419159163784
"2017_1116_1425",0.5425566658493
"2017_1124_1425",0.669494875912311
"2017_1137_1425",0.384854287849868
"2017_1139_1425",0.584324569504465
"2017_1153_1425",0.67142448543012
"2017_1166_1425",0.587655428634093
"2017_1173_1425",0.486774354027454
"2017_1181_1425",0.752928160216301
"2017_1190_1425",0.454351282580217
"2017_1195_1425",0.322664685277489
"2017_1196_1425",0.727048352271975
"2017_1199_1425",0.627287502699988
"2017_1211_1425",0.895853123739946
"2017_1233_1425",0.243617221349885
"2017_1235_1425",0.634085496348677
"2017_1240_1425",0.114977616189303
"2017_1242_1425",0.788261063807236
"2017_1243_1425",0.580244950817592
"2017_1245_1425",0.191824786225174
"2017_1246_1425",0.835726795907576
"2017_1257_1425",0.730738368052719
"2017_1266_1425",0.563073472736772
"2017_1268_1425",0.466928887664045
"2017_1274_1425",0.553284319862802
"2017_1276_1425",0.642990173113549
"2017_1277_1425",0.478518802051931
"2017_1278_1425",0.515910628970059
"2017_1291_1425",0.0870380665184852
"2017_1292_1425",0.589643895249647
"2017_1297_1425",0.217149230291863
"2017_1300_1425",0.138635243789983
"2017_1305_1425",0.569938163668739
"2017_1308_1425",0.401029476141328
"2017_1309_1425",0.117604943221141
"2017_1314_1425",0.801722598887823
"2017_1315_1425",0.157674983567128
"2017_1321_1425",0.498718392542774
"2017_1323_1425",0.630045258182859
"2017_1329_1425",0.644395214442705
"2017_1332_1425",0.706552751172999
"2017_1343_1425",0.439339758384071
"2017_1344_1425",0.478886270251586
"2017_1345_1425",0.677715244356714
"2017_1348_1425",0.580884138530382
"2017_1355_1425",0.120849147846231
"2017_1371_1425",0.49282733901747
"2017_1374_1425",0.747904084042942
"2017_1376_1425",0.491775006876782
"2017_1388_1425",0.691876346739796
"2017_1407_1425",0.19072645101421
"2017_1411_1425",0.114726462735053
"2017_1413_1425",0.0972725874977749
"2017_1417_1425",0.701938576635036
"2017_1423_1425",0.52321550908982
"2017_1112_1433",0.66082094932204
"2017_1116_1433",0.507707368351717
"2017_1124_1433",0.637861340198228
"2017_1137_1433",0.352332530702967
"2017_1139_1433",0.550018206484278
"2017_1153_1433",0.639876293432892
"2017_1166_1433",0.553413865999077
"2017_1173_1433",0.451967943291746
"2017_1181_1433",0.726012167238461
"2017_1190_1433",0.419966151427899
"2017_1195_1433",0.292895952496956
"2017_1196_1433",0.698442199747722
"2017_1199_1433",0.594063635518671
"2017_1211_1433",0.882068596778047
"2017_1233_1433",0.218785674589625
"2017_1235_1433",0.601082241054957
"2017_1240_1433",0.101498617260656
"2017_1242_1433",0.763987679070909
"2017_1243_1433",0.545863571232569
"2017_1245_1433",0.171078335836114
"2017_1246_1433",0.815622033933277
"2017_1257_1433",0.702360622721047
"2017_1266_1433",0.528428673705693
"2017_1268_1433",0.432346103392596
"2017_1274_1433",0.518527033780742
"2017_1276_1433",0.610296457712721
"2017_1277_1433",0.443792252861039
"2017_1278_1433",0.480973294430984
"2017_1291_1433",0.0765511534758437
"2017_1292_1433",0.555442541526401
"2017_1297_1433",0.194322423678217
"2017_1300_1433",0.122767545659755
"2017_1305_1433",0.535388546520767
"2017_1308_1433",0.367958462650599
"2017_1309_1433",0.103854082090668
"2017_1314_1433",0.77855889799119
"2017_1315_1433",0.139982214213294
"2017_1321_1433",0.463829783102514
"2017_1323_1433",0.596909251703638
"2017_1329_1433",0.611752475602571
"2017_1332_1433",0.676753601212007
"2017_1343_1433",0.405246950343141
"2017_1344_1433",0.444155766792881
"2017_1345_1433",0.64645301212448
"2017_1348_1433",0.546514196250985
"2017_1355_1433",0.106764857076544
"2017_1371_1433",0.457974333702339
"2017_1374_1433",0.720643839559237
"2017_1376_1433",0.456929374158446
"2017_1388_1433",0.661301263438851
"2017_1407_1433",0.170073790978454
"2017_1411_1433",0.101273537715898
"2017_1413_1433",0.085668263347452
"2017_1417_1433",0.671888456749509
"2017_1423_1433",0.488282459412905
"2017_1425_1433",0.469792971620046
"2017_1112_1435",0.68813765709177
"2017_1116_1435",0.538748187197404
"2017_1124_1435",0.666092820758071
"2017_1137_1435",0.38123024148255
"2017_1139_1435",0.580595022681824
"2017_1153_1435",0.668032443968569
"2017_1166_1435",0.583934487433672
"2017_1173_1435",0.482944047174198
"2017_1181_1435",0.750064310981934
"2017_1190_1435",0.450552131299164
"2017_1195_1435",0.319322262994502
"2017_1196_1435",0.723994490455549
"2017_1199_1435",0.623695184929729
"2017_1211_1435",0.894413619155855
"2017_1233_1435",0.240802528080752
"2017_1235_1435",0.630520106984192
"2017_1240_1435",0.113426313757302
"2017_1242_1435",0.785690191781301
"2017_1243_1435",0.576505329253216
"2017_1245_1435",0.189458603610653
"2017_1246_1435",0.833610587914993
"2017_1257_1435",0.727710329408372
"2017_1266_1435",0.559297060898922
"2017_1268_1435",0.46311382832312
"2017_1274_1435",0.549490993792372
"2017_1276_1435",0.639462214691834
"2017_1277_1435",0.474693372373009
"2017_1278_1435",0.512079810253598
"2017_1291_1435",0.0858271732110012
"2017_1292_1435",0.585928254306808
"2017_1297_1435",0.214553597902169
"2017_1300_1435",0.136814091231075
"2017_1305_1435",0.566175371091348
"2017_1308_1435",0.39735150167759
"2017_1309_1435",0.116022839482892
"2017_1314_1435",0.799273552221855
"2017_1315_1435",0.155648914732284
"2017_1321_1435",0.494884727000334
"2017_1323_1435",0.626463692629325
"2017_1329_1435",0.640873385699462
"2017_1332_1435",0.703363137779571
"2017_1343_1435",0.435565930729311
"2017_1344_1435",0.475060579071727
"2017_1345_1435",0.674356648042732
"2017_1348_1435",0.577146061611079
"2017_1355_1435",0.119229297891244
"2017_1371_1435",0.488994783441021
"2017_1374_1435",0.745001722658281
"2017_1376_1435",0.487942761590264
"2017_1388_1435",0.6885975168089
"2017_1407_1435",0.188370658689941
"2017_1411_1435",0.11317811557708
"2017_1413_1435",0.0959342710641572
"2017_1417_1435",0.698720195547988
"2017_1423_1435",0.519388645591595
"2017_1425_1435",0.500874198442395
"2017_1433_1435",0.535764914203749
"2017_1112_1436",0.687639290411815
"2017_1116_1436",0.538171309160487
"2017_1124_1436",0.665576346103839
"2017_1137_1436",0.380682825161907
"2017_1139_1436",0.580029683381344
"2017_1153_1436",0.667517471921025
"2017_1166_1436",0.583370419384687
"2017_1173_1436",0.482364434065847
"2017_1181_1436",0.749628899403858
"2017_1190_1436",0.449977561587318
"2017_1195_1436",0.318817938950664
"2017_1196_1436",0.723530402909642
"2017_1199_1436",0.623150233351065
"2017_1211_1436",0.894194204752909
"2017_1233_1436",0.24037842091662
"2017_1235_1436",0.629979175349666
"2017_1240_1436",0.113193096783091
"2017_1242_1436",0.785299078545688
"2017_1243_1436",0.575938503673497
"2017_1245_1436",0.189102400572045
"2017_1246_1436",0.833288372445759
"2017_1257_1436",0.727250136040723
"2017_1266_1436",0.558724832643459
"2017_1268_1436",0.462536724679203
"2017_1274_1436",0.548916302014204
"2017_1276_1436",0.638926877616266
"2017_1277_1436",0.474114581638366
"2017_1278_1436",0.511499821391996
"2017_1291_1436",0.0856452212162832
"2017_1292_1436",0.585364969932111
"2017_1297_1436",0.21416267985115
"2017_1300_1436",0.136540192367721
"2017_1305_1436",0.565605137329516
"2017_1308_1436",0.396795781069595
"2017_1309_1436",0.115784980996731
"2017_1314_1436",0.798900883556447
"2017_1315_1436",0.155344094919065
"2017_1321_1436",0.494304483308856
"2017_1323_1436",0.625920345636988
"2017_1329_1436",0.640338965458158
"2017_1332_1436",0.702878596463147
"2017_1343_1436",0.434995341980204
"2017_1344_1436",0.474481745017677
"2017_1345_1436",0.673846696749147
"2017_1348_1436",0.576579463754348
"2017_1355_1436",0.118985750662454
"2017_1371_1436",0.488414768076197
"2017_1374_1436",0.744560495116293
"2017_1376_1436",0.487362803958754
"2017_1388_1436",0.688099551917766
"2017_1407_1436",0.188016026636381
"2017_1411_1436",0.112945343912889
"2017_1413_1436",0.0957331360548481
"2017_1417_1436",0.698231324040219
"2017_1423_1436",0.518809180794939
"2017_1425_1436",0.500293887719838
"2017_1433_1436",0.535187524122752
"2017_1435_1436",0.504127635193091
"2017_1112_1437",0.193803815320216
"2017_1116_1437",0.11288514249619
"2017_1124_1437",0.178529559478649
"2017_1137_1437",0.0629003736993036
"2017_1139_1437",0.131051753476746
"2017_1153_1437",0.179813986610427
"2017_1166_1437",0.132623174240815
"2017_1173_1437",0.0923596476283344
"2017_1181_1437",0.246391282184532
"2017_1190_1437",0.0820098076740231
"2017_1195_1437",0.0486238250545178
"2017_1196_1437",0.222259933287512
"2017_1199_1437",0.15295041108965
"2017_1211_1437",0.479943563774324
"2017_1233_1437",0.0334011752703609
"2017_1235_1437",0.156770127561625
"2017_1240_1437",0.0137466435640982
"2017_1242_1437",0.285412925520199
"2017_1243_1437",0.129153501144803
"2017_1245_1437",0.0248328960761153
"2017_1246_1437",0.353092723538151
"2017_1257_1437",0.225504602859224
"2017_1266_1437",0.121468366435685
"2017_1268_1437",0.0859027613709568
"2017_1274_1437",0.117295568602834
"2017_1276_1437",0.161938211048651
"2017_1277_1437",0.0896251200646802
"2017_1278_1437",0.102607794731613
"2017_1291_1437",1e-07
"2017_1292_1437",0.133570691666286
"2017_1297_1437",0.0288996481520864
"2017_1300_1437",0.016974633630193
"2017_1305_1437",0.124483126320576
"2017_1308_1437",0.0670182560643074
"2017_1309_1437",0.0140976122405222
"2017_1314_1437",0.302557755428717
"2017_1315_1437",0.0196877753950279
"2017_1321_1437",0.0964445231411444
"2017_1323_1437",0.154487189900016
"2017_1329_1437",0.162771336864914
"2017_1332_1437",0.205291714961367
"2017_1343_1437",0.0775517975056934
"2017_1344_1437",0.0897453412207721
"2017_1345_1437",0.184079168878304
"2017_1348_1437",0.129449018739935
"2017_1355_1437",0.0145335321185769
"2017_1371_1437",0.0944103366051529
"2017_1374_1437",0.241444192998769
"2017_1376_1437",0.094050980249761
"2017_1388_1437",0.194138973981395
"2017_1407_1437",0.0246615328766706
"2017_1411_1437",0.0137131895473225
"2017_1413_1437",0.0114285474387642
"2017_1417_1437",0.201701002224226
"2017_1423_1437",0.105333995192771
"2017_1425_1437",0.0985526287979902
"2017_1433_1437",0.111689032764028
"2017_1435_1437",0.0999234350220905
"2017_1436_1437",0.100132398962182
"2017_1112_1438",0.495132563651566
"2017_1116_1438",0.341730225270702
"2017_1124_1438",0.469953397573155
"2017_1137_1438",0.214969379847274
"2017_1139_1438",0.380911566856101
"2017_1153_1438",0.472129449256886
"2017_1166_1438",0.384154498323663
"2017_1173_1438",0.293354433425227
"2017_1181_1438",0.571520615811701
"2017_1190_1438",0.267109525175689
"2017_1195_1438",0.172532310874919
"2017_1196_1438",0.538291271320318
"2017_1199_1438",0.424180515090009
"2017_1211_1438",0.790135365822719
"2017_1233_1438",0.123555592007852
"2017_1235_1438",0.431324649462426
"2017_1240_1438",0.0538036796798086
"2017_1242_1438",0.619692324617514
"2017_1243_1438",0.376964207606615
"2017_1245_1438",0.0941120742770856
"2017_1246_1438",0.690089573256475
"2017_1257_1438",0.542928853296789
"2017_1266_1438",0.360639947309059
"2017_1268_1438",0.277136427011498
"2017_1274_1438",0.351538576206416
"2017_1276_1438",0.440812157743237
"2017_1277_1438",0.286547721706586
"2017_1278_1438",0.318088826219547
"2017_1291_1438",0.0400565811345116
"2017_1292_1438",0.386099136556903
"2017_1297_1438",0.108264715955416
"2017_1300_1438",0.0658102199853411
"2017_1305_1438",0.367110284084669
"2017_1308_1438",0.226635022504076
"2017_1309_1438",0.0551201961970427
"2017_1314_1438",0.638962249683636
"2017_1315_1438",0.0757276910767463
"2017_1321_1438",0.303357754287121
"2017_1323_1438",0.427068493511337
"2017_1329_1438",0.442322772217058
"2017_1332_1438",0.513113799012559
"2017_1343_1438",0.255388862263963
"2017_1344_1438",0.286848860550917
"2017_1345_1438",0.479276621863816
"2017_1348_1438",0.37758089629292
"2017_1355_1438",0.0567515798355691
"2017_1371_1438",0.298400673317108
"2017_1374_1438",0.564939209392096
"2017_1376_1438",0.297519957464243
"2017_1388_1438",0.495668441255521
"2017_1407_1438",0.0935084816467549
"2017_1411_1438",0.0536780479712687
"2017_1413_1438",0.0450392389287768
"2017_1417_1438",0.507577813281712
"2017_1423_1438",0.324470130708182
"2017_1425_1438",0.308444692310904
"2017_1433_1438",0.339036021752277
"2017_1435_1438",0.311725399306786
"2017_1436_1438",0.312223646439103
"2017_1437_1438",0.806096450605242
"2017_1112_1439",0.673728562840203
"2017_1116_1439",0.522229030177224
"2017_1124_1439",0.651181483777694
"2017_1137_1439",0.365711500554765
"2017_1139_1439",0.56436269998483
"2017_1153_1439",0.653162622630226
"2017_1166_1439",0.567735184978376
"2017_1173_1439",0.466405770885381
"2017_1181_1439",0.737424670458463
"2017_1190_1439",0.434191625687742
"2017_1195_1439",0.305081094424149
"2017_1196_1439",0.710545234232386
"2017_1199_1439",0.60800473060714
"2017_1211_1439",0.887983756290772
"2017_1233_1439",0.228885660234106
"2017_1235_1439",0.614938533851216
"2017_1240_1439",0.106925257459466
"2017_1242_1439",0.774310100199216
"2017_1243_1439",0.560234612978082
"2017_1245_1439",0.179481952808421
"2017_1246_1439",0.824205775754194
"2017_1257_1439",0.714370705404026
"2017_1266_1439",0.542889421184826
"2017_1268_1439",0.446667996676366
"2017_1274_1439",0.533023091320821
"2017_1276_1439",0.624032885373078
"2017_1277_1439",0.458187264502849
"2017_1278_1439",0.495499938042993
"2017_1291_1439",0.080763866941863
"2017_1292_1439",0.569749382075699
"2017_1297_1439",0.203587396244812
"2017_1300_1439",0.129167857271931
"2017_1305_1439",0.549817691426251
"2017_1308_1439",0.381581205855599
"2017_1309_1439",0.109391325148862
"2017_1314_1439",0.788420514803903
"2017_1315_1439",0.147129465703403
"2017_1321_1439",0.478315813720269
"2017_1323_1439",0.610816642714945
"2017_1329_1439",0.625469076782315
"2017_1332_1439",0.689339930933603
"2017_1343_1439",0.419334291411493
"2017_1344_1439",0.458552848625438
"2017_1345_1439",0.659625770606111
"2017_1348_1439",0.560881211797686
"2017_1355_1439",0.112437823384985
"2017_1371_1439",0.472438627146932
"2017_1374_1439",0.732197469409723
"2017_1376_1439",0.47138936666041
"2017_1388_1439",0.674199610153792
"2017_1407_1439",0.178438685484159
"2017_1411_1439",0.106689572927352
"2017_1413_1439",0.0903336237623767
"2017_1417_1439",0.68457592905187
"2017_1423_1439",0.502815997867483
"2017_1425_1439",0.484297020364269
"2017_1433_1439",0.519234258357657
"2017_1435_1439",0.488127927571218
"2017_1436_1439",0.488707927703302
"2017_1437_1439",0.897468737425374
"2017_1438_1439",0.68209149021674
"2017_1112_1448",0.617292057747625
"2017_1116_1448",0.460568862970501
"2017_1124_1448",0.593199791517857
"2017_1137_1448",0.310520584930426
"2017_1139_1448",0.502964863106617
"2017_1153_1448",0.595305582115641
"2017_1166_1448",0.506396942488441
"2017_1173_1448",0.405739320132788
"2017_1181_1448",0.686885443083835
"2017_1190_1448",0.374772358750133
"2017_1195_1448",0.255356484562299
"2017_1196_1448",0.657237138717085
"2017_1199_1448",0.547829644324515
"2017_1211_1448",0.860959479296901
"2017_1233_1448",0.188216374159405
"2017_1235_1448",0.555048898141911
"2017_1240_1448",0.0855229402378819
"2017_1242_1448",0.728254178774567
"2017_1243_1448",0.498771690554975
"2017_1245_1448",0.145929668063861
"2017_1246_1448",0.785511432592717
"2017_1257_1448",0.661431435751971
"2017_1266_1448",0.481247001847971
"2017_1268_1448",0.386708273435548
"2017_1274_1448",0.47134578476025
"2017_1276_1448",0.564556119501712
"2017_1277_1448",0.397792877411223
"2017_1278_1448",0.43412805572587
"2017_1291_1448",0.0642214924727639
"2017_1292_1448",0.508449493106208
"2017_1297_1448",0.166442949496855
"2017_1300_1448",0.103831041790757
"2017_1305_1448",0.488228825478794
"2017_1308_1448",0.325223316474599
"2017_1309_1448",0.0875437825454364
"2017_1314_1448",0.744293154647188
"2017_1315_1448",0.118749848090244
"2017_1321_1448",0.417311764006462
"2017_1323_1448",0.550754268140161
"2017_1329_1448",0.566061521360808
"2017_1332_1448",0.634137379093463
"2017_1343_1448",0.360652252524187
"2017_1344_1448",0.398145683946409
"2017_1345_1448",0.602190226428102
"2017_1348_1448",0.499427913444553
"2017_1355_1448",0.0900433523558084
"2017_1371_1448",0.411592760222575
"2017_1374_1448",0.681087244744364
"2017_1376_1448",0.410573466302361
"2017_1388_1448",0.617798361569458
"2017_1407_1448",0.145046952676455
"2017_1411_1448",0.0853299232794559
"2017_1413_1448",0.0719846289076527
"2017_1417_1448",0.628982464851465
"2017_1423_1448",0.441330654011438
"2017_1425_1448",0.423148886269508
"2017_1433_1448",0.457589027712184
"2017_1435_1448",0.426896498642782
"2017_1436_1448",0.427464501328999
"2017_1437_1448",0.872403934888843
"2017_1438_1448",0.626299177874523
"2017_1439_1448",0.443197436945409
"2017_1112_1452",0.456290750370666
"2017_1116_1452",0.307590692335657
"2017_1124_1452",0.431399021284588
"2017_1137_1452",0.189841378497006
"2017_1139_1452",0.344908683045298
"2017_1153_1452",0.433542570263879
"2017_1166_1452",0.3480174056146
"2017_1173_1452",0.26212330058243
"2017_1181_1452",0.53301286987546
"2017_1190_1452",0.237732482509241
"2017_1195_1452",0.151408094406059
"2017_1196_1452",0.49941287931424
"2017_1199_1452",0.386642097120906
"2017_1211_1452",0.76313191023237
"2017_1233_1452",0.107647796802461
"2017_1235_1452",0.393586145659448
"2017_1240_1452",0.0464009984015333
"2017_1242_1452",0.582350138050515
"2017_1243_1452",0.34112883689121
"2017_1245_1452",0.0816420115282468
"2017_1246_1452",0.655820553442724
"2017_1257_1452",0.504081200895169
"2017_1266_1452",0.32554555409098
"2017_1268_1452",0.24702831350397
"2017_1274_1452",0.316890880398578
"2017_1276_1452",0.402831569233176
"2017_1277_1452",0.255778947403231
"2017_1278_1452",0.285287525882851
"2017_1291_1452",0.0344764030848048
"2017_1292_1452",0.349883042468606
"2017_1297_1452",0.0941142197739847
"2017_1300_1452",0.0568548576967629
"2017_1305_1452",0.331712921887162
"2017_1308_1452",0.200491668585685
"2017_1309_1452",0.0475454813834191
"2017_1314_1452",0.602297864332513
"2017_1315_1452",0.0655174214724962
"2017_1321_1452",0.271470776204044
"2017_1323_1452",0.389447354917374
"2017_1329_1452",0.404306133797608
"2017_1332_1452",0.474186263765068
"2017_1343_1452",0.226901783941839
"2017_1344_1452",0.25605935599818
"2017_1345_1452",0.440593162884623
"2017_1348_1452",0.341719055187451
"2017_1355_1452",0.0489642949486699
"2017_1371_1452",0.266835170843257
"2017_1374_1452",0.526330196114123
"2017_1376_1452",0.266012295818086
"2017_1388_1452",0.456822627488912
"2017_1407_1452",0.0811112352854008
"2017_1411_1452",0.046291806303141
"2017_1413_1452",0.0387929904373844
"2017_1417_1452",0.468665994829451
"2017_1423_1452",0.29129188536654
"2017_1425_1452",0.276235031989245
"2017_1433_1452",0.305040918627861
"2017_1435_1452",0.279311516530068
"2017_1436_1452",0.279779014782506
"2017_1437_1452",0.780576393426928
"2017_1438_1452",0.465807974091491
"2017_1439_1452",0.29285670510874
"2017_1448_1452",0.346485811372123
"2017_1112_1455",0.402043921974038
"2017_1116_1455",0.262487644317332
"2017_1124_1455",0.378053819470459
"2017_1137_1455",0.158062837053211
"2017_1139_1455",0.296678200346869
"2017_1153_1455",0.380109499843582
"2017_1166_1455",0.29955099112228
"2017_1173_1455",0.221553999938878
"2017_1181_1455",0.477657969957068
"2017_1190_1455",0.199915416680431
"2017_1195_1455",0.125069909115369
"2017_1196_1455",0.444228041475425
"2017_1199_1455",0.335565148534547
"2017_1211_1455",0.720764301228657
"2017_1233_1455",0.0881313463089992
"2017_1235_1455",0.342103509813392
"2017_1240_1455",0.0375216376268109
"2017_1242_1455",0.52766095557949
"2017_1243_1455",0.293190351941069
"2017_1245_1455",0.0664890856672628
"2017_1246_1455",0.604213453730192
"2017_1257_1455",0.448843041626386
"2017_1266_1455",0.278870086008442
"2017_1268_1455",0.208136286602491
"2017_1274_1455",0.270957772973677
"2017_1276_1455",0.350839254834908
"2017_1277_1455",0.2159042599416
"2017_1278_1455",0.242310385071381
"2017_1291_1455",0.027812396298083
"2017_1292_1455",0.301276870872813
"2017_1297_1455",0.0768401140654265
"2017_1300_1455",0.0460716810311075
"2017_1305_1455",0.284526232670023
"2017_1308_1455",0.167298470749364
"2017_1309_1455",0.0384559427716797
"2017_1314_1455",0.548194221660259
"2017_1315_1455",0.0531839362921773
"2017_1321_1455",0.229905516438524
"2017_1323_1455",0.338204160775869
"2017_1329_1455",0.352235759259715
"2017_1332_1455",0.419453221216319
"2017_1343_1455",0.190377308794164
"2017_1344_1455",0.216153650719845
"2017_1345_1455",0.38688462056459
"2017_1348_1455",0.293734604592495
"2017_1355_1455",0.0396147953325564
"2017_1371_1455",0.22575973028537
"2017_1374_1455",0.470969377963431
"2017_1376_1455",0.225024647262638
"2017_1388_1455",0.402559383455167
"2017_1407_1455",0.0660497373702847
"2017_1411_1455",0.0374325204658232
"2017_1413_1455",0.0313216893759531
"2017_1417_1455",0.414068364692798
"2017_1423_1455",0.247723732320891
"2017_1425_1455",0.234174785050778
"2017_1433_1455",0.260171267158105
"2017_1435_1455",0.236936185490898
"2017_1436_1455",0.237356117095175
"2017_1437_1455",0.740267034748084
"2017_1438_1455",0.411285569374403
"2017_1439_1455",0.249136780430417
"2017_1448_1455",0.298135158261965
"2017_1452_1455",0.449463308962802
"2017_1112_1457",0.839077732413325
"2017_1116_1457",0.734048090669242
"2017_1124_1457",0.824988949932294
"2017_1137_1457",0.59281751005561
"2017_1139_1457",0.765876358463083
"2017_1153_1457",0.82624633725795
"2017_1166_1457",0.768329212890942
"2017_1173_1457",0.688197224353839
"2017_1181_1457",0.876414963063715
"2017_1190_1457",0.659600581484235
"2017_1195_1457",0.525743900122054
"2017_1196_1457",0.861083428429618
"2017_1199_1457",0.796606315221613
"2017_1211_1457",0.95242000998126
"2017_1233_1457",0.42841280589495
"2017_1235_1457",0.801294325023063
"2017_1240_1457",0.232141933342919
"2017_1242_1457",0.896515596570654
"2017_1243_1457",0.76285542363662
"2017_1245_1457",0.355814552520286
"2017_1246_1457",0.922111682191079
"2017_1257_1457",0.863302122677285
"2017_1266_1457",0.749934802607824
"2017_1268_1457",0.670874216831487
"2017_1274_1457",0.742417024364731
"2017_1276_1457",0.807366090318365
"2017_1277_1457",0.681058784005636
"2017_1278_1457",0.712648793368145
"2017_1291_1457",0.181572604813488
"2017_1292_1457",0.769787726456206
"2017_1297_1457",0.392280150722427
"2017_1300_1457",0.27248477417579
"2017_1305_1457",0.755140342307282
"2017_1308_1457",0.609078901273326
"2017_1309_1457",0.236730418375351
"2017_1314_1457",0.903933498999183
"2017_1315_1457",0.303431433312368
"2017_1321_1457",0.698358443676768
"2017_1323_1457",0.798513662921518
"2017_1329_1457",0.808317069722908
"2017_1332_1457",0.848555915216161
"2017_1343_1457",0.645834162954971
"2017_1344_1457",0.681378561453343
"2017_1345_1457",0.830322027021813
"2017_1348_1457",0.763329958882872
"2017_1355_1457",0.242358200216802
"2017_1371_1457",0.693371054172586
"2017_1374_1457",0.87347997791747
"2017_1376_1457",0.69247517816177
"2017_1388_1457",0.839366976840884
"2017_1407_1457",0.354188763668038
"2017_1411_1457",0.231701853217584
"2017_1413_1457",0.200482110013919
"2017_1417_1457",0.845686939949712
"2017_1423_1457",0.718604176401112
"2017_1425_1457",0.703381306676597
"2017_1433_1457",0.731698911383918
"2017_1435_1457",0.706570806208822
"2017_1436_1457",0.707051835860213
"2017_1437_1457",0.95671481033965
"2017_1438_1457",0.844182655542542
"2017_1439_1457",0.720131993945889
"2017_1448_1457",0.767124289939529
"2017_1452_1457",0.863597707835606
"2017_1455_1457",0.88767109204563
"2017_1112_1458",0.53000666240595
"2017_1116_1458",0.373799322030011
"2017_1124_1458",0.504827355534229
"2017_1137_1458",0.23947031032663
"2017_1139_1458",0.414343167965371
"2017_1153_1458",0.507010425196053
"2017_1166_1458",0.417678696782851
"2017_1173_1458",0.323112121994239
"2017_1181_1458",0.605324160534195
"2017_1190_1458",0.295317547215697
"2017_1195_1458",0.193388017554921
"2017_1196_1458",0.572756605670288
"2017_1199_1458",0.458596602315237
"2017_1211_1458",0.812354606350032
"2017_1233_1458",0.139488998453067
"2017_1235_1458",0.465851434888009
"2017_1240_1458",0.0613719270605702
"2017_1242_1458",0.652009493985448
"2017_1243_1458",0.410278956437653
"2017_1245_1458",0.106710817427691
"2017_1246_1458",0.719135916977176
"2017_1257_1458",0.577319836403444
"2017_1266_1458",0.393423012867387
"2017_1268_1458",0.305961280912678
"2017_1274_1458",0.383991192344378
"2017_1276_1458",0.475463426472158
"2017_1277_1458",0.315923633022658
"2017_1278_1458",0.349115972240018
"2017_1291_1458",0.0457846742378213
"2017_1292_1458",0.419677391517551
"2017_1297_1458",0.122501862193616
"2017_1300_1458",0.0749336059548989
"2017_1305_1458",0.400113440962993
"2017_1308_1458",0.25203866391453
"2017_1309_1458",0.0628613271921755
"2017_1314_1458",0.670512575316999
"2017_1315_1458",0.0860992384727162
"2017_1321_1458",0.333651056385763
"2017_1323_1458",0.461531087970156
"2017_1329_1458",0.476991495711221
"2017_1332_1458",0.547879998379035
"2017_1343_1458",0.282836801919137
"2017_1344_1458",0.316241959527263
"2017_1345_1458",0.514171301291734
"2017_1348_1458",0.410914200693474
"2017_1355_1458",0.0647061340028062
"2017_1371_1458",0.328432335986387
"2017_1374_1458",0.598897576971747
"2017_1376_1458",0.327504358568902
"2017_1388_1458",0.530540620680623
"2017_1407_1458",0.106035880216034
"2017_1411_1458",0.0612297670511849
"2017_1413_1458",0.051441669642455
"2017_1417_1458",0.542386769768895
"2017_1423_1458",0.35579495523293
"2017_1425_1458",0.338998782915022
"2017_1433_1458",0.370994779866865
"2017_1435_1458",0.342443547779504
"2017_1436_1458",0.342966427654359
"2017_1437_1458",0.826995829648706
"2017_1438_1458",0.539535688515441
"2017_1439_1458",0.357531476647756
"2017_1448_1458",0.416036156526552
"2017_1452_1458",0.577931478811145
"2017_1455_1458",0.630871920775278
"2017_1457_1458",0.180586538524241
"2017_1112_1462",0.630196119270696
"2017_1116_1462",0.474256631387018
"2017_1124_1462",0.60639822268873
"2017_1137_1462",0.322414336837843
"2017_1139_1462",0.516705712505708
"2017_1153_1462",0.60848078488034
"2017_1166_1462",0.520133434500477
"2017_1173_1462",0.419063486374225
"2017_1181_1462",0.698588735671738
"2017_1190_1462",0.387743120938906
"2017_1195_1462",0.265952325482132
"2017_1196_1462",0.66951541972532
"2017_1199_1462",0.561411740535103
"2017_1211_1462",0.867412308817916
"2017_1233_1462",0.196762429252949
"2017_1235_1462",0.568584913681806
"2017_1240_1462",0.0899226618197514
"2017_1242_1462",0.738998767936877
"2017_1243_1462",0.512516107994571
"2017_1245_1462",0.152917358361347
"2017_1246_1462",0.794630546270236
"2017_1257_1462",0.673634078786509
"2017_1266_1462",0.494985404421113
"2017_1268_1462",0.39982796102471
"2017_1274_1462",0.485065832069106
"2017_1276_1462",0.5780227946005
"2017_1277_1462",0.411036585271246
"2017_1278_1462",0.447682171376508
"2017_1291_1462",0.0676063777953241
"2017_1292_1462",0.522182761389271
"2017_1297_1462",0.174212536957627
"2017_1300_1462",0.109060296498178
"2017_1305_1462",0.501973674951358
"2017_1308_1462",0.337404636091402
"2017_1309_1462",0.0920370030132142
"2017_1314_1462",0.754617257263828
"2017_1315_1462",0.124625972619172
"2017_1321_1462",0.430740501518565
"2017_1323_1462",0.564318380577075
"2017_1329_1462",0.579516315420757
"2017_1332_1462",0.646798443935237
"2017_1343_1462",0.373426200730541
"2017_1344_1462",0.411393113611122
"2017_1345_1462",0.615286140192347
"2017_1348_1462",0.513171899985403
"2017_1355_1462",0.0946515562479785
"2017_1371_1462",0.424971685507421
"2017_1374_1462",0.692910366826883
"2017_1376_1462",0.423943130839263
"2017_1388_1462",0.630695564903179
"2017_1407_1462",0.15199989753525
"2017_1411_1462",0.0897206893393779
"2017_1413_1462",0.0757455618173109
"2017_1417_1462",0.641721132364612
"2017_1423_1462",0.454928858089411
"2017_1425_1462",0.436624708381289
"2017_1433_1462",0.47126560537997
"2017_1435_1462",0.440400551888615
"2017_1436_1462",0.440972697079013
"2017_1437_1462",0.878400646361676
"2017_1438_1462",0.63907710892957
"2017_1439_1462",0.456806128568204
"2017_1448_1462",0.518446699432878
"2017_1452_1462",0.67418500478149
"2017_1455_1462",0.720883117026349
"2017_1457_1462",0.249835185579424
"2017_1458_1462",0.606284161552231
