ID,Pred
2017_1112_1116,0.633515685554590
2017_1112_1124,0.377463765967848
2017_1112_1137,0.850358242695416
2017_1112_1139,0.418695753266976
2017_1112_1153,0.368559450563615
2017_1112_1166,0.579790127816899
2017_1112_1173,0.645108430292894
2017_1112_1181,0.339787219770449
2017_1112_1190,0.806025334035212
2017_1112_1195,0.900742445725163
2017_1112_1196,0.319490082907395
2017_1112_1199,0.391965891020887
2017_1112_1211,0.299651482572588
2017_1112_1233,0.918279412061311
2017_1112_1235,0.369173315207510
2017_1112_1240,0.945092167338441
2017_1112_1242,0.276648730725642
2017_1112_1243,0.515420757002421
2017_1112_1245,0.875147166919788
2017_1112_1246,0.289601846932945
2017_1112_1257,0.280368831629304
2017_1112_1266,0.627861887372607
2017_1112_1268,0.635185800704117
2017_1112_1274,0.571475481758117
2017_1112_1276,0.390771194168536
2017_1112_1277,0.627357706356243
2017_1112_1278,0.534494034927122
2017_1112_1291,0.971897683867041
2017_1112_1292,0.703831122022774
2017_1112_1297,0.917171008518232
2017_1112_1300,0.966654204927637
2017_1112_1305,0.735009786835961
2017_1112_1308,0.852959141541938
2017_1112_1309,0.962383815495570
2017_1112_1314,0.241805080506656
2017_1112_1315,0.951563808299751
2017_1112_1321,0.625224816054958
2017_1112_1323,0.480216727930157
2017_1112_1329,0.506255234316593
2017_1112_1332,0.375714546369338
2017_1112_1343,0.815230187084067
2017_1112_1344,0.714104606512607
2017_1112_1345,0.435772439712823
2017_1112_1348,0.617786542310888
2017_1112_1355,0.939913152751608
2017_1112_1371,0.656018309927942
2017_1112_1374,0.426579069371025
2017_1112_1376,0.583040737360150
2017_1112_1388,0.530924882789920
2017_1112_1407,0.921322870189845
2017_1112_1411,0.959569559153351
2017_1112_1413,0.970130355638234
2017_1112_1417,0.464283622099683
2017_1112_1423,0.709254963194849
2017_1112_1425,0.672977474010980
2017_1112_1433,0.689724279946775
2017_1112_1435,0.639280226434318
2017_1112_1436,0.750409966700288
2017_1112_1437,0.279082403149961
2017_1112_1438,0.305806732520558
2017_1112_1439,0.645808643029500
2017_1112_1448,0.609001332445096
2017_1112_1452,0.209630483454415
2017_1112_1455,0.443229222984712
2017_1112_1457,0.932139519663984
2017_1112_1458,0.314617720622172
2017_1112_1462,0.558832286907996
2017_1116_1124,0.259675411092973
2017_1116_1137,0.766756182421781
2017_1116_1139,0.294119712801359
2017_1116_1153,0.252423048153299
2017_1116_1166,0.443883138104019
2017_1116_1173,0.512566620180349
2017_1116_1181,0.229423089519627
2017_1116_1190,0.706212314690260
2017_1116_1195,0.839992502842540
2017_1116_1196,0.213585766645769
2017_1116_1199,0.271626660331118
2017_1116_1211,0.198405960701591
2017_1116_1233,0.866674123976407
2017_1116_1235,0.252920957836642
2017_1116_1240,0.908735932782154
2017_1116_1242,0.181164847239832
2017_1116_1243,0.380924406323794
2017_1116_1245,0.802172354643894
2017_1116_1246,0.190826674001975
2017_1116_1257,0.183927452113323
2017_1116_1266,0.493931829057442
2017_1116_1268,0.501800076534092
2017_1116_1274,0.435497584736755
2017_1116_1276,0.270635495162502
2017_1116_1277,0.493392605619067
2017_1116_1278,0.399119939019397
2017_1116_1291,0.952396243781317
2017_1116_1292,0.578904915760399
2017_1116_1297,0.864968705572024
2017_1116_1300,0.943724771388108
2017_1116_1305,0.616060901713554
2017_1116_1308,0.770417849976444
2017_1116_1309,0.936710208466753
2017_1116_1314,0.155757746479588
2017_1116_1315,0.919125968823766
2017_1116_1321,0.491114914568477
2017_1116_1323,0.348303789976790
2017_1116_1329,0.372312986339766
2017_1116_1332,0.258245606111450
2017_1116_1343,0.718499478233104
2017_1116_1344,0.590993612235276
2017_1116_1345,0.308814705517466
2017_1116_1348,0.483214988852568
2017_1116_1355,0.900488795224195
2017_1116_1371,0.524548055943658
2017_1116_1374,0.300871488265391
2017_1116_1376,0.447182657384043
2017_1116_1388,0.395686371316653
2017_1116_1407,0.871370265525670
2017_1116_1411,0.932110676969912
2017_1116_1413,0.949466256315527
2017_1116_1417,0.333935579940106
2017_1116_1423,0.585268480509269
2017_1116_1425,0.543478354694076
2017_1116_1433,0.562546052469260
2017_1116_1435,0.506227791270042
2017_1116_1436,0.634940499372939
2017_1116_1437,0.182971019659921
2017_1116_1438,0.203084559682156
2017_1116_1439,0.513331059961747
2017_1116_1448,0.473970369691774
2017_1116_1452,0.133023826299987
2017_1116_1455,0.315313088857319
2017_1116_1457,0.888221272967044
2017_1116_1458,0.209830490359898
2017_1116_1462,0.422893918043548
2017_1124_1137,0.903587825301869
2017_1124_1139,0.542943315562620
2017_1124_1153,0.490482521828761
2017_1124_1166,0.694711445079695
2017_1124_1173,0.749872679326858
2017_1124_1181,0.459112675093876
2017_1124_1190,0.872663280511278
2017_1124_1195,0.937369700689846
2017_1124_1196,0.436399168375239
2017_1124_1199,0.515312983862460
2017_1124_1211,0.413714496439033
2017_1124_1233,0.948803133620288
2017_1124_1235,0.491141506899796
2017_1124_1240,0.965972084325033
2017_1124_1242,0.386791524196543
2017_1124_1243,0.636922078381823
2017_1124_1245,0.920384565119049
2017_1124_1246,0.402035426603378
2017_1124_1257,0.391191735786514
2017_1124_1266,0.735630929224221
2017_1124_1268,0.741706414097122
2017_1124_1274,0.687444894065310
2017_1124_1276,0.514060181435968
2017_1124_1277,0.735211180051689
2017_1124_1278,0.654419486874467
2017_1124_1291,0.982770046180449
2017_1124_1292,0.796722739003140
2017_1124_1297,0.948085327908184
2017_1124_1300,0.979512426859533
2017_1124_1305,0.820614771782533
2017_1124_1308,0.905366509056700
2017_1124_1309,0.976849273545554
2017_1124_1314,0.344685853921165
2017_1124_1315,0.970060701578310
2017_1124_1321,0.733433308253243
2017_1124_1323,0.603759079581372
2017_1124_1329,0.628397804349631
2017_1124_1332,0.498137309217232
2017_1124_1343,0.879179909660585
2017_1124_1344,0.804668256426057
2017_1124_1345,0.560203942837472
2017_1124_1348,0.727205632341070
2017_1124_1355,0.962684744935441
2017_1124_1371,0.758766276747907
2017_1124_1374,0.550948792364283
2017_1124_1376,0.697536828028386
2017_1124_1388,0.651169735152173
2017_1124_1407,0.950770762529301
2017_1124_1411,0.975089238011876
2017_1124_1413,0.981673577526363
2017_1124_1417,0.588366823574638
2017_1124_1423,0.800926583752107
2017_1124_1425,0.772417088624805
2017_1124_1433,0.785693217432729
2017_1124_1435,0.745085113075806
2017_1124_1436,0.832175871902954
2017_1124_1437,0.389672157280582
2017_1124_1438,0.420804956907831
2017_1124_1439,0.750446149896623
2017_1124_1448,0.719794714884032
2017_1124_1452,0.304316413402503
2017_1124_1455,0.567647819065720
2017_1124_1457,0.957724641011107
2017_1124_1458,0.430872764726353
2017_1124_1462,0.676285102464844
2017_1137_1139,0.112491212055538
2017_1137_1153,0.093145829108654
2017_1137_1166,0.195367749749171
2017_1137_1173,0.242355712691255
2017_1137_1181,0.083046493959056
2017_1137_1190,0.422376309049623
2017_1137_1195,0.614931055778755
2017_1137_1196,0.076313016549032
2017_1137_1199,0.101883505659474
2017_1137_1211,0.070020688726670
2017_1137_1233,0.664136345492545
2017_1137_1235,0.093368800469982
2017_1137_1240,0.751795785959542
2017_1137_1242,0.063058384070666
2017_1137_1243,0.157664242400936
2017_1137_1245,0.552269035641394
2017_1137_1246,0.066936295533876
2017_1137_1257,0.064161090756940
2017_1137_1266,0.228930789538254
2017_1137_1268,0.234534006629687
2017_1137_1274,0.190072379156132
2017_1137_1276,0.101425482970940
2017_1137_1277,0.228550212928111
2017_1137_1278,0.168090951060398
2017_1137_1291,0.858875920843799
2017_1137_1292,0.294878868052319
2017_1137_1297,0.660853997407644
2017_1137_1300,0.836100527455016
2017_1137_1305,0.328004867489057
2017_1137_1308,0.505146713227302
2017_1137_1309,0.818254399641213
2017_1137_1314,0.053139958930388
2017_1137_1315,0.775641616394347
2017_1137_1321,0.226947435891753
2017_1137_1323,0.139843790832441
2017_1137_1329,0.152853806860383
2017_1137_1332,0.095765033533009
2017_1137_1343,0.437071984824109
2017_1137_1344,0.305337138703782
2017_1137_1345,0.119649758323423
2017_1137_1348,0.221447684524202
2017_1137_1355,0.733525330567529
2017_1137_1371,0.251276976157743
2017_1137_1374,0.115757292872030
2017_1137_1376,0.197475947257636
2017_1137_1388,0.166095502888525
2017_1137_1407,0.673277074478194
2017_1137_1411,0.806821566784249
2017_1137_1413,0.851089793386014
2017_1137_1417,0.132328832322935
2017_1137_1423,0.300347169321019
2017_1137_1425,0.265859829157812
2017_1137_1433,0.281186665294750
2017_1137_1435,0.237728762104545
2017_1137_1436,0.346012441452232
2017_1137_1437,0.063778776486990
2017_1137_1438,0.071943557439687
2017_1137_1439,0.242917996416604
2017_1137_1448,0.215126342096253
2017_1137_1452,0.044592691611684
2017_1137_1455,0.122875195198704
2017_1137_1457,0.707363839839843
2017_1137_1458,0.074741891184039
2017_1137_1462,0.182278024053680
2017_1139_1153,0.447624831719597
2017_1139_1166,0.657019849982621
2017_1139_1173,0.716209382963082
2017_1139_1181,0.416754025081258
2017_1139_1190,0.852270033533740
2017_1139_1195,0.926466110304624
2017_1139_1196,0.394607260307904
2017_1139_1199,0.472296798874682
2017_1139_1211,0.372658577178068
2017_1139_1233,0.939762126290539
2017_1139_1235,0.448276895915320
2017_1139_1240,0.959834644143579
2017_1139_1242,0.346826842829113
2017_1139_1243,0.596242339536005
2017_1139_1245,0.906817907568286
2017_1139_1246,0.361424025190125
2017_1139_1257,0.351032671801532
2017_1139_1266,0.700815645676532
2017_1139_1268,0.707372953838832
2017_1139_1274,0.649309033903718
2017_1139_1276,0.471046939506158
2017_1139_1277,0.700363134554519
2017_1139_1278,0.614513662118717
2017_1139_1291,0.979598378518594
2017_1139_1292,0.767409001632444
2017_1139_1297,0.938925720608939
2017_1139_1300,0.975755893902150
2017_1139_1305,0.793854942788312
2017_1139_1308,0.889547849537958
2017_1139_1309,0.972618084137437
2017_1139_1314,0.306894368274383
2017_1139_1315,0.964633704913575
2017_1139_1321,0.698447251371158
2017_1139_1323,0.561919354884430
2017_1139_1329,0.587381719678288
2017_1139_1332,0.455208325220030
2017_1139_1343,0.859662479615257
2017_1139_1344,0.776178423921722
2017_1139_1345,0.517440992032299
2017_1139_1348,0.691745741320601
2017_1139_1355,0.955981403177817
2017_1139_1371,0.725862345376297
2017_1139_1374,0.508076156417409
2017_1139_1376,0.660023352096909
2017_1139_1388,0.611111646669764
2017_1139_1407,0.942056004481928
2017_1139_1411,0.970546071323316
2017_1139_1413,0.978304529040146
2017_1139_1417,0.546123621111755
2017_1139_1423,0.772045616507830
2017_1139_1425,0.740738902527792
2017_1139_1433,0.755277506626974
2017_1139_1435,0.711025786755426
2017_1139_1436,0.806734499653196
2017_1139_1437,0.349579516477379
2017_1139_1438,0.379500862318754
2017_1139_1439,0.716830888802703
2017_1139_1448,0.683790378447025
2017_1139_1452,0.269133269288509
2017_1139_1455,0.524994946950352
2017_1139_1457,0.950176377785793
2017_1139_1458,0.389244582330778
2017_1139_1462,0.637505603307634
2017_1153_1166,0.702726185455960
2017_1153_1173,0.756945925698308
2017_1153_1181,0.468581247561185
2017_1153_1190,0.876834510057783
2017_1153_1195,0.939568094774425
2017_1153_1196,0.445785377868852
2017_1153_1199,0.524815995202900
2017_1153_1211,0.422978969645886
2017_1153_1233,0.950621342351317
2017_1153_1235,0.500659207383490
2017_1153_1240,0.967201631417076
2017_1153_1242,0.395860176726233
2017_1153_1243,0.645680182349227
2017_1153_1245,0.923130264969139
2017_1153_1246,0.411221806256429
2017_1153_1257,0.400296208838078
2017_1153_1266,0.742968867584156
2017_1153_1268,0.748933272499671
2017_1153_1274,0.695566805410735
2017_1153_1276,0.523565045947900
2017_1153_1277,0.742556691824121
2017_1153_1278,0.662978855319417
2017_1153_1291,0.983403053110216
2017_1153_1292,0.802819504829563
2017_1153_1297,0.949927683506349
2017_1153_1300,0.980262711054948
2017_1153_1305,0.826151319881411
2017_1153_1308,0.908578691522583
2017_1153_1309,0.977694865333282
2017_1153_1314,0.353336138602327
2017_1153_1315,0.971146925486263
2017_1153_1321,0.740810752878316
2017_1153_1323,0.612830864655690
2017_1153_1329,0.637244419009499
2017_1153_1332,0.507655330246890
2017_1153_1343,0.883166250411432
2017_1153_1344,0.810583373115878
2017_1153_1345,0.569561987795361
2017_1153_1348,0.734693086057982
2017_1153_1355,0.964028651746357
2017_1153_1371,0.765666617397640
2017_1153_1374,0.560349216225514
2017_1153_1376,0.705508836633395
2017_1153_1388,0.659767746965096
2017_1153_1407,0.952522589432117
2017_1153_1411,0.975997536376769
2017_1153_1413,0.982346143725454
2017_1153_1417,0.597556111547423
2017_1153_1423,0.806927820458348
2017_1153_1425,0.779040665416275
2017_1153_1433,0.792034436832140
2017_1153_1435,0.752249014894722
2017_1153_1436,0.837426288795888
2017_1153_1437,0.398764428706783
2017_1153_1438,0.430111725539513
2017_1153_1439,0.757508423516502
2017_1153_1448,0.727409330562769
2017_1153_1452,0.312436608631856
2017_1153_1455,0.576967080330999
2017_1153_1457,0.959239622101793
2017_1153_1458,0.440232955891452
2017_1153_1462,0.684563942770427
2017_1166_1173,0.568490284875495
2017_1166_1181,0.271672307231860
2017_1166_1190,0.750723690452627
2017_1166_1195,0.868022871502046
2017_1166_1196,0.253879367720944
2017_1166_1199,0.318436125795006
2017_1166_1211,0.236697777069608
2017_1166_1233,0.890638902287560
2017_1166_1235,0.297824948365501
2017_1166_1240,0.925787665589153
2017_1166_1242,0.217030086400685
2017_1166_1243,0.435312255728721
2017_1166_1245,0.835530876191004
2017_1166_1246,0.228071903473484
2017_1166_1257,0.220192534484401
2017_1166_1266,0.550116955601597
2017_1166_1268,0.557893546045774
2017_1166_1274,0.491491251073321
2017_1166_1276,0.317348573003497
2017_1166_1277,0.549583006300541
2017_1166_1278,0.454199685316739
2017_1166_1291,0.961634898740226
2017_1166_1292,0.632671947181119
2017_1166_1297,0.889200836256658
2017_1166_1300,0.954566051407820
2017_1166_1305,0.667806096898178
2017_1166_1308,0.807848317589320
2017_1166_1309,0.948829554286265
2017_1166_1314,0.187746404600336
2017_1166_1315,0.934376619126814
2017_1166_1321,0.547326164355783
2017_1166_1323,0.401051365671997
2017_1166_1329,0.426318006014553
2017_1166_1332,0.303710630715511
2017_1166_1343,0.761777209814536
2017_1166_1344,0.644165871234634
2017_1166_1345,0.358875214891507
2017_1166_1348,0.539480601360608
2017_1166_1355,0.918943977080325
2017_1166_1371,0.580222870612331
2017_1166_1374,0.350296942544730
2017_1166_1376,0.503339106978001
2017_1166_1388,0.450647647181504
2017_1166_1407,0.894593594071165
2017_1166_1411,0.945059126479687
2017_1166_1413,0.959249215350778
2017_1166_1417,0.385795342572651
2017_1166_1423,0.638730049510213
2017_1166_1425,0.598632614029335
2017_1166_1433,0.617020005820228
2017_1166_1435,0.562257620970838
2017_1166_1436,0.685440417481794
2017_1166_1437,0.219098151507183
2017_1166_1438,0.242006724161670
2017_1166_1439,0.569240726668671
2017_1166_1448,0.530264058570711
2017_1166_1452,0.161235207739840
2017_1166_1455,0.365869406086762
2017_1166_1457,0.908720949528491
2017_1166_1458,0.249640536822882
2017_1166_1462,0.478641104329492
2017_1173_1181,0.220655815363143
2017_1173_1190,0.695673966183243
2017_1173_1195,0.833118961190208
2017_1173_1196,0.205262492830880
2017_1173_1199,0.261794525628788
2017_1173_1211,0.190530913828178
2017_1173_1233,0.860756762402259
2017_1173_1235,0.243539523915215
2017_1173_1240,0.904479636703396
2017_1173_1242,0.173825731084190
2017_1173_1243,0.369141043869252
2017_1173_1245,0.794072442205140
2017_1173_1246,0.183183713169922
2017_1173_1257,0.176500544260239
2017_1173_1266,0.481370891232130
2017_1173_1268,0.489232482070901
2017_1173_1274,0.423180038640253
2017_1173_1276,0.260826390391557
2017_1173_1277,0.480832351598642
2017_1173_1278,0.387125691548948
2017_1173_1291,0.950064249845959
2017_1173_1292,0.566602459077050
2017_1173_1297,0.858987968233096
2017_1173_1300,0.940994300949347
2017_1173_1305,0.604101607508840
2017_1173_1308,0.761404488895611
2017_1173_1309,0.933663315639174
2017_1173_1314,0.149260272736361
2017_1173_1315,0.915309075016135
2017_1173_1321,0.478557870914181
2017_1173_1323,0.336980233761162
2017_1173_1329,0.360640825851108
2017_1173_1332,0.248732425324220
2017_1173_1343,0.708219777473186
2017_1173_1344,0.578787359817665
2017_1173_1345,0.298187545790033
2017_1173_1348,0.470673112454641
2017_1173_1355,0.895891939941767
2017_1173_1371,0.511996238454341
2017_1173_1374,0.290402828768910
2017_1173_1376,0.434789168175679
2017_1173_1388,0.383729413515457
2017_1173_1407,0.865629016339710
2017_1173_1411,0.928859170898036
2017_1173_1413,0.946998716996035
2017_1173_1417,0.322847733691397
2017_1173_1423,0.573014812507005
2017_1173_1425,0.530979440200424
2017_1173_1433,0.550137061703821
2017_1173_1435,0.493659186103293
2017_1173_1436,0.623209607993521
2017_1173_1437,0.175574423128878
2017_1173_1438,0.195069002396604
2017_1173_1439,0.500764952380171
2017_1173_1448,0.461454183548029
2017_1173_1452,0.127331670018883
2017_1173_1455,0.304560840051564
2017_1173_1457,0.883131274609337
2017_1173_1458,0.201616038976818
2017_1173_1462,0.410673514047243
2017_1181_1190,0.889793172108883
2017_1181_1195,0.946330342995043
2017_1181_1196,0.477047746894665
2017_1181_1199,0.556059910770377
2017_1181_1211,0.453951994952048
2017_1181_1233,0.956204399502159
2017_1181_1235,0.532075302515182
2017_1181_1240,0.970967272211615
2017_1181_1242,0.426314550708785
2017_1181_1243,0.673914839584650
2017_1181_1245,0.931597974975753
2017_1181_1246,0.441993367069148
2017_1181_1257,0.430848473639986
2017_1181_1266,0.766257419161494
2017_1181_1268,0.771847364033262
2017_1181_1274,0.721540564823605
2017_1181_1276,0.554821442635159
2017_1181_1277,0.765870820398782
2017_1181_1278,0.690495802396371
2017_1181_1291,0.985336779189864
2017_1181_1292,0.821984541721688
2017_1181_1297,0.955585505685443
2017_1181_1300,0.982555831111440
2017_1181_1305,0.843490707558057
2017_1181_1308,0.918507848132986
2017_1181_1309,0.980280321567888
2017_1181_1314,0.382590806882079
2017_1181_1315,0.974471555494249
2017_1181_1321,0.764232792178067
2017_1181_1323,0.642232753798667
2017_1181_1329,0.665803362928760
2017_1181_1332,0.539036526279931
2017_1181_1343,0.895538094431722
2017_1181_1344,0.829154384511880
2017_1181_1345,0.600105596736539
2017_1181_1348,0.758487728500427
2017_1181_1355,0.968146590593323
2017_1181_1371,0.787486857885085
2017_1181_1374,0.591077203782119
2017_1181_1376,0.730962446882532
2017_1181_1388,0.687423262730014
2017_1181_1407,0.957900199952235
2017_1181_1411,0.978775464155015
2017_1181_1413,0.984401058027368
2017_1181_1417,0.627412737286997
2017_1181_1423,0.825780202070502
2017_1181_1425,0.799940956899914
2017_1181_1433,0.812002259949863
2017_1181_1435,0.774951423005055
2017_1181_1436,0.853840080339963
2017_1181_1437,0.429283470194824
2017_1181_1438,0.461189598084630
2017_1181_1439,0.779869921001954
2017_1181_1448,0.751636397832579
2017_1181_1452,0.340085859998842
2017_1181_1455,0.607347477944605
2017_1181_1457,0.963885262593340
2017_1181_1458,0.471437166493973
2017_1181_1462,0.711086527311712
2017_1190_1195,0.685920096785330
2017_1190_1196,0.101514969753014
2017_1190_1199,0.134302157425404
2017_1190_1211,0.093354654091093
2017_1190_1233,0.730036573110358
2017_1190_1235,0.123450539569808
2017_1190_1240,0.805532552950506
2017_1190_1242,0.084282474986677
2017_1190_1243,0.203804263637929
2017_1190_1245,0.627818329450614
2017_1190_1246,0.089341149643636
2017_1190_1257,0.085722372049960
2017_1190_1266,0.288776755628253
2017_1190_1268,0.295283800911150
2017_1190_1274,0.242960972249438
2017_1190_1276,0.133720094090192
2017_1190_1277,0.288333893299262
2017_1190_1278,0.216498059905022
2017_1190_1291,0.892737255162771
2017_1190_1292,0.363830024327307
2017_1190_1297,0.727133651682614
2017_1190_1300,0.874628900225824
2017_1190_1305,0.400304458828911
2017_1190_1308,0.582638345827842
2017_1190_1309,0.860276855842443
2017_1190_1314,0.071279691950498
2017_1190_1315,0.825414607508348
2017_1190_1321,0.286467548494859
2017_1190_1323,0.181894860107423
2017_1190_1329,0.197916837213729
2017_1190_1332,0.126511067722809
2017_1190_1343,0.514988534031121
2017_1190_1344,0.375431697324765
2017_1190_1345,0.156734960861969
2017_1190_1348,0.280047933400114
2017_1190_1355,0.790113367630002
2017_1190_1371,0.314581300781392
2017_1190_1374,0.151844125898299
2017_1190_1376,0.251784198175527
2017_1190_1388,0.214075835067484
2017_1190_1407,0.738091078662268
2017_1190_1411,0.851006135289467
2017_1190_1413,0.886572608055422
2017_1190_1417,0.172573526056513
2017_1190_1423,0.369906194557847
2017_1190_1425,0.331212810049045
2017_1190_1433,0.348518653798131
2017_1190_1435,0.298982853707892
2017_1190_1436,0.419801662998759
2017_1190_1437,0.085223281242183
2017_1190_1438,0.095852261874942
2017_1190_1439,0.304974219373809
2017_1190_1448,0.272639601277238
2017_1190_1452,0.059999633490351
2017_1190_1455,0.160777537922933
2017_1190_1457,0.767748443761356
2017_1190_1458,0.099480869507622
2017_1190_1462,0.233623393794548
2017_1195_1196,0.049190299710066
2017_1195_1199,0.066325249057851
2017_1195_1211,0.045025340534201
2017_1195_1233,0.553221228078936
2017_1195_1235,0.060581797852078
2017_1195_1240,0.654781741768126
2017_1195_1242,0.040440300611244
2017_1195_1243,0.104912131285636
2017_1195_1245,0.435795180304769
2017_1195_1246,0.042991087134763
2017_1195_1257,0.041164860669467
2017_1195_1266,0.156771827181518
2017_1195_1268,0.160977629943095
2017_1195_1274,0.128126341410890
2017_1195_1276,0.066015330451231
2017_1195_1277,0.156486863118287
2017_1195_1278,0.112315384183457
2017_1195_1291,0.792143924905096
2017_1195_1292,0.207527702237088
2017_1195_1297,0.549590050431493
2017_1195_1300,0.761588429583162
2017_1195_1305,0.234098713804404
2017_1195_1308,0.389955284086220
2017_1195_1309,0.738169788580989
2017_1195_1314,0.033950552734683
2017_1195_1315,0.684030780657385
2017_1195_1321,0.155287725171974
2017_1195_1323,0.092400085530346
2017_1195_1329,0.101517221055729
2017_1195_1332,0.062194302607846
2017_1195_1343,0.327141640637650
2017_1195_1344,0.215836247425536
2017_1195_1345,0.078432416417348
2017_1195_1348,0.151184926686438
2017_1195_1355,0.632857489678367
2017_1195_1371,0.173660844427036
2017_1195_1374,0.075765439518391
2017_1195_1376,0.133514788061901
2017_1195_1388,0.110893799656600
2017_1195_1407,0.563396133690084
2017_1195_1411,0.723402118479311
2017_1195_1413,0.781612210751546
2017_1195_1417,0.087176273685508
2017_1195_1423,0.211862851576806
2017_1195_1425,0.184851345590302
2017_1195_1433,0.196759700605212
2017_1195_1435,0.163384284813982
2017_1195_1436,0.248860038306596
2017_1195_1437,0.040913582547066
2017_1195_1438,0.046295971655297
2017_1195_1439,0.167306883560946
2017_1195_1448,0.146491883303734
2017_1195_1452,0.028397227512806
2017_1195_1455,0.080648532457603
2017_1195_1457,0.602172949771569
2017_1195_1458,0.048148466968889
2017_1195_1462,0.122488057134323
2017_1196_1199,0.578607585955798
2017_1196_1211,0.476806193413468
2017_1196_1233,0.959894577417652
2017_1196_1235,0.554865986163124
2017_1196_1240,0.973448084581388
2017_1196_1242,0.448921256711903
2017_1196_1243,0.693773126925417
2017_1196_1245,0.937225355329426
2017_1196_1246,0.464757937453809
2017_1196_1257,0.453505545854041
2017_1196_1266,0.782308684273750
2017_1196_1268,0.787621157357555
2017_1196_1274,0.739619104216188
2017_1196_1276,0.577384213063655
2017_1196_1277,0.781941078575457
2017_1196_1278,0.709779178880808
2017_1196_1291,0.986606670945882
2017_1196_1292,0.835032860694525
2017_1196_1297,0.959325612824411
2017_1196_1300,0.984062668268516
2017_1196_1305,0.855240266105315
2017_1196_1308,0.925125589059233
2017_1196_1309,0.981980113654838
2017_1196_1314,0.404513792957140
2017_1196_1315,0.976660128777478
2017_1196_1321,0.780383241764179
2017_1196_1323,0.663055783931930
2017_1196_1329,0.685925414198064
2017_1196_1332,0.561767410857221
2017_1196_1343,0.903825831700807
2017_1196_1344,0.841778322630917
2017_1196_1345,0.621937174536470
2017_1196_1348,0.774915816070854
2017_1196_1355,0.970861193735456
2017_1196_1371,0.802456119114222
2017_1196_1374,0.613083882467674
2017_1196_1376,0.748642379033581
2017_1196_1388,0.706816789422462
2017_1196_1407,0.961453251327593
2017_1196_1411,0.980602404796711
2017_1196_1413,0.985750814966753
2017_1196_1417,0.648626412484243
2017_1196_1423,0.838604931139404
2017_1196_1425,0.814239897019293
2017_1196_1433,0.825627050150568
2017_1196_1435,0.790568841438490
2017_1196_1436,0.864937093467707
2017_1196_1437,0.451923591314644
2017_1196_1438,0.484085144256525
2017_1196_1439,0.795236203545328
2017_1196_1448,0.768388215103972
2017_1196_1452,0.360997337273262
2017_1196_1455,0.629028099015306
2017_1196_1457,0.966950626519155
2017_1196_1458,0.494374668147943
2017_1196_1462,0.729589418844508
2017_1199_1211,0.398935653222738
2017_1199_1233,0.945743670251832
2017_1199_1235,0.475841631364474
2017_1199_1240,0.963899579390620
2017_1199_1242,0.372363601530732
2017_1199_1243,0.622637624674615
2017_1199_1245,0.915777591570703
2017_1199_1246,0.387398112587528
2017_1199_1257,0.376700508116087
2017_1199_1266,0.723544327209078
2017_1199_1268,0.729795550061288
2017_1199_1274,0.674131173335466
2017_1199_1276,0.498746117713374
2017_1199_1277,0.723112610812904
2017_1199_1278,0.640434804549465
2017_1199_1291,0.981701257377666
2017_1199_1292,0.786619010384646
2017_1199_1297,0.944985456527794
2017_1199_1300,0.978246038093637
2017_1199_1305,0.811417490330121
2017_1199_1308,0.899984944676853
2017_1199_1309,0.975422399027119
2017_1199_1314,0.330980799079135
2017_1199_1315,0.968229027697857
2017_1199_1321,0.721284300859556
2017_1199_1323,0.589011805302448
2017_1199_1329,0.613981238937382
2017_1199_1332,0.482826284762602
2017_1199_1343,0.872518863920193
2017_1199_1344,0.794857766786572
2017_1199_1345,0.545057111942392
2017_1199_1348,0.714883130750513
2017_1199_1355,0.960420225011034
2017_1199_1371,0.747374157268080
2017_1199_1374,0.535747365740102
2017_1199_1376,0.684455667925171
2017_1199_1388,0.637126465412218
2017_1199_1407,0.947822416049482
2017_1199_1411,0.973556821753440
2017_1199_1413,0.980538120737902
2017_1199_1417,0.573451405653074
2017_1199_1423,0.790976985359863
2017_1199_1425,0.761466961816921
2017_1199_1433,0.775195959915246
2017_1199_1435,0.733274024292424
2017_1199_1436,0.823443810049577
2017_1199_1437,0.375202529006409
2017_1199_1438,0.405948204167904
2017_1199_1439,0.738796376817436
2017_1199_1448,0.707272205989920
2017_1199_1452,0.291502480478531
2017_1199_1455,0.552552590005047
2017_1199_1457,0.955173127722614
2017_1199_1458,0.415915808210862
2017_1199_1462,0.662729236962109
2017_1211_1233,0.963319991687742
2017_1211_1235,0.577664464758351
2017_1211_1240,0.975745141125607
2017_1211_1242,0.471982291806946
2017_1211_1243,0.713135326072073
2017_1211_1245,0.942470912821553
2017_1211_1246,0.487912221958148
2017_1211_1257,0.476598408893211
2017_1211_1266,0.797705218437762
2017_1211_1268,0.802736702070440
2017_1211_1274,0.757097450240007
2017_1211_1276,0.599861083192625
2017_1211_1277,0.797356877492628
2017_1211_1278,0.728525354001316
2017_1211_1291,0.987779644021940
2017_1211_1292,0.847427660350459
2017_1211_1297,0.962797739110690
2017_1211_1300,0.985455157713593
2017_1211_1305,0.866359771938745
2017_1211_1308,0.931308119174130
2017_1211_1309,0.983551520331749
2017_1211_1314,0.427061454880966
2017_1211_1315,0.978685389747026
2017_1211_1321,0.795880423702714
2017_1211_1323,0.683474079543677
2017_1211_1329,0.705573232108739
2017_1211_1332,0.584477122516141
2017_1211_1343,0.911599065731450
2017_1211_1344,0.853755065071851
2017_1211_1345,0.643507516612596
2017_1211_1348,0.790695328688981
2017_1211_1355,0.973375926206279
2017_1211_1371,0.816761461332839
2017_1211_1374,0.634862791880188
2017_1211_1376,0.765706897958494
2017_1211_1388,0.725680359869931
2017_1211_1407,0.964750427590203
2017_1211_1411,0.982291786699036
2017_1211_1413,0.986997755158798
2017_1211_1417,0.669483240252857
2017_1211_1423,0.850779304348001
2017_1211_1425,0.827874943226743
2017_1211_1433,0.838591952121179
2017_1211_1435,0.805526392783912
2017_1211_1436,0.875420251021164
2017_1211_1437,0.475005916799432
2017_1211_1438,0.507289714137646
2017_1211_1439,0.809940550744042
2017_1211_1448,0.784498082757714
2017_1211_1452,0.382678161013932
2017_1211_1455,0.650421271066068
2017_1211_1457,0.969792347386171
2017_1211_1458,0.517577648358615
2017_1211_1462,0.747511185136046
2017_1233_1235,0.049502578741567
2017_1233_1240,0.605021029878413
2017_1233_1242,0.032915502581742
2017_1233_1243,0.086472016675269
2017_1233_1245,0.384157317512408
2017_1233_1246,0.035008976334906
2017_1233_1257,0.033509950691510
2017_1233_1266,0.130545907485768
2017_1233_1268,0.134160074444945
2017_1233_1274,0.106089543257648
2017_1233_1276,0.053999544085830
2017_1233_1277,0.130301247845744
2017_1233_1278,0.092708797319769
2017_1233_1291,0.754767457959608
2017_1233_1292,0.174568778596130
2017_1233_1297,0.496330079094673
2017_1233_1300,0.720655093053615
2017_1233_1305,0.197974077449893
2017_1233_1308,0.340471312194332
2017_1233_1309,0.694826816774342
2017_1233_1314,0.027598582071551
2017_1233_1315,0.636143289503382
2017_1233_1321,0.129272015245474
2017_1233_1323,0.075972516036341
2017_1233_1329,0.083618076079245
2017_1233_1332,0.050836146214500
2017_1233_1343,0.281944618726052
2017_1233_1344,0.181860600056211
2017_1233_1345,0.064312158401496
2017_1233_1348,0.125754240481645
2017_1233_1355,0.581954201373965
2017_1233_1371,0.145095765552633
2017_1233_1374,0.062092969197315
2017_1233_1376,0.110668853729926
2017_1233_1388,0.091509792304726
2017_1233_1407,0.510314105609311
2017_1233_1411,0.678678658049972
2017_1233_1413,0.742956463371253
2017_1233_1417,0.071604161007094
2017_1233_1423,0.178370399764970
2017_1233_1425,0.154790367641660
2017_1233_1433,0.165154517902448
2017_1233_1435,0.136230898599598
2017_1233_1436,0.211085318394085
2017_1233_1437,0.033303776595692
2017_1233_1438,0.037724434489923
2017_1233_1439,0.139610374980062
2017_1233_1448,0.121737391989179
2017_1233_1452,0.023059454196492
2017_1233_1455,0.066157946498480
2017_1233_1457,0.550040148948255
2017_1233_1458,0.039248061659032
2017_1233_1462,0.101308322380147
2017_1235_1240,0.967117881059962
2017_1235_1242,0.395229739147587
2017_1235_1243,0.645076703832335
2017_1235_1245,0.922942944494023
2017_1235_1246,0.410583530639213
2017_1235_1257,0.399663380142706
2017_1235_1266,0.742464999642400
2017_1235_1268,0.748437137913167
2017_1235_1274,0.695008159118742
2017_1235_1276,0.522907261953155
2017_1235_1277,0.742052296405376
2017_1235_1278,0.662389434382740
2017_1235_1291,0.983359961200812
2017_1235_1292,0.802401760235923
2017_1235_1297,0.949802113525595
2017_1235_1300,0.980211629705432
2017_1235_1305,0.825772278427225
2017_1235_1308,0.908359431136263
2017_1235_1309,0.977637289846233
2017_1235_1314,0.352733883090982
2017_1235_1315,0.971072948102958
2017_1235_1321,0.740304133069570
2017_1235_1323,0.612205040039544
2017_1235_1329,0.636634658361299
2017_1235_1332,0.506996264088593
2017_1235_1343,0.882893897612770
2017_1235_1344,0.810178187837688
2017_1235_1345,0.568915421092312
2017_1235_1348,0.734178799208218
2017_1235_1355,0.963937101308701
2017_1235_1371,0.765193182501368
2017_1235_1374,0.559699508860432
2017_1235_1376,0.704960695764097
2017_1235_1388,0.659175597127108
2017_1235_1407,0.952403200825630
2017_1235_1411,0.975935687469372
2017_1235_1413,0.982300357072130
2017_1235_1417,0.596921836224280
2017_1235_1423,0.806516682034656
2017_1235_1425,0.778586437104676
2017_1235_1433,0.791599774405088
2017_1235_1435,0.751757260744615
2017_1235_1436,0.837066981907076
2017_1235_1437,0.398132413952904
2017_1235_1438,0.429465516495127
2017_1235_1439,0.757023736745207
2017_1235_1448,0.726886173122253
2017_1235_1452,0.311870444988428
2017_1235_1455,0.576323362703031
2017_1235_1457,0.959136399788613
2017_1235_1458,0.439583269913175
2017_1235_1462,0.683994278715152
2017_1240_1242,0.021736784279741
2017_1240_1243,0.058199108494372
2017_1240_1245,0.289385559530738
2017_1240_1246,0.023136284689332
2017_1240_1257,0.022133967350128
2017_1240_1266,0.089270789258334
2017_1240_1268,0.091862986790049
2017_1240_1274,0.071907367511169
2017_1240_1276,0.035926299465653
2017_1240_1277,0.089095557661565
2017_1240_1278,0.062536303736940
2017_1240_1291,0.667693631610500
2017_1240_1292,0.121316937643685
2017_1240_1297,0.391476357456294
2017_1240_1300,0.627447658234694
2017_1240_1305,0.138782930577190
2017_1240_1308,0.252065714574712
2017_1240_1309,0.597810995992412
2017_1240_1314,0.018191621977920
2017_1240_1315,0.533010164890312
2017_1240_1321,0.088358735836484
2017_1240_1323,0.050941096733110
2017_1240_1329,0.056220865980001
2017_1240_1332,0.033783856303893
2017_1240_1343,0.204034502780552
2017_1240_1344,0.126725902538950
2017_1240_1345,0.042944043322035
2017_1240_1348,0.085844537540052
2017_1240_1355,0.476110719504246
2017_1240_1371,0.099748138716325
2017_1240_1374,0.041429546295664
2017_1240_1376,0.075135234506758
2017_1240_1388,0.061700982983449
2017_1240_1407,0.404880944651361
2017_1240_1411,0.579635039555674
2017_1240_1413,0.653613564457017
2017_1240_1417,0.047937358742416
2017_1240_1423,0.124133281320606
2017_1240_1425,0.106791314864694
2017_1240_1433,0.114376544130297
2017_1240_1435,0.093351325781654
2017_1240_1436,0.148700920214162
2017_1240_1437,0.021996192452036
2017_1240_1438,0.024954656443626
2017_1240_1439,0.095785046864291
2017_1240_1448,0.082981485849609
2017_1240_1452,0.015175507808387
2017_1240_1455,0.044205530305805
2017_1240_1457,0.443838545087485
2017_1240_1458,0.025976456096285
2017_1240_1462,0.068548528951025
2017_1242_1243,0.735527172519469
2017_1242_1245,0.948260254028587
2017_1242_1246,0.515951539500000
2017_1242_1257,0.504628255314361
2017_1242_1266,0.815206359051079
2017_1242_1268,0.819900829534749
2017_1242_1274,0.777130172047045
2017_1242_1276,0.626463473555423
2017_1242_1277,0.814881160650212
2017_1242_1278,0.750136801874774
2017_1242_1291,0.989062333805837
2017_1242_1292,0.861374699929297
2017_1242_1297,0.966613986538633
2017_1242_1300,0.986978617082186
2017_1242_1305,0.878823646156350
2017_1242_1308,0.938147085370204
2017_1242_1309,0.985271390843984
2017_1242_1314,0.454708941119043
2017_1242_1315,0.980904189459182
2017_1242_1321,0.813502524407840
2017_1242_1323,0.707230691019048
2017_1242_1329,0.728330488225264
2017_1242_1332,0.611439783311990
2017_1242_1343,0.920232198009448
2017_1242_1344,0.867214331672279
2017_1242_1345,0.668810248416281
2017_1242_1348,0.808657450152268
2017_1242_1355,0.976133950211896
2017_1242_1371,0.832959210527138
2017_1242_1374,0.660455348192876
2017_1242_1376,0.785230999355922
2017_1242_1388,0.747439775274865
2017_1242_1407,0.968372946129066
2017_1242_1411,0.984141252464915
2017_1242_1413,0.988361547654100
2017_1242_1417,0.693819515778340
2017_1242_1423,0.864468961787152
2017_1242_1425,0.843278797204876
2017_1242_1433,0.853206776358610
2017_1242_1435,0.822501458419219
2017_1242_1436,0.887149176333489
2017_1242_1437,0.503032118282411
2017_1242_1438,0.535278600971950
2017_1242_1439,0.826613251102789
2017_1242_1448,0.802859439640235
2017_1242_1452,0.409506022152516
2017_1242_1455,0.675480753303116
2017_1242_1457,0.972911268046754
2017_1242_1458,0.545505712950607
2017_1242_1462,0.768092337710091
2017_1243_1245,0.868247741160020
2017_1243_1246,0.277074219631157
2017_1243_1257,0.268089880566923
2017_1243_1266,0.613334993076851
2017_1243_1268,0.620772122519990
2017_1243_1274,0.556302954581193
2017_1243_1276,0.376184650941381
2017_1243_1277,0.612823267389628
2017_1243_1278,0.519113946602421
2017_1243_1291,0.970162452220832
2017_1243_1292,0.690809396451548
2017_1243_1297,0.912361285091157
2017_1243_1300,0.964606995060719
2017_1243_1305,0.722819040325096
2017_1243_1308,0.845050686128896
2017_1243_1309,0.960085257715923
2017_1243_1314,0.230673680308744
2017_1243_1315,0.948639372999625
2017_1243_1321,0.610658814943103
2017_1243_1323,0.464838877768309
2017_1243_1329,0.490830939507427
2017_1243_1332,0.361356671151092
2017_1243_1343,0.805754630890782
2017_1243_1344,0.701342908886238
2017_1243_1345,0.420665984278934
2017_1243_1348,0.603114959892203
2017_1243_1355,0.936332350581310
2017_1243_1371,0.641963767044029
2017_1243_1374,0.411558846902127
2017_1243_1376,0.567968126978347
2017_1243_1388,0.515533757056825
2017_1243_1407,0.916732349518885
2017_1243_1411,0.957106699211242
2017_1243_1413,0.968289557433196
2017_1243_1417,0.448975277374798
2017_1243_1423,0.696368832928141
2017_1243_1425,0.659255941977249
2017_1243_1433,0.676367511021642
2017_1243_1435,0.624932795324881
2017_1243_1436,0.738675806950013
2017_1243_1437,0.266838901269642
2017_1243_1438,0.292867102177976
2017_1243_1439,0.631571226933809
2017_1243_1448,0.594214026487441
2017_1243_1452,0.199590325387807
2017_1243_1455,0.428060383658065
2017_1243_1457,0.928130879865488
2017_1243_1458,0.301467174631655
2017_1243_1462,0.543569642115234
2017_1245_1246,0.054962425531117
2017_1245_1257,0.052655646344325
2017_1245_1266,0.194003813847318
2017_1245_1268,0.198972766866885
2017_1245_1274,0.159844875626797
2017_1245_1276,0.083836370731745
2017_1245_1277,0.193666716699301
2017_1245_1278,0.140751687525269
2017_1245_1291,0.831478511187779
2017_1245_1292,0.253194324571476
2017_1245_1297,0.612363840104729
2017_1245_1300,0.805283980867411
2017_1245_1305,0.283520453411415
2017_1245_1308,0.452826916756250
2017_1245_1309,0.784945464903047
2017_1245_1314,0.043518933085778
2017_1245_1315,0.737032801458892
2017_1245_1321,0.192247607880329
2017_1245_1323,0.116455670415049
2017_1245_1329,0.127612640890210
2017_1245_1332,0.079071171405771
2017_1245_1343,0.386298885936801
2017_1245_1344,0.262725042029186
2017_1245_1345,0.099249285651065
2017_1245_1348,0.187384926726189
2017_1245_1355,0.690560321703565
2017_1245_1371,0.213886432662900
2017_1245_1374,0.095948159061556
2017_1245_1376,0.166312813676928
2017_1245_1388,0.139026552190936
2017_1245_1407,0.625556720556974
2017_1245_1411,0.772001151983373
2017_1245_1413,0.822493210517809
2017_1245_1417,0.110036765559783
2017_1245_1423,0.258172646722157
2017_1245_1425,0.226957096554912
2017_1245_1433,0.240776743173497
2017_1245_1435,0.201810827948130
2017_1245_1436,0.300176740574836
2017_1245_1437,0.052338054985731
2017_1245_1438,0.059130729854831
2017_1245_1439,0.206428352745677
2017_1245_1448,0.181808861510990
2017_1245_1452,0.036459567123941
2017_1245_1455,0.101988491184629
2017_1245_1457,0.662123647664217
2017_1245_1458,0.061463699109286
2017_1245_1462,0.153055825569870
2017_1246_1257,0.488673370934054
2017_1246_1266,0.805396996546201
2017_1246_1268,0.810282669065590
2017_1246_1274,0.765880086839975
2017_1246_1276,0.611410925342598
2017_1246_1277,0.805058663695199
2017_1246_1278,0.737983543581809
2017_1246_1291,0.988349843238887
2017_1246_1292,0.853575888951023
2017_1246_1297,0.964491686369102
2017_1246_1300,0.986132294268641
2017_1246_1305,0.871860450248569
2017_1246_1308,0.934338111535168
2017_1246_1309,0.984315870404997
2017_1246_1314,0.438933873470687
2017_1246_1315,0.979671191974261
2017_1246_1321,0.803624504778022
2017_1246_1323,0.693842248917944
2017_1246_1329,0.715518818951832
2017_1246_1332,0.596172079656494
2017_1246_1343,0.915419467705156
2017_1246_1344,0.859690534059478
2017_1246_1345,0.654523097813502
2017_1246_1348,0.798586343564305
2017_1246_1355,0.974600918584302
2017_1246_1371,0.823888635863181
2017_1246_1374,0.645998547560357
2017_1246_1376,0.774271054321399
2017_1246_1388,0.735201641962972
2017_1246_1407,0.966358568932551
2017_1246_1411,0.983113670728673
2017_1246_1413,0.987603979308121
2017_1246_1417,0.680095191658531
2017_1246_1423,0.856815291837359
2017_1246_1425,0.834657358620332
2017_1246_1433,0.845031123016551
2017_1246_1435,0.812990505781674
2017_1246_1436,0.880599393938756
2017_1246_1437,0.487078078806511
2017_1246_1438,0.519370664682946
2017_1246_1439,0.817273674905914
2017_1246_1448,0.792561444459038
2017_1246_1452,0.394165578334268
2017_1246_1455,0.661335649163853
2017_1246_1457,0.971177340394178
2017_1246_1458,0.529640235198734
2017_1246_1462,0.756528967870821
2017_1257_1266,0.812401095972978
2017_1257_1268,0.817150846464873
2017_1257_1274,0.773907202226084
2017_1257_1276,0.622121130793873
2017_1257_1277,0.812072098935154
2017_1257_1278,0.746650733801520
2017_1257_1291,0.988860229461815
2017_1257_1292,0.859149202161017
2017_1257_1297,0.966011339729529
2017_1257_1300,0.986738526420635
2017_1257_1305,0.876838221432076
2017_1257_1308,0.937064042829975
2017_1257_1309,0.985000300422114
2017_1257_1314,0.450122506802664
2017_1257_1315,0.980554304059513
2017_1257_1321,0.810677403117714
2017_1257_1323,0.703382706581718
2017_1257_1329,0.724651855891408
2017_1257_1332,0.607032345045555
2017_1257_1343,0.918862596357283
2017_1257_1344,0.865067898001106
2017_1257_1345,0.664696701209638
2017_1257_1348,0.805776457145764
2017_1257_1355,0.975698826853475
2017_1257_1371,0.830367366399978
2017_1257_1374,0.656291358433034
2017_1257_1376,0.782092329074419
2017_1257_1388,0.743928923677961
2017_1257_1407,0.967800992428580
2017_1257_1411,0.983849702014609
2017_1257_1413,0.988146649488726
2017_1257_1417,0.689872558294572
2017_1257_1423,0.862285197452938
2017_1257_1425,0.840816474095391
2017_1257_1433,0.850872852154287
2017_1257_1435,0.819782456701425
2017_1257_1436,0.885282355605257
2017_1257_1437,0.498403773365991
2017_1257_1438,0.530670376894474
2017_1257_1439,0.823943753459852
2017_1257_1448,0.799912748091323
2017_1257_1452,0.405036860194525
2017_1257_1455,0.671409351936426
2017_1257_1457,0.972419049236400
2017_1257_1458,0.540911923814098
2017_1257_1462,0.764778229478418
2017_1266_1268,0.507867903706785
2017_1266_1274,0.441474124834351
2017_1266_1276,0.275453550431634
2017_1266_1277,0.499460690067532
2017_1266_1278,0.404955380873435
2017_1266_1291,0.953484757121715
2017_1266_1292,0.584810654448214
2017_1266_1297,0.867778808646595
2017_1266_1300,0.945000117049665
2017_1266_1305,0.621785988183870
2017_1266_1308,0.774683065291039
2017_1266_1309,0.938134101506339
2017_1266_1314,0.158976432473580
2017_1266_1315,0.920912069911968
2017_1266_1321,0.497182477870495
2017_1266_1323,0.353833766009757
2017_1266_1329,0.378003051345875
2017_1266_1332,0.262922600245241
2017_1266_1343,0.723382922491086
2017_1266_1344,0.596847879220824
2017_1266_1345,0.314019820522573
2017_1266_1348,0.489278791789771
2017_1266_1355,0.902642899552382
2017_1266_1371,0.530597995156504
2017_1266_1374,0.306001992459646
2017_1266_1376,0.453190818082162
2017_1266_1388,0.401505156099698
2017_1266_1407,0.874066543407498
2017_1266_1411,0.933630718274539
2017_1266_1413,0.950618293294172
2017_1266_1417,0.339356223264052
2017_1266_1423,0.591148002898458
2017_1266_1425,0.549494292510416
2017_1266_1433,0.568510213907610
2017_1266_1435,0.512294103771845
2017_1266_1436,0.640548322826748
2017_1266_1437,0.186627745923533
2017_1266_1438,0.207041397136494
2017_1266_1439,0.519392955720004
2017_1266_1448,0.480025920831643
2017_1266_1452,0.135848317361943
2017_1266_1455,0.320576933646820
2017_1266_1457,0.890608671141897
2017_1266_1458,0.213883487557148
2017_1266_1462,0.428828887156547
2017_1268_1274,0.433728287247160
2017_1268_1276,0.269216556251449
2017_1268_1277,0.491592929053580
2017_1268_1278,0.397394391846133
2017_1268_1291,0.952068732069958
2017_1268_1292,0.577148670437145
2017_1268_1297,0.864125509516037
2017_1268_1300,0.943341149519171
2017_1268_1305,0.614356389843796
2017_1268_1308,0.769141817134190
2017_1268_1309,0.936281997635849
2017_1268_1314,0.154813266906999
2017_1268_1315,0.918589125322086
2017_1268_1321,0.489315521577473
2017_1268_1323,0.346671188240591
2017_1268_1329,0.370631849019230
2017_1268_1332,0.256868749517745
2017_1268_1343,0.717040864089036
2017_1268_1344,0.589252012000821
2017_1268_1345,0.307279926020537
2017_1268_1348,0.481417158189053
2017_1268_1355,0.899841719036399
2017_1268_1371,0.522752000905764
2017_1268_1374,0.299359087911229
2017_1268_1376,0.445403344014792
2017_1268_1388,0.393965935914193
2017_1268_1407,0.870561061711791
2017_1268_1411,0.931653616920723
2017_1268_1413,0.949119663342173
2017_1268_1417,0.332335981731080
2017_1268_1423,0.583519681649053
2017_1268_1425,0.541691329942010
2017_1268_1433,0.560773345255289
2017_1268_1435,0.504427913292454
2017_1268_1436,0.633269909602955
2017_1268_1437,0.181897078481956
2017_1268_1438,0.201921739316113
2017_1268_1439,0.511532090366633
2017_1268_1448,0.472175508060322
2017_1268_1452,0.132195614298957
2017_1268_1455,0.313760673807475
2017_1268_1457,0.887504392115716
2017_1268_1458,0.208639156745520
2017_1268_1462,0.421137624906052
2017_1274_1276,0.324767985006173
2017_1274_1277,0.557993887213317
2017_1274_1278,0.462650212890541
2017_1274_1291,0.962871135894587
2017_1274_1292,0.640546061889878
2017_1274_1297,0.892510218671740
2017_1274_1300,0.956019650276762
2017_1274_1305,0.675313580913712
2017_1274_1308,0.813076768306728
2017_1274_1309,0.950457159308665
2017_1274_1314,0.192992415136398
2017_1274_1315,0.936433137765957
2017_1274_1321,0.555745122061195
2017_1274_1323,0.409254509527218
2017_1274_1329,0.434662904772482
2017_1274_1332,0.310956434813985
2017_1274_1343,0.767899088714159
2017_1274_1344,0.651929151700691
2017_1274_1345,0.366743910640974
2017_1274_1348,0.547924952469618
2017_1274_1355,0.921443466259411
2017_1274_1371,0.588490007744183
2017_1274_1374,0.358082602046317
2017_1274_1376,0.511846509590427
2017_1274_1388,0.459087675385384
2017_1274_1407,0.897760423972323
2017_1274_1411,0.946799935204789
2017_1274_1413,0.960559173359579
2017_1274_1417,0.393891653127234
2017_1274_1423,0.646546851591146
2017_1274_1425,0.606782896978634
2017_1274_1433,0.625030785211862
2017_1274_1435,0.570616737418877
2017_1274_1436,0.692732740690058
2017_1274_1437,0.224977550170367
2017_1274_1438,0.248305393074921
2017_1274_1439,0.577566681346362
2017_1274_1448,0.538732911161767
2017_1274_1452,0.165891735739387
2017_1274_1455,0.373802044411933
2017_1274_1457,0.911505323711750
2017_1274_1458,0.256070768855730
2017_1274_1462,0.487140505047313
2017_1276_1277,0.724115701398692
2017_1276_1278,0.641588957966076
2017_1276_1291,0.981791138682846
2017_1276_1292,0.787459656192200
2017_1276_1297,0.945245622924451
2017_1276_1300,0.978352516794528
2017_1276_1305,0.812183765457322
2017_1276_1308,0.900435498834250
2017_1276_1309,0.975542352998655
2017_1276_1314,0.332092342564072
2017_1276_1315,0.968382951809111
2017_1276_1321,0.722291471209510
2017_1276_1323,0.590225407240622
2017_1276_1329,0.615169281683699
2017_1276_1332,0.484078795672005
2017_1276_1343,0.873075699322862
2017_1276_1344,0.795674385767453
2017_1276_1345,0.546300530991567
2017_1276_1348,0.715904321592032
2017_1276_1355,0.960610442146722
2017_1276_1371,0.748319945944464
2017_1276_1374,0.536994615189854
2017_1276_1376,0.685537901162358
2017_1276_1388,0.638285240395205
2017_1276_1407,0.948069903589696
2017_1276_1411,0.973685635267779
2017_1276_1413,0.980633602529250
2017_1276_1417,0.574677776821025
2017_1276_1423,0.791805006383963
2017_1276_1425,0.762376764482451
2017_1276_1433,0.776068797317348
2017_1276_1435,0.734253831313971
2017_1276_1436,0.824171807261747
2017_1276_1437,0.376379033796104
2017_1276_1438,0.407158291207919
2017_1276_1439,0.739763097195105
2017_1276_1448,0.708309533894961
2017_1276_1452,0.292539415965810
2017_1276_1455,0.553792293770151
2017_1276_1457,0.955387390611604
2017_1276_1458,0.417134744005316
2017_1276_1462,0.663849389762900
2017_1277_1278,0.405475310027926
2017_1277_1291,0.953580340594560
2017_1277_1292,0.585334351871065
2017_1277_1297,0.868026131409464
2017_1277_1300,0.945112131828853
2017_1277_1305,0.622293169062686
2017_1277_1308,0.775059386797500
2017_1277_1309,0.938259186258885
2017_1277_1314,0.159265074083246
2017_1277_1315,0.921069045681349
2017_1277_1321,0.497721773955743
2017_1277_1323,0.354327143016883
2017_1277_1329,0.378510388047490
2017_1277_1332,0.263340874942095
2017_1277_1343,0.723814378397400
2017_1277_1344,0.597366846873139
2017_1277_1345,0.314484701006164
2017_1277_1348,0.489817866227646
2017_1277_1355,0.902832310443813
2017_1277_1371,0.531135249937966
2017_1277_1374,0.306460305989646
2017_1277_1376,0.453725455274640
2017_1277_1388,0.402023648311823
2017_1277_1407,0.874303808429201
2017_1277_1411,0.933764265414361
2017_1277_1413,0.950719462584658
2017_1277_1417,0.339840030217445
2017_1277_1423,0.591669288073611
2017_1277_1425,0.550028260872730
2017_1277_1433,0.569039320314893
2017_1277_1435,0.512833073354151
2017_1277_1436,0.641044868459198
2017_1277_1437,0.186955431756000
2017_1277_1438,0.207395786491245
2017_1277_1439,0.519931431815948
2017_1277_1448,0.480564393305642
2017_1277_1452,0.136101762493403
2017_1277_1455,0.321046978279106
2017_1277_1457,0.890818662986769
2017_1277_1458,0.214246424122290
2017_1277_1462,0.429357351100446
2017_1278_1291,0.967866743008952
2017_1278_1292,0.674237307757231
2017_1278_1297,0.906049010639730
2017_1278_1300,0.961900633417789
2017_1278_1305,0.707235517579938
2017_1278_1308,0.834768302817259
2017_1278_1309,0.957048532655681
2017_1278_1314,0.217379332879366
2017_1278_1315,0.944781925045893
2017_1278_1321,0.592325993025069
2017_1278_1323,0.445870446089510
2017_1278_1329,0.471736806187624
2017_1278_1332,0.343897425070679
2017_1278_1343,0.793501790756407
2017_1278_1344,0.685078021971647
2017_1278_1345,0.402145578033442
2017_1278_1348,0.584668517473953
2017_1278_1355,0.931617211561533
2017_1278_1371,0.624197857962253
2017_1278_1374,0.393167285796749
2017_1278_1376,0.549109380048888
2017_1278_1388,0.496415553402132
2017_1278_1407,0.910704092217696
2017_1278_1411,0.953854256375994
2017_1278_1413,0.965854818859127
2017_1278_1417,0.430133887928081
2017_1278_1423,0.679956671855791
2017_1278_1425,0.641869402652899
2017_1278_1433,0.659403005030315
2017_1278_1435,0.606839360679454
2017_1278_1436,0.723642929288819
2017_1278_1437,0.252143374559037
2017_1278_1438,0.277280258673198
2017_1278_1439,0.613600026348941
2017_1278_1448,0.575644966272346
2017_1278_1452,0.187650441534738
2017_1278_1455,0.409444510354490
2017_1278_1457,0.922858392155733
2017_1278_1458,0.285607488380960
2017_1278_1462,0.524537433414842
2017_1291_1292,0.064296712742230
2017_1291_1297,0.242525551288219
2017_1291_1300,0.455991827712056
2017_1291_1305,0.074247169806573
2017_1291_1308,0.143637944690286
2017_1291_1309,0.425210490115272
2017_1291_1314,0.009137335761114
2017_1291_1315,0.362266792576161
2017_1291_1321,0.046017938332180
2017_1291_1323,0.026018792104940
2017_1291_1329,0.028793867755586
2017_1291_1332,0.017104241620126
2017_1291_1343,0.113142239833436
2017_1291_1344,0.067358293695201
2017_1291_1345,0.021844146971121
2017_1291_1348,0.044649516921392
2017_1291_1355,0.311438655372716
2017_1291_1371,0.052262509970492
2017_1291_1374,0.021057402370854
2017_1291_1376,0.038860920012605
2017_1291_1388,0.031690312988358
2017_1291_1407,0.252949955557277
2017_1291_1411,0.406972123350869
2017_1291_1413,0.484302456978244
2017_1291_1417,0.024446742132301
2017_1291_1423,0.065888604839469
2017_1291_1425,0.056161917019452
2017_1291_1433,0.060394166843219
2017_1291_1435,0.048746042866340
2017_1291_1436,0.079981489495528
2017_1291_1437,0.011069655328659
2017_1291_1438,0.012577411521448
2017_1291_1439,0.050081114343187
2017_1291_1448,0.043095614551320
2017_1291_1452,0.007610757248535
2017_1291_1455,0.022500393484890
2017_1291_1457,0.284271757360304
2017_1291_1458,0.013099217997540
2017_1291_1462,0.035332705326217
2017_1292_1297,0.823305805843325
2017_1292_1300,0.924232942220394
2017_1292_1305,0.538568803764529
2017_1292_1308,0.709383660153890
2017_1292_1309,0.915007584593611
2017_1292_1314,0.118322001742178
2017_1292_1315,0.892088204830645
2017_1292_1321,0.412455500519438
2017_1292_1323,0.279935204010916
2017_1292_1329,0.301411300849257
2017_1292_1332,0.202073229948015
2017_1292_1343,0.649934451847238
2017_1292_1344,0.512446141868506
2017_1292_1345,0.245280059216047
2017_1292_1348,0.404814336237726
2017_1292_1355,0.868114316292688
2017_1292_1371,0.445218702957795
2017_1292_1374,0.238407374411260
2017_1292_1376,0.370437572156137
2017_1292_1388,0.322621368914592
2017_1292_1407,0.831297287246936
2017_1292_1411,0.908984084792896
2017_1292_1413,0.931819409722752
2017_1292_1417,0.267230839863129
2017_1292_1423,0.506539560064573
2017_1292_1425,0.464080529558813
2017_1292_1433,0.483311696854830
2017_1292_1435,0.427179739030190
2017_1292_1436,0.558528296438467
2017_1292_1437,0.140079916218154
2017_1292_1438,0.156380989336619
2017_1292_1439,0.434149073487599
2017_1292_1448,0.395920515103896
2017_1292_1452,0.100402275532728
2017_1292_1455,0.250926851337582
2017_1292_1457,0.852509432178159
2017_1292_1458,0.161890706604558
2017_1292_1462,0.347695514044955
2017_1297_1300,0.723600738308213
2017_1297_1305,0.200315302799355
2017_1297_1308,0.343775381497341
2017_1297_1309,0.697930656786807
2017_1297_1314,0.027995290332013
2017_1297_1315,0.639534345379897
2017_1297_1321,0.130933413219246
2017_1297_1323,0.077009494763984
2017_1297_1329,0.084749840634600
2017_1297_1332,0.051549169225648
2017_1297_1343,0.284926091489479
2017_1297_1344,0.184054999124251
2017_1297_1345,0.065201210744934
2017_1297_1348,0.127377041897083
2017_1297_1355,0.585521234952912
2017_1297_1371,0.146926213737473
2017_1297_1374,0.062953407466351
2017_1297_1376,0.112121951495668
2017_1297_1388,0.092737561139961
2017_1297_1407,0.513981909544374
2017_1297_1411,0.681871539696810
2017_1297_1413,0.745749911315931
2017_1297_1417,0.072586198162713
2017_1297_1423,0.180531977713019
2017_1297_1425,0.156720697273562
2017_1297_1433,0.167188528735615
2017_1297_1435,0.137967560732987
2017_1297_1436,0.213540313317045
2017_1297_1437,0.033779643796461
2017_1297_1438,0.038260967053114
2017_1297_1439,0.141383066826729
2017_1297_1448,0.123315669405734
2017_1297_1452,0.023392485601558
2017_1297_1455,0.067070686029706
2017_1297_1457,0.553670644817224
2017_1297_1458,0.039805367495850
2017_1297_1462,0.102652701590400
2017_1300_1305,0.087326978297779
2017_1300_1308,0.166740277731998
2017_1300_1309,0.468808007389069
2017_1300_1314,0.010881848014711
2017_1300_1315,0.403946085168245
2017_1300_1321,0.054417044320545
2017_1300_1323,0.030885870316339
2017_1300_1329,0.034161844583289
2017_1300_1332,0.020338584769795
2017_1300_1343,0.132096313903184
2017_1300_1344,0.079328511147905
2017_1300_1345,0.025951122438396
2017_1300_1348,0.052812688122539
2017_1300_1355,0.350483947216821
2017_1300_1371,0.061727615624214
2017_1300_1374,0.025020243510369
2017_1300_1376,0.046016751345563
2017_1300_1388,0.037577375142117
2017_1300_1407,0.287726594401131
2017_1300_1411,0.450164186991703
2017_1300_1413,0.528389076253006
2017_1300_1417,0.029028516889318
2017_1300_1423,0.077619381034000
2017_1300_1425,0.066283840897911
2017_1300_1433,0.071221300788728
2017_1300_1435,0.057613006314077
2017_1300_1436,0.093968948870014
2017_1300_1437,0.013178182054091
2017_1300_1438,0.014968785682308
2017_1300_1439,0.059175821551910
2017_1300_1448,0.050989852323076
2017_1300_1452,0.009066479960736
2017_1300_1455,0.026727380244981
2017_1300_1457,0.321501405785259
2017_1300_1458,0.015588238260989
2017_1300_1462,0.041867153065587
2017_1305_1308,0.676516828158245
2017_1305_1309,0.902189092033507
2017_1305_1314,0.103122704455227
2017_1305_1315,0.876280412088825
2017_1305_1321,0.375567278433312
2017_1305_1323,0.249858829010232
2017_1305_1329,0.269892376656919
2017_1305_1332,0.178291043742334
2017_1305_1343,0.614002663039510
2017_1305_1344,0.473827082668463
2017_1305_1345,0.217800828842849
2017_1305_1348,0.368181262782187
2017_1305_1355,0.849387551369034
2017_1305_1371,0.407432226142369
2017_1305_1374,0.211482351970364
2017_1305_1376,0.335163563817770
2017_1305_1388,0.289804589148775
2017_1305_1407,0.808496010825342
2017_1305_1411,0.895361022670146
2017_1305_1413,0.921318432202213
2017_1305_1417,0.238068143246340
2017_1305_1423,0.467938409616867
2017_1305_1425,0.425922226592385
2017_1305_1433,0.444884792238848
2017_1305_1435,0.389848417949588
2017_1305_1436,0.520141358374911
2017_1305_1437,0.122473908712259
2017_1305_1438,0.137052709849812
2017_1305_1439,0.396630418445869
2017_1305_1448,0.359606001614271
2017_1305_1452,0.087277027824949
2017_1305_1455,0.223001924002012
2017_1305_1457,0.831995706443630
2017_1305_1458,0.141996062673135
2017_1305_1462,0.313508661332874
2017_1308_1309,0.815172652409357
2017_1308_1314,0.052113551084035
2017_1308_1315,0.772038611680798
2017_1308_1321,0.223355820646090
2017_1308_1323,0.137385675315702
2017_1308_1329,0.150206941361747
2017_1308_1332,0.093997046755329
2017_1308_1343,0.432013347610989
2017_1308_1344,0.300987965348081
2017_1308_1345,0.117498116879718
2017_1308_1348,0.217918571633170
2017_1308_1355,0.729481863246153
2017_1308_1371,0.247423561465681
2017_1308_1374,0.113666611229879
2017_1308_1376,0.194233553019527
2017_1308_1388,0.163263530553661
2017_1308_1407,0.668732267999337
2017_1308_1411,0.803592492641892
2017_1308_1413,0.848461703483980
2017_1308_1417,0.129982850038719
2017_1308_1423,0.296038782275350
2017_1308_1425,0.261860995763248
2017_1308_1433,0.277044295709305
2017_1308_1435,0.234018175023689
2017_1308_1436,0.341368608647184
2017_1308_1437,0.062560455044761
2017_1308_1438,0.070581028057016
2017_1308_1439,0.239151824607810
2017_1308_1448,0.211670580601889
2017_1308_1452,0.043723752210645
2017_1308_1455,0.120673501924726
2017_1308_1457,0.703084086254647
2017_1308_1458,0.073330552122920
2017_1308_1462,0.179229437581843
2017_1309_1314,0.012312060288269
2017_1309_1315,0.434351314255566
2017_1309_1321,0.061215013306138
2017_1309_1323,0.034852590690589
2017_1309_1329,0.038532574608381
2017_1309_1332,0.022982825690645
2017_1309_1343,0.147088764567966
2017_1309_1344,0.088945777032579
2017_1309_1345,0.029303229073111
2017_1309_1348,0.059422830292859
2017_1309_1355,0.379426666666248
2017_1309_1371,0.069371846272411
2017_1309_1374,0.028255596525720
2017_1309_1376,0.051822838355472
2017_1309_1388,0.042365926226528
2017_1309_1407,0.313992184528705
2017_1309_1411,0.481239528619162
2017_1309_1413,0.559370774763953
2017_1309_1417,0.032764759361637
2017_1309_1423,0.087049034252223
2017_1309_1425,0.074447536470037
2017_1309_1433,0.079941043145369
2017_1309_1435,0.064782873046365
2017_1309_1436,0.105158396048822
2017_1309_1437,0.014905655668481
2017_1309_1438,0.016926955950713
2017_1309_1439,0.066526448920746
2017_1309_1448,0.057385667234973
2017_1309_1452,0.010260571638785
2017_1309_1455,0.030176649701082
2017_1309_1457,0.349338019388248
2017_1309_1458,0.017625993375537
2017_1309_1462,0.047175562487920
2017_1314_1315,0.984025655482486
2017_1314_1321,0.839510910014732
2017_1314_1323,0.743384419807147
2017_1314_1329,0.762752698102895
2017_1314_1332,0.653629236417799
2017_1314_1343,0.932589747409321
2017_1314_1344,0.886774771975540
2017_1314_1345,0.707747882687195
2017_1314_1348,0.835204639577072
2017_1314_1355,0.980019292283883
2017_1314_1371,0.856732082852654
2017_1314_1374,0.699934555370532
2017_1314_1376,0.814281960347827
2017_1314_1388,0.780171518875189
2017_1314_1407,0.973487446177772
2017_1314_1411,0.986740729791659
2017_1314_1413,0.990276092839221
2017_1314_1417,0.730999452892290
2017_1314_1423,0.884379899877191
2017_1314_1425,0.865819593763586
2017_1314_1433,0.874532111344839
2017_1314_1435,0.847490151473509
2017_1314_1436,0.904097792145649
2017_1314_1437,0.548296647264895
2017_1314_1438,0.580057991554047
2017_1314_1439,0.851127850373580
2017_1314_1448,0.830041986228555
2017_1314_1452,0.454043660285536
2017_1314_1455,0.713969541470641
2017_1314_1457,0.977309060140073
2017_1314_1458,0.590054362969942
2017_1314_1462,0.798867764808244
2017_1315_1321,0.078270970822604
2017_1315_1323,0.044914770791364
2017_1315_1329,0.049602588469249
2017_1315_1332,0.029723661605906
2017_1315_1343,0.183397017636559
2017_1315_1344,0.112799811944996
2017_1315_1345,0.037826061730075
2017_1315_1348,0.076019878411465
2017_1315_1355,0.443279471373757
2017_1315_1371,0.088486276486114
2017_1315_1374,0.036485178433192
2017_1315_1376,0.066447135526300
2017_1315_1388,0.054474826251371
2017_1315_1407,0.373460068508762
2017_1315_1411,0.547120348101160
2017_1315_1413,0.623100271469951
2017_1315_1417,0.042250555422364
2017_1315_1423,0.110456061139765
2017_1315_1425,0.094818010126666
2017_1315_1433,0.101649576334788
2017_1315_1435,0.082745301101541
2017_1315_1436,0.132726993657848
2017_1315_1437,0.019324323752185
2017_1315_1438,0.021931482938277
2017_1315_1439,0.084928418235686
2017_1315_1448,0.073458164517202
2017_1315_1452,0.013320860314904
2017_1315_1455,0.038943324827870
2017_1315_1457,0.411484773318136
2017_1315_1458,0.022832393670515
2017_1315_1462,0.060572187242071
2017_1321_1323,0.356414759253894
2017_1321_1329,0.380656486119688
2017_1321_1332,0.265112530472032
2017_1321_1343,0.725632404818083
2017_1321_1344,0.599556736747993
2017_1321_1345,0.316452624952204
2017_1321_1348,0.492095358809658
2017_1321_1355,0.903628826269760
2017_1321_1371,0.533403998180665
2017_1321_1374,0.308400606519395
2017_1321_1376,0.455985120442610
2017_1321_1388,0.404216354013531
2017_1321_1407,0.875301881729225
2017_1321_1411,0.934325666299091
2017_1321_1413,0.951144673565786
2017_1321_1417,0.341887487498874
2017_1321_1423,0.593869098366426
2017_1321_1425,0.552282651112699
2017_1321_1433,0.571272705228563
2017_1321_1435,0.515109532390454
2017_1321_1436,0.643139113739575
2017_1321_1437,0.188344584323610
2017_1321_1438,0.208897796030844
2017_1321_1439,0.522205624580926
2017_1321_1448,0.482839579985172
2017_1321_1452,0.137176805227814
2017_1321_1455,0.323036615667698
2017_1321_1457,0.891701845639357
2017_1321_1458,0.215784540332606
2017_1321_1462,0.431591538534741
2017_1323_1329,0.526025623806510
2017_1323_1332,0.394459821093794
2017_1323_1343,0.826859893920557
2017_1323_1344,0.729991193285016
2017_1323_1345,0.455328668615267
2017_1323_1348,0.636299393244619
2017_1323_1355,0.944231961123314
2017_1323_1371,0.673657569061762
2017_1323_1374,0.446048884109575
2017_1323_1376,0.602152736219029
2017_1323_1388,0.550584365736762
2017_1323_1407,0.926873918287956
2017_1323_1411,0.962531861699773
2017_1323_1413,0.972341181581527
2017_1323_1417,0.484021734040907
2017_1323_1423,0.725307372405683
2017_1323_1425,0.690157819877158
2017_1323_1433,0.706408642428597
2017_1323_1435,0.657329464365898
2017_1323_1436,0.764943200090644
2017_1323_1437,0.295286903030235
2017_1323_1438,0.322867997089531
2017_1323_1439,0.663703061987512
2017_1323_1448,0.627683258262236
2017_1323_1452,0.223050044708959
2017_1323_1455,0.462845580798850
2017_1323_1457,0.936979603532828
2017_1323_1458,0.331935508060555
2017_1323_1462,0.578251253961604
2017_1329_1332,0.369864000984120
2017_1329_1343,0.811431322080468
2017_1329_1344,0.708968838728985
2017_1329_1345,0.429630291892609
2017_1329_1348,0.611860976799725
2017_1329_1355,0.938484332760967
2017_1329_1371,0.650350000568858
2017_1329_1374,0.420469936592426
2017_1329_1376,0.576945376845074
2017_1329_1388,0.524688751877813
2017_1329_1407,0.919489853062410
2017_1329_1411,0.958587559489695
2017_1329_1413,0.969396682439211
2017_1329_1417,0.458065862529098
2017_1329_1423,0.704068179934291
2017_1329_1425,0.667446959936949
2017_1329_1433,0.684344141891421
2017_1329_1435,0.633490195009476
2017_1329_1436,0.745694126987411
2017_1329_1437,0.274075978621565
2017_1329_1438,0.300520747458041
2017_1329_1439,0.640064401313636
2017_1329_1448,0.603027085495805
2017_1329_1452,0.205514777763926
2017_1329_1455,0.437063387486021
2017_1329_1457,0.930539509209124
2017_1329_1458,0.309247281038796
2017_1329_1462,0.552654562158320
2017_1332_1343,0.879969119404028
2017_1332_1344,0.805836694544278
2017_1332_1345,0.562038805163896
2017_1332_1348,0.728681198933096
2017_1332_1355,0.962951477885936
2017_1332_1371,0.760127440204234
2017_1332_1374,0.552791443125443
2017_1332_1376,0.699106473879940
2017_1332_1388,0.652860254861019
2017_1332_1407,0.951118333512483
2017_1332_1411,0.975269580285637
2017_1332_1413,0.981807141623031
2017_1332_1417,0.590170146308631
2017_1332_1423,0.802111899567192
2017_1332_1425,0.773724197243765
2017_1332_1433,0.786945107536392
2017_1332_1435,0.746497681560026
2017_1332_1436,0.833213870438918
2017_1332_1437,0.391445613467592
2017_1332_1438,0.422621989750489
2017_1332_1439,0.751838905519226
2017_1332_1448,0.721295004479018
2017_1332_1452,0.305896102245009
2017_1332_1455,0.569475492263675
2017_1332_1457,0.958025283338851
2017_1332_1458,0.432700793008416
2017_1332_1462,0.677914110439513
2017_1343_1344,0.361477701149137
2017_1343_1345,0.148970666291258
2017_1343_1348,0.268117245631508
2017_1343_1355,0.779994924288143
2017_1343_1371,0.301796123517957
2017_1343_1374,0.144280658515975
2017_1343_1376,0.240655121543662
2017_1343_1388,0.204158711890236
2017_1343_1407,0.726333350210175
2017_1343_1411,0.843240854340195
2017_1343_1413,0.880400473827565
2017_1343_1417,0.164177381904154
2017_1343_1423,0.356040495959681
2017_1343_1425,0.318065361799393
2017_1343_1433,0.335028380999005
2017_1343_1435,0.286566578581089
2017_1343_1436,0.405268618481627
2017_1343_1437,0.080662652194909
2017_1343_1438,0.090779280313272
2017_1343_1439,0.292412918508314
2017_1343_1448,0.260910147951376
2017_1343_1452,0.056705147567537
2017_1343_1455,0.152849282174001
2017_1343_1457,0.756883565701520
2017_1343_1458,0.094235859884172
2017_1343_1462,0.223057732816984
2017_1344_1345,0.236179457849483
2017_1344_1348,0.392875831923770
2017_1344_1355,0.862307979738138
2017_1344_1371,0.432955409332761
2017_1344_1374,0.229484233950443
2017_1344_1376,0.358901544873599
2017_1344_1388,0.311836842904864
2017_1344_1407,0.824198307620506
2017_1344_1411,0.904779701183996
2017_1344_1413,0.928587006697594
2017_1344_1417,0.257593776928310
2017_1344_1423,0.494091494568862
2017_1344_1425,0.451720722398763
2017_1344_1433,0.470889740370889
2017_1344_1435,0.415041598993442
2017_1344_1436,0.546216821417959
2017_1344_1437,0.134188554192659
2017_1344_1438,0.149923578148510
2017_1344_1439,0.421958778828674
2017_1344_1448,0.384075044436791
2017_1344_1452,0.095993360891309
2017_1344_1455,0.241683829715967
2017_1344_1457,0.846137846699976
2017_1344_1458,0.155247651708795
2017_1344_1462,0.336489178746235
2017_1345_1348,0.676668027561851
2017_1345_1355,0.952949211149429
2017_1345_1371,0.711758036039390
2017_1345_1374,0.490629885030717
2017_1345_1376,0.644192101076032
2017_1345_1388,0.594402423460328
2017_1345_1407,0.938126654915664
2017_1345_1411,0.968484081725433
2017_1345_1413,0.976772689263115
2017_1345_1417,0.528775221031309
2017_1345_1423,0.759530244236617
2017_1345_1425,0.727112238077927
2017_1345_1433,0.742148987523497
2017_1345_1435,0.696477333289310
2017_1345_1436,0.795619473420536
2017_1345_1437,0.333881757622157
2017_1345_1438,0.363209796855714
2017_1345_1439,0.702452390686325
2017_1345_1448,0.668510012715825
2017_1345_1452,0.255628173692763
2017_1345_1455,0.507567150110954
2017_1345_1457,0.946766577300213
2017_1345_1458,0.372786535337286
2017_1345_1462,0.621227539365763
2017_1348_1355,0.906347592765871
2017_1348_1371,0.541265055777008
2017_1348_1374,0.315185624140202
2017_1348_1376,0.463839437436557
2017_1348_1388,0.411854041518160
2017_1348_1407,0.878712528109620
2017_1348_1411,0.936239537150198
2017_1348_1413,0.952593276654160
2017_1348_1417,0.349037422878936
2017_1348_1423,0.601472568348251
2017_1348_1425,0.560087960751506
2017_1348_1433,0.578999318244236
2017_1348_1435,0.523003183999913
2017_1348_1436,0.650363232990028
2017_1348_1437,0.193226247214188
2017_1348_1438,0.214171605829300
2017_1348_1439,0.530089139885898
2017_1348_1448,0.490739196375972
2017_1348_1452,0.140962587649168
2017_1348_1455,0.329989995078477
2017_1348_1457,0.894717886007124
2017_1348_1458,0.221183602169039
2017_1348_1462,0.439365027652120
2017_1355_1371,0.108670263685320
2017_1355_1374,0.045398330382429
2017_1355_1376,0.082056487255342
2017_1355_1388,0.067474994885956
2017_1355_1407,0.428116857471512
2017_1355_1411,0.602742481087397
2017_1355_1413,0.674934996855007
2017_1355_1417,0.052495423840954
2017_1355_1423,0.134909708034684
2017_1355_1425,0.116262068419015
2017_1355_1433,0.124426283347825
2017_1355_1435,0.101765957374996
2017_1355_1436,0.161217569594039
2017_1355_1437,0.024150241438525
2017_1355_1438,0.027390308758726
2017_1355_1439,0.104393793306382
2017_1355_1448,0.090554745966159
2017_1355_1452,0.016673005976420
2017_1355_1455,0.048426807867060
2017_1355_1457,0.467553698385013
2017_1355_1458,0.028508923258881
2017_1355_1462,0.074912177830745
2017_1371_1374,0.280613076617986
2017_1371_1376,0.423033767741407
2017_1371_1388,0.372444835772664
2017_1371_1407,0.859947953675469
2017_1371_1411,0.925621711197951
2017_1371_1413,0.944537457051779
2017_1371_1417,0.312445826369787
2017_1371_1423,0.561233111140522
2017_1371_1425,0.519011463179777
2017_1371_1433,0.538232804671117
2017_1371_1435,0.481668525250589
2017_1371_1436,0.611874796533460
2017_1371_1437,0.168735165333498
2017_1371_1438,0.187643199827306
2017_1371_1439,0.488768301652812
2017_1371_1448,0.449551256060220
2017_1371_1452,0.122093337110286
2017_1371_1455,0.294491885275932
2017_1371_1457,0.878085971505119
2017_1371_1458,0.194001074951781
2017_1371_1462,0.399109724336098
2017_1374_1376,0.652736767557487
2017_1374_1388,0.603406660202461
2017_1374_1407,0.940267061473453
2017_1374_1411,0.969608344326973
2017_1374_1413,0.977608109862859
2017_1374_1417,0.538104240252933
2017_1374_1423,0.766309879676326
2017_1374_1425,0.734486341730846
2017_1374_1433,0.749256883061873
2017_1374_1435,0.704342656510562
2017_1374_1436,0.801647349687636
2017_1374_1437,0.342269814786365
2017_1374_1438,0.371923267576726
2017_1374_1439,0.710227299079920
2017_1374_1448,0.676763717604825
2017_1374_1452,0.262825971790211
2017_1374_1455,0.516932462690663
2017_1374_1457,0.948624468026738
2017_1374_1458,0.381592079071106
2017_1374_1462,0.630006946462379
2017_1376_1388,0.447343250013563
2017_1376_1407,0.893327464781989
2017_1376_1411,0.944361481956978
2017_1376_1413,0.958723888150949
2017_1376_1417,0.382635259811107
2017_1376_1423,0.635642279253030
2017_1376_1425,0.595419210353328
2017_1376_1433,0.613858856736652
2017_1376_1435,0.558967547833743
2017_1376_1436,0.682553462857925
2017_1376_1437,0.216821486501209
2017_1376_1438,0.239565041825913
2017_1376_1439,0.565962622502738
2017_1376_1448,0.526935839590157
2017_1376_1452,0.159437041731259
2017_1376_1455,0.362776136429952
2017_1376_1457,0.907606990264537
2017_1376_1458,0.247146947221742
2017_1376_1462,0.475309041152437
2017_1388_1407,0.911863246034999
2017_1388_1411,0.954481272721668
2017_1388_1413,0.966324531478046
2017_1388_1417,0.433651871921414
2017_1388_1423,0.683068768021060
2017_1388_1425,0.645158583165176
2017_1388_1433,0.662615795465844
2017_1388_1435,0.610254914396792
2017_1388_1436,0.726501090051243
2017_1388_1437,0.254856651475991
2017_1388_1438,0.280162697036037
2017_1388_1439,0.616993916424884
2017_1388_1448,0.579143575223129
2017_1388_1452,0.189845893595179
2017_1388_1455,0.412915889968575
2017_1388_1457,0.923872959183990
2017_1388_1458,0.288541931052766
2017_1388_1462,0.528111989863869
2017_1407_1411,0.669614892741237
2017_1407_1413,0.734997862238432
2017_1407_1417,0.068909188755319
2017_1407_1423,0.172403269085605
2017_1407_1425,0.149468570756141
2017_1407_1433,0.159543655540450
2017_1407_1435,0.131447952723721
2017_1407_1436,0.204295883477360
2017_1407_1437,0.032000632156653
2017_1407_1438,0.036254801262790
2017_1407_1439,0.134727285311490
2017_1407_1448,0.117394142314929
2017_1407_1452,0.022147976262474
2017_1407_1455,0.063653899826145
2017_1407_1457,0.539808226527874
2017_1407_1458,0.037721399159012
2017_1407_1462,0.097612917821947
2017_1411_1413,0.577784692402732
2017_1411_1417,0.035229342757371
2017_1411_1423,0.093203442048150
2017_1411_1425,0.079788876905226
2017_1411_1433,0.085640053602568
2017_1411_1435,0.069482864077369
2017_1411_1436,0.112435462560490
2017_1411_1437,0.016049157687241
2017_1411_1438,0.018222655535038
2017_1411_1439,0.071343286408448
2017_1411_1448,0.061584331371142
2017_1411_1452,0.011051719368214
2017_1411_1455,0.032453086004507
2017_1411_1457,0.366590164626578
2017_1411_1458,0.018974169074372
2017_1411_1462,0.050667351174398
2017_1413_1417,0.025990322579928
2017_1413_1423,0.069861462044400
2017_1413_1425,0.059585699406844
2017_1413_1433,0.064058447487989
2017_1413_1435,0.051742517803517
2017_1413_1436,0.084727023970999
2017_1413_1437,0.011778797432590
2017_1413_1438,0.013381836194795
2017_1413_1439,0.053155071754862
2017_1413_1448,0.045761460420747
2017_1413_1452,0.008100131041463
2017_1413_1455,0.023924094225128
2017_1413_1457,0.297222555496480
2017_1413_1458,0.013936545273194
2017_1413_1462,0.037537183771191
2017_1417_1423,0.737860428106692
2017_1417_1425,0.703660879311219
2017_1417_1433,0.719491332907373
2017_1417_1435,0.671582399277588
2017_1417_1436,0.776243739194840
2017_1417_1437,0.308763055164883
2017_1417_1438,0.337000942732803
2017_1417_1439,0.677820830517975
2017_1417_1448,0.642498645749215
2017_1417_1452,0.234325683942634
2017_1417_1455,0.478773441051018
2017_1417_1457,0.940651056010332
2017_1417_1458,0.346262399026446
2017_1417_1462,0.593760597166043
2017_1423_1425,0.457580826131658
2017_1423_1433,0.476782272179222
2017_1423_1435,0.420791060105437
2017_1423_1436,0.552068453031784
2017_1423_1437,0.136958348296409
2017_1423_1438,0.152960780413541
2017_1423_1439,0.427733994822443
2017_1423_1448,0.389681301685916
2017_1423_1452,0.098064060715894
2017_1423_1455,0.246041908304402
2017_1423_1457,0.849189760117301
2017_1423_1458,0.158372616682346
2017_1423_1462,0.341786280182930
2017_1425_1433,0.519277389464722
2017_1425_1435,0.462709046876230
2017_1425_1436,0.593660157851980
2017_1425_1437,0.158330799240448
2017_1425_1438,0.176320244057615
2017_1425_1439,0.469782647841096
2017_1425_1448,0.430805252836770
2017_1425_1452,0.114169948402560
2017_1425_1455,0.278935231108275
2017_1425_1457,0.869704195326357
2017_1425_1458,0.182380599091760
2017_1425_1462,0.381011177557122
2017_1433_1435,0.443593852662492
2017_1433_1436,0.574923875611892
2017_1433_1437,0.148318789240437
2017_1433_1438,0.165394214433536
2017_1433_1439,0.450620315345903
2017_1433_1448,0.411997407921951
2017_1433_1452,0.106596771058672
2017_1433_1455,0.263686097249320
2017_1433_1457,0.860709823037505
2017_1433_1458,0.171157063631436
2017_1433_1462,0.362990870895490
2017_1435_1436,0.629146838436188
2017_1435_1437,0.179276164529476
2017_1435_1438,0.199082507518596
2017_1435_1439,0.507105628415730
2017_1435_1448,0.467763481496414
2017_1435_1452,0.130176885473712
2017_1435_1455,0.309959628890320
2017_1435_1457,0.885723833951280
2017_1435_1458,0.205729819482497
2017_1435_1462,0.416825887802535
2017_1436_1437,0.114070800438815
2017_1436_1438,0.127795000026189
2017_1436_1439,0.377509165595442
2017_1436_1448,0.341260134514185
2017_1436_1452,0.081065738530300
2017_1436_1455,0.209346916466912
2017_1436_1457,0.820424873277980
2017_1436_1458,0.132455690149775
2017_1436_1462,0.296425953245481
2017_1437_1438,0.532260286077637
2017_1437_1439,0.824868039093927
2017_1437_1448,0.800932714197391
2017_1437_1452,0.406576441250032
2017_1437_1455,0.672816442606015
2017_1437_1457,0.972589778993369
2017_1437_1458,0.542497049419440
2017_1437_1462,0.765924887686155
2017_1438_1439,0.805410992130530
2017_1438_1448,0.779527225513233
2017_1438_1452,0.375813285982946
2017_1438_1455,0.643762113698583
2017_1438_1457,0.968926270248944
2017_1438_1458,0.510293209945275
2017_1438_1462,0.741967787154055
2017_1439_1448,0.460693867045443
2017_1439_1452,0.126992056397597
2017_1439_1455,0.303913148902978
2017_1439_1457,0.882815099709362
2017_1439_1458,0.201123959848885
2017_1439_1462,0.409933178913642
2017_1448_1452,0.145508692374209
2017_1448_1455,0.338232029793735
2017_1448_1457,0.898156989699439
2017_1448_1458,0.227631312361561
2017_1448_1462,0.448510179254154
2017_1452_1455,0.750089118931334
2017_1452_1457,0.981056754198396
2017_1452_1458,0.633795809973364
2017_1452_1462,0.826866244920219
2017_1455_1457,0.945220138688405
2017_1455_1458,0.365736377178805
2017_1455_1462,0.614078989323793
2017_1457_1458,0.032337772826293
2017_1457_1462,0.084431520396017
2017_1458_1462,0.734005860815407