Id,Pred
2017_1112_1116,0.731401753455456
2017_1112_1124,0.57669109785881
2017_1112_1137,0.896028055079625
2017_1112_1139,0.688812755431636
2017_1112_1153,0.496688855226425
2017_1112_1166,0.744795093566683
2017_1112_1173,0.703904322427342
2017_1112_1181,0.636160990274677
2017_1112_1190,0.868766543231401
2017_1112_1195,0.925984727567092
2017_1112_1196,0.755541782532911
2017_1112_1199,0.582994580268039
2017_1112_1211,0.620008523543068
2017_1112_1233,0.958686385185116
2017_1112_1235,0.680227979594189
2017_1112_1240,0.988624871967216
2017_1112_1242,0.458339624502368
2017_1112_1243,0.794366281204208
2017_1112_1245,0.877193870980064
2017_1112_1246,0.563747549097364
2017_1112_1257,0.583040119704243
2017_1112_1266,0.819858590457708
2017_1112_1268,0.666670450455199
2017_1112_1274,0.777472352329181
2017_1112_1276,0.806463864568252
2017_1112_1277,0.89407818633896
2017_1112_1278,0.708163288633729
2017_1112_1291,0.979896917256616
2017_1112_1292,0.640869582138971
2017_1112_1297,0.9425943918186
2017_1112_1300,0.956131036781736
2017_1112_1305,0.76094737436502
2017_1112_1308,0.894786629086562
2017_1112_1309,0.981026010697297
2017_1112_1314,0.584638147028142
2017_1112_1315,0.941354622165511
2017_1112_1321,0.757706188165993
2017_1112_1323,0.574523019710366
2017_1112_1329,0.766421112976619
2017_1112_1332,0.493765343354199
2017_1112_1343,0.892228735900601
2017_1112_1344,0.835677503976136
2017_1112_1345,0.761249897123526
2017_1112_1348,0.792233108574716
2017_1112_1355,0.980709397934351
2017_1112_1371,0.819144821586308
2017_1112_1374,0.572673873790507
2017_1112_1376,0.774457253629352
2017_1112_1388,0.789292943461635
2017_1112_1407,0.964377635723106
2017_1112_1411,0.966184487736157
2017_1112_1413,0.966274431241785
2017_1112_1417,0.628908013365696
2017_1112_1423,0.834253217397917
2017_1112_1425,0.720553200382325
2017_1112_1433,0.745468076539693
2017_1112_1435,0.889722032477815
2017_1112_1436,0.762453942393705
2017_1112_1437,0.522794595967972
2017_1112_1438,0.698770917004964
2017_1112_1439,0.711844784766559
2017_1112_1448,0.82826202516695
2017_1112_1452,0.506872081642148
2017_1112_1455,0.518292665328847
2017_1112_1457,0.827786196978539
2017_1112_1458,0.752400120269751
2017_1112_1462,0.837680638898277
2017_1116_1124,0.333467929116026
2017_1116_1137,0.759895097840593
2017_1116_1139,0.448391584422676
2017_1116_1153,0.266004256331633
2017_1116_1166,0.517317124385177
2017_1116_1173,0.466105476986096
2017_1116_1181,0.391024939058968
2017_1116_1190,0.708549644489705
2017_1116_1195,0.821250110109148
2017_1116_1196,0.531618883668863
2017_1116_1199,0.339243449857416
2017_1116_1211,0.374686899237502
2017_1116_1233,0.894977667676292
2017_1116_1235,0.438580149329803
2017_1116_1240,0.969620584621802
2017_1116_1242,0.237076499831372
2017_1116_1243,0.586545312098457
2017_1116_1245,0.723996888849776
2017_1116_1246,0.32183302124763
2017_1116_1257,0.339285440663404
2017_1116_1266,0.625660224681341
2017_1116_1268,0.423460909031725
2017_1116_1274,0.561992035347855
2017_1116_1276,0.604786338593603
2017_1116_1277,0.756087188360803
2017_1116_1278,0.471215391689871
2017_1116_1291,0.947091317398169
2017_1116_1292,0.395893379650663
2017_1116_1297,0.857752599729996
2017_1116_1300,0.888938281820143
2017_1116_1305,0.538954480431659
2017_1116_1308,0.757468204916145
2017_1116_1309,0.949968868355092
2017_1116_1314,0.340761374947965
2017_1116_1315,0.854962467361633
2017_1116_1321,0.534544493577886
2017_1116_1323,0.33149817377344
2017_1116_1329,0.54648183921014
2017_1116_1332,0.263727083549802
2017_1116_1343,0.752495327517495
2017_1116_1344,0.651278942845073
2017_1116_1345,0.539367876336187
2017_1116_1348,0.58338693990266
2017_1116_1355,0.949160871664598
2017_1116_1371,0.624529381958478
2017_1116_1374,0.329824874016026
2017_1116_1376,0.557718208372692
2017_1116_1388,0.57906165375292
2017_1116_1407,0.908608610141605
2017_1116_1411,0.912988978161334
2017_1116_1413,0.913207702537666
2017_1116_1417,0.383620013963404
2017_1116_1423,0.648927810762015
2017_1116_1425,0.48636867129764
2017_1116_1433,0.518201928069644
2017_1116_1435,0.747657706437139
2017_1116_1436,0.541016229055322
2017_1116_1437,0.286896608600556
2017_1116_1438,0.460012025928223
2017_1116_1439,0.475672839614036
2017_1116_1448,0.639135398329578
2017_1116_1452,0.274032986594932
2017_1116_1455,0.283220439521176
2017_1116_1457,0.638364355397181
2017_1116_1458,0.527399537859965
2017_1116_1462,0.654600864982972
2017_1124_1137,0.863497259800906
2017_1124_1139,0.619015136889092
2017_1124_1153,0.420078936493743
2017_1124_1166,0.681752601521985
2017_1124_1173,0.635701428348965
2017_1124_1181,0.562062189308475
2017_1124_1190,0.829330810244911
2017_1124_1195,0.901799570350497
2017_1124_1196,0.694063543049681
2017_1124_1199,0.506468160361658
2017_1124_1211,0.544973080019287
2017_1124_1233,0.944546878357743
2017_1124_1235,0.609596183640755
2017_1124_1240,0.984566806655676
2017_1124_1242,0.383141962977538
2017_1124_1243,0.739282670010455
2017_1124_1245,0.839823647898399
2017_1124_1246,0.48679828539799
2017_1124_1257,0.506514982903068
2017_1124_1266,0.769623257102899
2017_1124_1268,0.594827759312321
2017_1124_1274,0.719461519992658
2017_1124_1276,0.753615740676328
2017_1124_1277,0.861031933901283
2017_1124_1278,0.640440298811565
2017_1124_1291,0.972810795821696
2017_1124_1292,0.567077140512569
2017_1124_1297,0.923387553196135
2017_1124_1300,0.941170633960616
2017_1124_1305,0.700289307919705
2017_1124_1308,0.861927268771499
2017_1124_1309,0.97432745549245
2017_1124_1314,0.508158886244561
2017_1124_1315,0.92176740739174
2017_1124_1321,0.696553655670241
2017_1124_1323,0.497781197795122
2017_1124_1329,0.706616471605216
2017_1124_1332,0.41723254410273
2017_1124_1343,0.8586966704864
2017_1124_1344,0.788716691327322
2017_1124_1345,0.700638394742928
2017_1124_1348,0.736767432477532
2017_1124_1355,0.973902039688101
2017_1124_1371,0.768766581326274
2017_1124_1374,0.495891174782383
2017_1124_1376,0.715947584598591
2017_1124_1388,0.733306585771085
2017_1124_1407,0.95208860425532
2017_1124_1411,0.954489369535004
2017_1124_1413,0.954608958665878
2017_1124_1417,0.554366818069983
2017_1124_1423,0.786989118418117
2017_1124_1425,0.654301835808459
2017_1124_1433,0.682520965267656
2017_1124_1435,0.855536311087154
2017_1124_1436,0.702028464050681
2017_1124_1437,0.445723969144812
2017_1124_1438,0.630007111922555
2017_1124_1439,0.644547300895658
2017_1124_1448,0.779740548925362
2017_1124_1452,0.430033486681217
2017_1124_1455,0.441272013119872
2017_1124_1457,0.779166127982146
2017_1124_1458,0.690455489966638
2017_1124_1462,0.791149221836372
2017_1137_1139,0.204358003949298
2017_1137_1153,0.10274449461504
2017_1137_1166,0.252974947427207
2017_1137_1173,0.216210025805262
2017_1137_1181,0.168666106805252
2017_1137_1190,0.434441108884966
2017_1137_1195,0.592119845509947
2017_1137_1196,0.263965235440181
2017_1137_1199,0.139581294451255
2017_1137_1211,0.159190138864465
2017_1137_1233,0.729190871603539
2017_1137_1235,0.197969934652032
2017_1137_1240,0.90978684832729
2017_1137_1242,0.0894084403042013
2017_1137_1243,0.309511840348994
2017_1137_1245,0.453204970708422
2017_1137_1246,0.130395636184081
2017_1137_1257,0.13960379300344
2017_1137_1266,0.345594538346466
2017_1137_1268,0.188362362442226
2017_1137_1274,0.28846437516607
2017_1137_1276,0.325929023870158
2017_1137_1277,0.494810534237695
2017_1137_1278,0.219707735569498
2017_1137_1291,0.849760465123677
2017_1137_1292,0.17154594489302
2017_1137_1297,0.655802361205728
2017_1137_1300,0.716636308135372
2017_1137_1305,0.269734477693717
2017_1137_1308,0.49668611673568
2017_1137_1309,0.857133039598905
2017_1137_1314,0.140395664968261
2017_1137_1315,0.650664311596719
2017_1137_1321,0.266255204496954
2017_1137_1323,0.135459985669508
2017_1137_1329,0.27575065215499
2017_1137_1332,0.10167133977442
2017_1137_1343,0.489966560168907
2017_1137_1344,0.371114449825872
2017_1137_1345,0.270062332910618
2017_1137_1348,0.306738499747718
2017_1137_1355,0.855054515620596
2017_1137_1371,0.344504041050837
2017_1137_1374,0.134577020135447
2017_1137_1376,0.284917580865778
2017_1137_1388,0.302972695581384
2017_1137_1407,0.758533951885301
2017_1137_1411,0.768272884542519
2017_1137_1413,0.768763253335066
2017_1137_1417,0.164335713457356
2017_1137_1423,0.368705357012425
2017_1137_1425,0.23029551845336
2017_1137_1433,0.253645214439984
2017_1137_1435,0.483519550495351
2017_1137_1436,0.271372532009062
2017_1137_1437,0.112784499708095
2017_1137_1438,0.212085729794838
2017_1137_1439,0.222788433088461
2017_1137_1448,0.358819628179976
2017_1137_1452,0.106560991082574
2017_1137_1455,0.110992080877631
2017_1137_1457,0.358051221684175
2017_1137_1458,0.260687867914607
2017_1137_1462,0.374542183376717
2017_1139_1153,0.308355354275311
2017_1139_1166,0.568680020057925
2017_1139_1173,0.517838709488063
2017_1139_1181,0.441313127659355
2017_1139_1190,0.749420108635762
2017_1139_1195,0.8496695473965
2017_1139_1196,0.5826875807081
2017_1139_1199,0.387105394343011
2017_1139_1211,0.424338027169895
2017_1139_1233,0.912918108873226
2017_1139_1235,0.490062566954499
2017_1139_1240,0.975163990863215
2017_1139_1242,0.276557280009663
2017_1139_1243,0.635728814893173
2017_1139_1245,0.763424427676887
2017_1139_1246,0.368608917220424
2017_1139_1257,0.387149838266486
2017_1139_1266,0.672786472696954
2017_1139_1268,0.4746690900293
2017_1139_1274,0.612165047567855
2017_1139_1276,0.65308334291663
2017_1139_1277,0.792246013700247
2017_1139_1278,0.522960239585196
2017_1139_1291,0.956561524899541
2017_1139_1292,0.446348770709145
2017_1139_1297,0.881207975524434
2017_1139_1300,0.907804123138925
2017_1139_1305,0.589840442646974
2017_1139_1308,0.793478222318067
2017_1139_1309,0.958946344766824
2017_1139_1314,0.388711491003372
2017_1139_1315,0.878812911472438
2017_1139_1321,0.58554289028804
2017_1139_1323,0.378893983277382
2017_1139_1329,0.597157983489381
2017_1139_1332,0.305866709328251
2017_1139_1343,0.789038057726093
2017_1139_1344,0.6967432504302
2017_1139_1345,0.590242900952939
2017_1139_1348,0.632710887333259
2017_1139_1355,0.958276965419184
2017_1139_1371,0.671723297056385
2017_1139_1374,0.377116404299671
2017_1139_1376,0.60803933728456
2017_1139_1388,0.628571653086319
2017_1139_1407,0.92441719280598
2017_1139_1411,0.928099817730164
2017_1139_1413,0.92828354092694
2017_1139_1417,0.433634003277794
2017_1139_1423,0.694554886664319
2017_1139_1425,0.538084254638889
2017_1139_1433,0.569549013876321
2017_1139_1435,0.784710338057252
2017_1139_1436,0.59184696441043
2017_1139_1437,0.331073665250961
2017_1139_1438,0.511717165109517
2017_1139_1439,0.527418951653645
2017_1139_1448,0.68541819003748
2017_1139_1452,0.317110100807354
2017_1139_1455,0.327091077307842
2017_1139_1457,0.684697252165233
2017_1139_1458,0.578563583124262
2017_1139_1462,0.699831687667861
2017_1153_1166,0.747304425957476
2017_1153_1173,0.706657362762803
2017_1153_1181,0.639221064476206
2017_1153_1190,0.870269234690242
2017_1153_1195,0.926887378694688
2017_1153_1196,0.757979783545688
2017_1153_1199,0.5862109595169
2017_1153_1211,0.62312396740239
2017_1153_1233,0.959207792972363
2017_1153_1235,0.683102051763258
2017_1153_1240,0.988772859268052
2017_1153_1242,0.46162959748043
2017_1153_1243,0.796521361099216
2017_1153_1245,0.878613548012559
2017_1153_1246,0.567002123344895
2017_1153_1257,0.586256396981355
2017_1153_1266,0.821806436887845
2017_1153_1268,0.669607190753726
2017_1153_1274,0.779755394763563
2017_1153_1276,0.80852272028098
2017_1153_1277,0.89532596687644
2017_1153_1278,0.710892994012085
2017_1153_1291,0.980156173699771
2017_1153_1292,0.643912221487834
2017_1153_1297,0.9433068820985
2017_1153_1300,0.956683237737215
2017_1153_1305,0.763348350859489
2017_1153_1308,0.89602703453972
2017_1153_1309,0.98127098426496
2017_1153_1314,0.587850811338296
2017_1153_1315,0.942081554367267
2017_1153_1321,0.760129456479635
2017_1153_1323,0.577757415890789
2017_1153_1329,0.768783817628818
2017_1153_1332,0.497076246697945
2017_1153_1343,0.89349570804366
2017_1153_1344,0.837488207480899
2017_1153_1345,0.763648778912747
2017_1153_1348,0.794404758400232
2017_1153_1355,0.980958379952249
2017_1153_1371,0.82109870178854
2017_1153_1374,0.575911950664827
2017_1153_1376,0.77676234767353
2017_1153_1388,0.791487236446233
2017_1153_1407,0.964829850855138
2017_1153_1411,0.966614559491712
2017_1153_1413,0.966703398501322
2017_1153_1417,0.631993800849525
2017_1153_1423,0.836076536832864
2017_1153_1425,0.723212312013763
2017_1153_1433,0.7479730308973
2017_1153_1435,0.891014874100767
2017_1153_1436,0.764844463447206
2017_1153_1437,0.526097861671355
2017_1153_1438,0.70155144994765
2017_1153_1439,0.714553935180181
2017_1153_1448,0.830137832211159
2017_1153_1452,0.510182299645195
2017_1153_1455,0.521598577228507
2017_1153_1457,0.829666132431737
2017_1153_1458,0.754859287430414
2017_1153_1462,0.839473509471839
2017_1166_1173,0.448908306837368
2017_1166_1181,0.374653993857424
2017_1166_1190,0.694035542127584
2017_1166_1195,0.810850183301894
2017_1166_1196,0.514333151646142
2017_1166_1199,0.323887403462873
2017_1166_1211,0.358597186653112
2017_1166_1233,0.888283797579425
2017_1166_1235,0.421596589180864
2017_1166_1240,0.967511570633724
2017_1166_1242,0.224771916231841
2017_1166_1243,0.569645704220306
2017_1166_1245,0.709937133907389
2017_1166_1246,0.306899025301098
2017_1166_1257,0.323928425346396
2017_1166_1266,0.609294431264106
2017_1166_1268,0.406638762386164
2017_1166_1274,0.54486757660596
2017_1166_1276,0.588108742017784
2017_1166_1277,0.743082041563507
2017_1166_1278,0.453990005095693
2017_1166_1291,0.943509387728875
2017_1166_1292,0.379445610242771
2017_1166_1297,0.84908617462816
2017_1166_1300,0.881910267023239
2017_1166_1305,0.521695898487376
2017_1166_1308,0.744511810701684
2017_1166_1309,0.9465707594651
2017_1166_1314,0.325370452939366
2017_1166_1315,0.846156541998862
2017_1166_1321,0.517268690495604
2017_1166_1323,0.316324881191759
2017_1166_1329,0.529258920566607
2017_1166_1332,0.250493450700492
2017_1166_1343,0.739364684760358
2017_1166_1344,0.63538045195067
2017_1166_1345,0.522111047753559
2017_1166_1348,0.566453657695288
2017_1166_1355,0.945711019966236
2017_1166_1371,0.608145113340193
2017_1166_1374,0.314692117312734
2017_1166_1376,0.540563258066706
2017_1166_1388,0.562084534200089
2017_1166_1407,0.902689078440789
2017_1166_1411,0.907324229335066
2017_1166_1413,0.907555751658236
2017_1166_1417,0.367372065267975
2017_1166_1423,0.63298253496493
2017_1166_1425,0.469080741546245
2017_1166_1433,0.500885920671432
2017_1166_1435,0.734361016517868
2017_1166_1436,0.523766628813421
2017_1166_1437,0.272931324800063
2017_1166_1438,0.442853192877747
2017_1166_1439,0.458425772203579
2017_1166_1448,0.62300374715828
2017_1166_1452,0.260465156322203
2017_1166_1455,0.269366506396594
2017_1166_1457,0.622218609734991
2017_1166_1458,0.510101585524963
2017_1166_1462,0.63876982241264
2017_1173_1181,0.423793539755092
2017_1173_1190,0.735777611443426
2017_1173_1195,0.840322082795091
2017_1173_1196,0.565233760775973
2017_1173_1199,0.370311401256634
2017_1173_1211,0.407001402954138
2017_1173_1233,0.90707328650902
2017_1173_1235,0.472243539126923
2017_1173_1240,0.973375185167973
2017_1173_1242,0.262505122136585
2017_1173_1243,0.619043026112763
2017_1173_1245,0.75029032719266
2017_1173_1246,0.352156299993488
2017_1173_1257,0.370355082163733
2017_1173_1266,0.656881984851847
2017_1173_1268,0.456908268113312
2017_1173_1274,0.595087371646015
2017_1173_1276,0.636738257843581
2017_1173_1277,0.780251434156755
2017_1173_1278,0.50512993459327
2017_1173_1291,0.953496776071473
2017_1173_1292,0.428782700611931
2017_1173_1297,0.873529658729469
2017_1173_1300,0.901653033795135
2017_1173_1305,0.572466281899032
2017_1173_1308,0.781535166367676
2017_1173_1309,0.956042121866651
2017_1173_1314,0.371890098848952
2017_1173_1315,0.871002447831178
2017_1173_1321,0.56811997827258
2017_1173_1323,0.362245677792252
2017_1173_1329,0.579873008985387
2017_1173_1332,0.290924191017814
2017_1173_1343,0.776910421818771
2017_1173_1344,0.681451868007015
2017_1173_1345,0.572873443064063
2017_1173_1348,0.615970366638224
2017_1173_1355,0.955327595148962
2017_1173_1371,0.655793571068735
2017_1173_1374,0.360500870477839
2017_1173_1376,0.590901398440383
2017_1173_1388,0.611758237075584
2017_1173_1407,0.919275927762101
2017_1173_1411,0.923188236388238
2017_1173_1413,0.92338347386501
2017_1173_1417,0.416192168703492
2017_1173_1423,0.679203964095794
2017_1173_1425,0.520300712251756
2017_1173_1433,0.551968204848021
2017_1173_1435,0.772405675176855
2017_1173_1436,0.574496484414468
2017_1173_1437,0.315459355405476
2017_1173_1438,0.493873333260152
2017_1173_1439,0.509599022411814
2017_1173_1448,0.669826365717507
2017_1173_1452,0.301857170916132
2017_1173_1455,0.31157710838342
2017_1173_1457,0.669086946734363
2017_1173_1458,0.561067209803665
2017_1173_1462,0.684625546029598
2017_1181_1190,0.791064913643512
2017_1181_1195,0.877379576343424
2017_1181_1196,0.63868252783243
2017_1181_1199,0.444316559441801
2017_1181_1211,0.482717945014228
2017_1181_1233,0.929931117653175
2017_1181_1235,0.548863427285753
2017_1181_1240,0.980278853073539
2017_1181_1242,0.32612389554526
2017_1181_1243,0.688412488793044
2017_1181_1245,0.803352519273011
2017_1181_1246,0.424981953427237
2017_1181_1257,0.44436280954104
2017_1181_1266,0.722450488366471
2017_1181_1268,0.533555495679811
2017_1181_1274,0.666468721348882
2017_1181_1276,0.704424046932231
2017_1181_1277,0.828403112970114
2017_1181_1278,0.581209404717873
2017_1181_1291,0.965371435657665
2017_1181_1292,0.505099873361135
2017_1181_1297,0.9037630549777
2017_1181_1300,0.925734964155553
2017_1181_1305,0.645459598478043
2017_1181_1308,0.829467031562776
2017_1181_1309,0.967289121633119
2017_1181_1314,0.445987297806902
2017_1181_1315,0.901772051498003
2017_1181_1321,0.641390502946935
2017_1181_1323,0.43575439592226
2017_1181_1329,0.652369670447543
2017_1181_1332,0.358086245089099
2017_1181_1343,0.82563058293637
2017_1181_1344,0.744153879721234
2017_1181_1345,0.645840250487551
2017_1181_1348,0.685615188074845
2017_1181_1355,0.966751054716602
2017_1181_1371,0.721481877690714
2017_1181_1374,0.433896411844978
2017_1181_1376,0.662602296176848
2017_1181_1388,0.681772297084371
2017_1181_1407,0.939332941742031
2017_1181_1411,0.942334160515752
2017_1181_1413,0.942483765426309
2017_1181_1417,0.492199347291344
2017_1181_1423,0.742181042917583
2017_1181_1425,0.595913641457561
2017_1181_1433,0.626175881194789
2017_1181_1435,0.821884076235608
2017_1181_1436,0.647356701846132
2017_1181_1437,0.385208475919834
2017_1181_1438,0.570210917050814
2017_1181_1439,0.585555145727162
2017_1181_1448,0.733923214216408
2017_1181_1452,0.370225365966326
2017_1181_1455,0.380945536662008
2017_1181_1457,0.733270178916937
2017_1181_1458,0.634765037264179
2017_1181_1462,0.746934849437891
2017_1190_1195,0.653959521125903
2017_1190_1196,0.318276009464746
2017_1190_1199,0.174362706113162
2017_1190_1211,0.1977348478532
2017_1190_1233,0.778039059817358
2017_1190_1235,0.243188584923279
2017_1190_1240,0.929221321961976
2017_1190_1242,0.113334383519136
2017_1190_1243,0.36850204431962
2017_1190_1245,0.518996979860109
2017_1190_1246,0.163322606607807
2017_1190_1257,0.174389674662078
2017_1190_1266,0.407404168367326
2017_1190_1268,0.232021378196228
2017_1190_1274,0.345450045883204
2017_1190_1276,0.386297676736551
2017_1190_1277,0.560451691792422
2017_1190_1278,0.268231002746227
2017_1190_1291,0.880426753981232
2017_1190_1292,0.212326878466036
2017_1190_1297,0.712672124322608
2017_1190_1300,0.767025546184502
2017_1190_1305,0.324708606762207
2017_1190_1308,0.562299146934072
2017_1190_1309,0.886495475996881
2017_1190_1314,0.175338651384899
2017_1190_1315,0.708005019892855
2017_1190_1321,0.320831763865204
2017_1190_1323,0.169416642937726
2017_1190_1329,0.33139450235808
2017_1190_1332,0.128416083176946
2017_1190_1343,0.555671931080382
2017_1190_1344,0.434458132319044
2017_1190_1345,0.325073537225307
2017_1190_1348,0.365479907375354
2017_1190_1355,0.884786715504402
2017_1190_1371,0.406239709045713
2017_1190_1374,0.16835544077693
2017_1190_1376,0.341538908355667
2017_1190_1388,0.361368852689515
2017_1190_1407,0.803515466585338
2017_1190_1411,0.811890092068782
2017_1190_1413,0.812310709437122
2017_1190_1417,0.203824297007495
2017_1190_1423,0.431920253974737
2017_1190_1425,0.280317092775908
2017_1190_1433,0.306717477405966
2017_1190_1435,0.549291467502187
2017_1190_1436,0.326531232743892
2017_1190_1437,0.141990507150776
2017_1190_1438,0.259485444597583
2017_1190_1439,0.271755124189278
2017_1190_1448,0.421471185107652
2017_1190_1452,0.134399528631327
2017_1190_1455,0.139807075371058
2017_1190_1457,0.42065663391153
2017_1190_1458,0.314612556435293
2017_1190_1462,0.438063390938065
2017_1195_1196,0.198102597743824
2017_1195_1199,0.100515704591439
2017_1195_1211,0.115372372052685
2017_1195_1233,0.649714752992613
2017_1195_1235,0.145322774385261
2017_1195_1240,0.874165201676145
2017_1195_1242,0.0633511715340919
2017_1195_1243,0.235927497153122
2017_1195_1245,0.363439832639209
2017_1195_1246,0.0936211688470881
2017_1195_1257,0.100532642047881
2017_1195_1266,0.26674574699835
2017_1195_1268,0.137831110792333
2017_1195_1274,0.218301914105325
2017_1195_1276,0.249853938408452
2017_1195_1277,0.402876409539382
2017_1195_1278,0.162450636543242
2017_1195_1291,0.795757734485693
2017_1195_1292,0.124832122565569
2017_1195_1297,0.567561201416767
2017_1195_1300,0.635318390193502
2017_1195_1305,0.202829024082514
2017_1195_1308,0.404682663002917
2017_1195_1309,0.805172757664586
2017_1195_1314,0.101128940451377
2017_1195_1315,0.561985707548204
2017_1195_1321,0.199976430382221
2017_1195_1323,0.0974172596751863
2017_1195_1329,0.207777518793961
2017_1195_1332,0.0723240204580585
2017_1195_1343,0.398222996019428
2017_1195_1344,0.289014650464285
2017_1195_1345,0.20309817433054
2017_1195_1348,0.233590445397243
2017_1195_1355,0.802512455949132
2017_1195_1371,0.265802994229561
2017_1195_1374,0.0967545153599425
2017_1195_1376,0.215356695523575
2017_1195_1388,0.230424188599333
2017_1195_1407,0.683936734716518
2017_1195_1411,0.695476480812558
2017_1195_1413,0.696059953915199
2017_1195_1417,0.119302570007138
2017_1195_1423,0.2868953785986
2017_1195_1425,0.170883453305336
2017_1195_1433,0.189693918336251
2017_1195_1435,0.392055221871204
2017_1195_1436,0.204174371096364
2017_1195_1437,0.0805168932590225
2017_1195_1438,0.156416789395036
2017_1195_1439,0.164898151294066
2017_1195_1448,0.27823638205806
2017_1195_1452,0.0759215621009885
2017_1195_1455,0.0791915121568482
2017_1195_1457,0.277565839031491
2017_1195_1458,0.195425853834455
2017_1195_1462,0.292036216334122
2017_1196_1199,0.311457959706508
2017_1196_1211,0.345516432036379
2017_1196_1233,0.882464818491747
2017_1196_1235,0.407678429632397
2017_1196_1240,0.965659804648151
2017_1196_1242,0.214936929689195
2017_1196_1243,0.555534299352416
2017_1196_1245,0.697987001948724
2017_1196_1246,0.294837227065225
2017_1196_1257,0.311498132628328
2017_1196_1266,0.595560071893928
2017_1196_1268,0.39287899126922
2017_1196_1274,0.530613173525956
2017_1196_1276,0.57415016019106
2017_1196_1277,0.731981912112408
2017_1196_1278,0.439815612217576
2017_1196_1291,0.940373864200172
2017_1196_1292,0.36603836090949
2017_1196_1297,0.841589604260916
2017_1196_1300,0.875805724099148
2017_1196_1305,0.507371916638967
2017_1196_1308,0.733451295918784
2017_1196_1309,0.943594999725469
2017_1196_1314,0.312910435858089
2017_1196_1315,0.838542116438126
2017_1196_1321,0.502938448086828
2017_1196_1323,0.304055141248789
2017_1196_1329,0.514950848822855
2017_1196_1332,0.239881261409694
2017_1196_1343,0.728162701428191
2017_1196_1344,0.621994184296251
2017_1196_1345,0.507787768537281
2017_1196_1348,0.552319842630965
2017_1196_1355,0.942690275827731
2017_1196_1371,0.594397247400325
2017_1196_1374,0.302457691487437
2017_1196_1376,0.526291249279614
2017_1196_1388,0.547921959242996
2017_1196_1407,0.897533876680726
2017_1196_1411,0.902388029154991
2017_1196_1413,0.902630559713313
2017_1196_1417,0.354147958717826
2017_1196_1423,0.619560944096677
2017_1196_1425,0.454827666069218
2017_1196_1433,0.486552085977219
2017_1196_1435,0.72302454034377
2017_1196_1436,0.509446348788673
2017_1196_1437,0.261700461169592
2017_1196_1438,0.42875347160558
2017_1196_1439,0.4442255622123
2017_1196_1448,0.609442397025143
2017_1196_1452,0.249571182927404
2017_1196_1455,0.258230232708816
2017_1196_1457,0.608646758033425
2017_1196_1458,0.495765981746459
2017_1196_1462,0.625434633178084
2017_1199_1211,0.538549775111251
2017_1199_1233,0.943175951400682
2017_1199_1235,0.603421278737857
2017_1199_1240,0.984168680293639
2017_1199_1242,0.377045546319535
2017_1199_1243,0.734264813763634
2017_1199_1245,0.836312391619756
2017_1199_1246,0.480336841248593
2017_1199_1257,0.500046830435417
2017_1199_1266,0.765003727193871
2017_1199_1268,0.588576917512294
2017_1199_1274,0.714209652581577
2017_1199_1276,0.748780002325946
2017_1199_1277,0.857906928391877
2017_1199_1278,0.634460709707657
2017_1199_1291,0.972117990723371
2017_1199_1292,0.560714347643296
2017_1199_1297,0.921536973913913
2017_1199_1300,0.939721565312865
2017_1199_1305,0.694830763193508
2017_1199_1308,0.858819095607861
2017_1199_1309,0.973672250336133
2017_1199_1314,0.501691082857139
2017_1199_1315,0.919881088944794
2017_1199_1321,0.691057089822561
2017_1199_1323,0.491313536091269
2017_1199_1329,0.701223997159767
2017_1199_1332,0.410955065695414
2017_1199_1343,0.855527962617148
2017_1199_1344,0.784372756622276
2017_1199_1345,0.695183440452478
2017_1199_1348,0.731718734481814
2017_1199_1355,0.973236275465898
2017_1199_1371,0.764135137840358
2017_1199_1374,0.489424138700226
2017_1199_1376,0.710656389805032
2017_1199_1388,0.728215995959006
2017_1199_1407,0.950894432690139
2017_1199_1411,0.953352104257373
2017_1199_1413,0.953474536134698
2017_1199_1417,0.547966127496236
2017_1199_1423,0.782619454579977
2017_1199_1425,0.64842622202768
2017_1199_1433,0.676888123602268
2017_1199_1435,0.852308921945966
2017_1199_1436,0.696587870456449
2017_1199_1437,0.439340990064673
2017_1199_1438,0.62395589299828
2017_1199_1439,0.63859747019289
2017_1199_1448,0.775264651415223
2017_1199_1452,0.423703439765598
2017_1199_1455,0.434902764632171
2017_1199_1457,0.774681930692443
2017_1199_1458,0.684898432644918
2017_1199_1462,0.786841783093375
2017_1211_1233,0.934305452650461
2017_1211_1235,0.565922805467307
2017_1211_1240,0.98157231137799
2017_1211_1242,0.341500830841515
2017_1211_1243,0.703049896049016
2017_1211_1245,0.814048899841346
2017_1211_1246,0.441963036612837
2017_1211_1257,0.461496777284547
2017_1211_1266,0.736101861877067
2017_1211_1268,0.550719899180626
2017_1211_1274,0.681660286726989
2017_1211_1276,0.718616726107253
2017_1211_1277,0.838011653551313
2017_1211_1278,0.597941628954984
2017_1211_1291,0.967610326639005
2017_1211_1292,0.522374040487336
2017_1211_1297,0.909612249899516
2017_1211_1300,0.930351641134212
2017_1211_1305,0.661121518093764
2017_1211_1308,0.8390275743949
2017_1211_1309,0.969407954743703
2017_1211_1314,0.463131693839258
2017_1211_1315,0.907729903106278
2017_1211_1321,0.657136692307921
2017_1211_1323,0.452826946686951
2017_1211_1329,0.667883402156443
2017_1211_1332,0.374133519026459
2017_1211_1343,0.835363517100193
2017_1211_1344,0.757096676768143
2017_1211_1345,0.661494173394203
2017_1211_1348,0.700326800296153
2017_1211_1355,0.968903620425981
2017_1211_1371,0.735163428215545
2017_1211_1374,0.450954346666816
2017_1211_1376,0.677884852964227
2017_1211_1388,0.696584155128276
2017_1211_1407,0.943156207875494
2017_1211_1411,0.945979165747754
2017_1211_1413,0.946119854959153
2017_1211_1417,0.509486517836946
2017_1211_1423,0.755190809633397
2017_1211_1425,0.612450114032987
2017_1211_1433,0.642217470735288
2017_1211_1435,0.831783525349687
2017_1211_1436,0.662978574524169
2017_1211_1437,0.401710571489076
2017_1211_1438,0.587070371139294
2017_1211_1439,0.602232569192088
2017_1211_1448,0.7472077480083
2017_1211_1452,0.386489104556408
2017_1211_1455,0.39738305179108
2017_1211_1457,0.746576058787212
2017_1211_1458,0.650643685561803
2017_1211_1462,0.759782375990246
2017_1233_1235,0.0839728712009407
2017_1233_1240,0.789267183813288
2017_1233_1242,0.0351821443931648
2017_1233_1243,0.142714636853184
2017_1233_1245,0.235366854231097
2017_1233_1246,0.0527506412238535
2017_1233_1257,0.0568340889558931
2017_1233_1266,0.163969841060713
2017_1233_1268,0.0793502780805837
2017_1233_1274,0.130860113932018
2017_1233_1276,0.152235135327186
2017_1233_1277,0.266729450243181
2017_1233_1278,0.0946709191377924
2017_1233_1291,0.677477252860549
2017_1233_1292,0.0714098585823874
2017_1233_1297,0.414382391283716
2017_1233_1300,0.484334127577241
2017_1233_1305,0.12062854880355
2017_1233_1308,0.268199466089565
2017_1233_1309,0.690222138329634
2017_1233_1314,0.0571876735278755
2017_1233_1315,0.408888844732921
2017_1233_1321,0.118759797793698
2017_1233_1323,0.0549900822046581
2017_1233_1329,0.123883226182628
2017_1233_1332,0.0403370465906268
2017_1233_1343,0.262956087518805
2017_1233_1344,0.179762108166898
2017_1233_1345,0.120805150593029
2017_1233_1348,0.141130383571002
2017_1233_1355,0.686603163132363
2017_1233_1371,0.16330942662841
2017_1233_1374,0.0545985162253146
2017_1233_1376,0.128900082745688
2017_1233_1388,0.138990114817964
2017_1233_1407,0.538458240406083
2017_1233_1411,0.551828975519138
2017_1233_1413,0.552510588310564
2017_1233_1417,0.0680626575756583
2017_1233_1423,0.178243117637032
2017_1233_1425,0.100005399994743
2017_1233_1433,0.112068346760751
2017_1233_1435,0.25798520166685
2017_1233_1436,0.12151177581893
2017_1233_1437,0.0450825231871397
2017_1233_1438,0.090881417599733
2017_1233_1439,0.096214560436998
2017_1233_1448,0.172072135404278
2017_1233_1452,0.042416241966687
2017_1233_1455,0.0443123140691589
2017_1233_1457,0.171596617503129
2017_1233_1458,0.115789865990873
2017_1233_1462,0.181933747984748
2017_1235_1240,0.976108850679575
2017_1235_1242,0.284581410754645
2017_1235_1243,0.644884569024289
2017_1235_1245,0.77052913648615
2017_1235_1246,0.377908696647763
2017_1235_1257,0.396623548980255
2017_1235_1266,0.681477479213714
2017_1235_1268,0.484591007808807
2017_1235_1274,0.621560499407138
2017_1235_1276,0.66203479071516
2017_1235_1277,0.798713382760659
2017_1235_1278,0.532867675507339
2017_1235_1291,0.958183748403193
2017_1235_1292,0.456192779512949
2017_1235_1297,0.885306886101948
2017_1235_1300,0.911077939750555
2017_1235_1305,0.599422823513616
2017_1235_1308,0.799916920323217
2017_1235_1309,0.960483185685094
2017_1235_1314,0.398198586313504
2017_1235_1315,0.882983489517131
2017_1235_1321,0.595156761134823
2017_1235_1323,0.388293669675114
2017_1235_1329,0.606683404817887
2017_1235_1332,0.314371695842514
2017_1235_1343,0.795579522837879
2017_1235_1344,0.705076881464882
2017_1235_1345,0.599822258466478
2017_1235_1348,0.641899767570819
2017_1235_1355,0.959837815034101
2017_1235_1371,0.680429128974898
2017_1235_1374,0.386499433611746
2017_1235_1376,0.617472281538366
2017_1235_1388,0.637804808643216
2017_1235_1407,0.927148431165892
2017_1235_1411,0.930707956745956
2017_1235_1413,0.930885511780365
2017_1235_1417,0.443422182309464
2017_1235_1423,0.702923013642567
2017_1235_1425,0.547949100470089
2017_1235_1433,0.579267308114863
2017_1235_1435,0.791350510846733
2017_1235_1436,0.60141414534025
2017_1235_1437,0.339936306357774
2017_1235_1438,0.521644517131075
2017_1235_1439,0.53731571445207
2017_1235_1448,0.693926323365089
2017_1235_1452,0.325780992240081
2017_1235_1455,0.335900641783789
2017_1235_1457,0.693216156663374
2017_1235_1458,0.588225498403085
2017_1235_1462,0.708116002018076
2017_1240_1242,0.00964222397485946
2017_1240_1243,0.0425563578759855
2017_1240_1245,0.0759448291252888
2017_1240_1246,0.0146508125218442
2017_1240_1257,0.0158342385729097
2017_1240_1266,0.0497603366912697
2017_1240_1268,0.0224947540187867
2017_1240_1274,0.0386463872176118
2017_1240_1276,0.0457518777580903
2017_1240_1277,0.0885238253970031
2017_1240_1278,0.0271618192297962
2017_1240_1291,0.359321202393871
2017_1240_1292,0.0201194165132599
2017_1240_1297,0.158905855223394
2017_1240_1300,0.200495902155336
2017_1240_1305,0.0353316481374489
2017_1240_1308,0.0891310849823492
2017_1240_1309,0.373002876281574
2017_1240_1314,0.0159370589550388
2017_1240_1315,0.155897581112517
2017_1240_1321,0.0347321072683545
2017_1240_1323,0.0152989119533676
2017_1240_1329,0.0363801410169101
2017_1240_1332,0.0110980512160345
2017_1240_1343,0.0869724808551644
2017_1240_1344,0.0552801833427983
2017_1240_1345,0.0353883994929066
2017_1240_1348,0.0420294369140451
2017_1240_1355,0.369065576189824
2017_1240_1371,0.0495326654319473
2017_1240_1374,0.0151854319571099
2017_1240_1376,0.0380071405623089
2017_1240_1388,0.0413197496625977
2017_1240_1407,0.237510585388865
2017_1240_1411,0.247414306699384
2017_1240_1413,0.247927918204826
2017_1240_1417,0.019126837382163
2017_1240_1423,0.0547428633462812
2017_1240_1425,0.0288133900616221
2017_1240_1433,0.0326000025455024
2017_1240_1435,0.0849449518584962
2017_1240_1436,0.0356156363758905
2017_1240_1437,0.0124483082841224
2017_1240_1438,0.0259969850250959
2017_1240_1439,0.0276383063340897
2017_1240_1448,0.0525740518257395
2017_1240_1452,0.0116884630075626
2017_1240_1455,0.0122284963442982
2017_1240_1457,0.0524078608807659
2017_1240_1458,0.0337829736438131
2017_1240_1462,0.0560507660869774
2017_1242_1243,0.82031408512817
2017_1242_1245,0.894083663359387
2017_1242_1246,0.60429994757369
2017_1242_1257,0.622998451210601
2017_1242_1266,0.84322451058897
2017_1242_1268,0.702700965907154
2017_1242_1274,0.805028686495412
2017_1242_1276,0.831209503630832
2017_1242_1277,0.90888703954769
2017_1242_1278,0.741448155252379
2017_1242_1291,0.982936501836059
2017_1242_1292,0.678343396561225
2017_1242_1297,0.950992032928809
2017_1242_1300,0.962626969300406
2017_1242_1305,0.789997314541735
2017_1242_1308,0.90950646038489
2017_1242_1309,0.983897681800135
2017_1242_1314,0.62454195441211
2017_1242_1315,0.949923989375721
2017_1242_1321,0.787039770939868
2017_1242_1323,0.614758255134995
2017_1242_1329,0.794985090167141
2017_1242_1332,0.535462562772051
2017_1242_1343,0.907269341444952
2017_1242_1344,0.857348584587204
2017_1242_1345,0.790273206723153
2017_1242_1348,0.818388546379292
2017_1242_1355,0.983628187986842
2017_1242_1371,0.84258554785745
2017_1242_1374,0.6129661743003
2017_1242_1376,0.802292011086139
2017_1242_1388,0.81573242377645
2017_1242_1407,0.969691155288506
2017_1242_1411,0.971236531329364
2017_1242_1413,0.971313436228356
2017_1242_1417,0.666981390649643
2017_1242_1423,0.856079785680268
2017_1242_1425,0.752918000537502
2017_1242_1433,0.775844967052035
2017_1242_1435,0.905075255338406
2017_1242_1436,0.791370997760971
2017_1242_1437,0.564211064088113
2017_1242_1438,0.732722705648205
2017_1242_1439,0.744861043123581
2017_1242_1448,0.850736391593068
2017_1242_1452,0.54847694260546
2017_1242_1455,0.559770840344529
2017_1242_1457,0.850311578710938
2017_1242_1458,0.78219142966117
2017_1242_1462,0.85913207475658
2017_1243_1245,0.649006029142647
2017_1243_1246,0.250666139720747
2017_1243_1257,0.265771738058263
2017_1243_1266,0.540893844439031
2017_1243_1268,0.341125206698901
2017_1243_1274,0.474908242075877
2017_1243_1276,0.518927627420005
2017_1243_1277,0.686034297150512
2017_1243_1278,0.385807967978444
2017_1243_1291,0.926567893331996
2017_1243_1292,0.315980100527605
2017_1243_1297,0.80954338159486
2017_1243_1300,0.849443083751442
2017_1243_1305,0.451758618314471
2017_1243_1308,0.68764809196565
2017_1243_1309,0.93047971998727
2017_1243_1314,0.267057137387924
2017_1243_1315,0.806021488984526
2017_1243_1321,0.447369794967138
2017_1243_1323,0.259010313644801
2017_1243_1329,0.459281317037973
2017_1243_1332,0.201589719107602
2017_1243_1343,0.681844925357133
2017_1243_1344,0.568311077308475
2017_1243_1345,0.452170726786776
2017_1243_1348,0.496747744975076
2017_1243_1355,0.929380373890053
2017_1243_1371,0.539695324872
2017_1243_1374,0.257561936743205
2017_1243_1376,0.470585159480635
2017_1243_1388,0.492305752707011
2017_1243_1407,0.875125837646662
2017_1243_1411,0.880900669067386
2017_1243_1413,0.88118955873969
2017_1243_1417,0.304933646095609
2017_1243_1423,0.565773519237853
2017_1243_1425,0.400293863522569
2017_1243_1433,0.431223242191024
2017_1243_1435,0.676220568566547
2017_1243_1436,0.453815135789663
2017_1243_1437,0.220938344070092
2017_1243_1438,0.375194408464893
2017_1243_1439,0.390053454089281
2017_1243_1448,0.555251325201522
2017_1243_1452,0.210160524770337
2017_1243_1455,0.217849143754826
2017_1243_1457,0.554426002289931
2017_1243_1458,0.440287843644804
2017_1243_1462,0.571903840719602
2017_1245_1246,0.153198005961566
2017_1245_1257,0.163713253213852
2017_1245_1266,0.389186887804137
2017_1245_1268,0.218751500326474
2017_1245_1274,0.328467531237101
2017_1245_1276,0.368437398148797
2017_1245_1277,0.541646017004919
2017_1245_1278,0.253573990019857
2017_1245_1291,0.872188951874162
2017_1245_1292,0.199890203321867
2017_1245_1297,0.696856445461146
2017_1245_1300,0.75316547500087
2017_1245_1305,0.308265535390874
2017_1245_1308,0.543508133820895
2017_1245_1309,0.878618127023034
2017_1245_1314,0.16461571597792
2017_1245_1315,0.692043453644993
2017_1245_1321,0.304496490290715
2017_1245_1323,0.158986049960657
2017_1245_1329,0.314770677059194
2017_1245_1332,0.120144656531262
2017_1245_1343,0.536830759853933
2017_1245_1344,0.415880102369736
2017_1245_1345,0.30862043161216
2017_1245_1348,0.348036285704729
2017_1245_1355,0.876807256501078
2017_1245_1371,0.388040402072075
2017_1245_1374,0.157977756648035
2017_1245_1376,0.324653300663726
2017_1245_1388,0.344015063766328
2017_1245_1407,0.791235396870948
2017_1245_1411,0.800003150635649
2017_1245_1413,0.800443814419156
2017_1245_1417,0.191764398386021
2017_1245_1423,0.413371424376419
2017_1245_1425,0.265239035692448
2017_1245_1433,0.290793147203431
2017_1245_1435,0.53040838394918
2017_1245_1436,0.310038239661967
2017_1245_1437,0.132978135614282
2017_1245_1438,0.245146223496072
2017_1245_1439,0.256973166069438
2017_1245_1448,0.403052713098238
2017_1245_1452,0.125798327448681
2017_1245_1455,0.130912144870059
2017_1245_1457,0.402249008203466
2017_1245_1458,0.298454785555187
2017_1245_1462,0.419445535354307
2017_1246_1257,0.519709916588834
2017_1246_1266,0.7788546511281
2017_1246_1268,0.607491205676309
2017_1246_1274,0.729997773512991
2017_1246_1276,0.763291287088777
2017_1246_1277,0.867232377109953
2017_1246_1278,0.652510959958908
2017_1246_1291,0.97417351086188
2017_1246_1292,0.57999550040809
2017_1246_1297,0.927041572014014
2017_1246_1300,0.944027903666178
2017_1246_1305,0.711256635216157
2017_1246_1308,0.868093883971199
2017_1246_1309,0.975616061327726
2017_1246_1314,0.521351401698965
2017_1246_1315,0.925492463737789
2017_1246_1321,0.707600604489258
2017_1246_1323,0.510984199393796
2017_1246_1329,0.717445687033091
2017_1246_1332,0.430128873719297
2017_1246_1343,0.864984969622821
2017_1246_1344,0.797384417251602
2017_1246_1345,0.711598208697381
2017_1246_1348,0.746882390309394
2017_1246_1355,0.975211455549431
2017_1246_1371,0.778022402153253
2017_1246_1374,0.509094862734799
2017_1246_1376,0.726565654693578
2017_1246_1388,0.74350823319959
2017_1246_1407,0.954441270219808
2017_1246_1411,0.956729504868612
2017_1246_1413,0.956843473705412
2017_1246_1417,0.567375102736612
2017_1246_1423,0.795709359527531
2017_1246_1425,0.66614972997915
2017_1246_1433,0.693854243125693
2017_1246_1435,0.861942641048463
2017_1246_1436,0.712958236160418
2017_1246_1437,0.458807620345062
2017_1246_1438,0.64223236335284
2017_1246_1439,0.656554024717171
2017_1246_1448,0.788677850932036
2017_1246_1452,0.443024693950088
2017_1246_1455,0.454332100583497
2017_1246_1457,0.788120404373288
2017_1246_1458,0.701629346433268
2017_1246_1462,0.799742492808199
2017_1257_1266,0.76497005012624
2017_1257_1268,0.588531556026585
2017_1257_1274,0.714171416015442
2017_1257_1276,0.748744763870178
2017_1257_1277,0.857884091847885
2017_1257_1278,0.634417264895842
2017_1257_1291,0.972112912992927
2017_1257_1292,0.560668207194793
2017_1257_1297,0.921523428249958
2017_1257_1300,0.939710953609094
2017_1257_1305,0.694791041859572
2017_1257_1308,0.858796381534281
2017_1257_1309,0.973667447992273
2017_1257_1314,0.501644252942862
2017_1257_1315,0.919867282270718
2017_1257_1321,0.691017095726267
2017_1257_1323,0.491266719866605
2017_1257_1329,0.701184750108038
2017_1257_1332,0.410909721290764
2017_1257_1343,0.855504808132735
2017_1257_1344,0.784341072808537
2017_1257_1345,0.695143744882804
2017_1257_1348,0.731681960423811
2017_1257_1355,0.973231395783855
2017_1257_1371,0.764101374680054
2017_1257_1374,0.489377329309539
2017_1257_1376,0.710617870460921
2017_1257_1388,0.728178920131079
2017_1257_1407,0.950885685110501
2017_1257_1411,0.953343773001847
2017_1257_1413,0.953466225678048
2017_1257_1417,0.54791972762457
2017_1257_1423,0.782587584548633
2017_1257_1425,0.648383517167467
2017_1257_1433,0.676847152995987
2017_1257_1435,0.852285340624322
2017_1257_1436,0.69654827794743
2017_1257_1437,0.439294849407065
2017_1257_1438,0.623911939752985
2017_1257_1439,0.638554236947099
2017_1257_1448,0.775232012783116
2017_1257_1452,0.423657700414945
2017_1257_1455,0.434856728562386
2017_1257_1457,0.774649232030696
2017_1257_1458,0.68485800485851
2017_1257_1462,0.786810363467239
2017_1266_1268,0.305291448928477
2017_1266_1274,0.43428412148023
2017_1266_1276,0.477965562295171
2017_1266_1277,0.649695789973639
2017_1266_1278,0.347757855287657
2017_1266_1291,0.91460341882371
2017_1266_1292,0.281658578418795
2017_1266_1297,0.782977740251199
2017_1266_1300,0.827255242027716
2017_1266_1305,0.411562642108025
2017_1266_1308,0.651401455791631
2017_1266_1309,0.919096957817382
2017_1266_1314,0.236214500889278
2017_1266_1315,0.779098647611166
2017_1266_1321,0.407274227231861
2017_1266_1323,0.228806895678103
2017_1266_1329,0.418927462232109
2017_1266_1332,0.176487359509554
2017_1266_1343,0.64527225534137
2017_1266_1344,0.527727055270222
2017_1266_1345,0.411965636047143
2017_1266_1348,0.455877373281515
2017_1266_1355,0.917833507437551
2017_1266_1371,0.498793647371184
2017_1266_1374,0.227475565928805
2017_1266_1376,0.430027988429798
2017_1266_1388,0.451472983856751
2017_1266_1407,0.856081643794554
2017_1266_1411,0.862598901189048
2017_1266_1413,0.862925276086208
2017_1266_1417,0.271336023819889
2017_1266_1423,0.525150264692537
2017_1266_1425,0.361656330858555
2017_1266_1433,0.391549486004725
2017_1266_1435,0.639343344248513
2017_1266_1436,0.413574212816598
2017_1266_1437,0.194012116951794
2017_1266_1438,0.33761566010056
2017_1266_1439,0.351824479380956
2017_1266_1448,0.51448842360581
2017_1266_1452,0.184237185352409
2017_1266_1455,0.191207001838424
2017_1266_1457,0.513653713502092
2017_1266_1458,0.400367156877057
2017_1266_1462,0.53137906739214
2017_1268_1274,0.635950879748386
2017_1268_1276,0.675689145316888
2017_1268_1277,0.808443471453685
2017_1268_1278,0.548179065054263
2017_1268_1291,0.960585529262846
2017_1268_1292,0.471524886035717
2017_1268_1297,0.891420134215377
2017_1268_1300,0.915947980163552
2017_1268_1305,0.61413240978193
2017_1268_1308,0.809602699206665
2017_1268_1309,0.962758028085822
2017_1268_1314,0.413062075302833
2017_1268_1315,0.889205078499393
2017_1268_1321,0.609921057622301
2017_1268_1323,0.403035045756074
2017_1268_1329,0.621294818682919
2017_1268_1332,0.327810603656965
2017_1268_1343,0.805424196161171
2017_1268_1344,0.717733695304792
2017_1268_1345,0.614526609475614
2017_1268_1348,0.655944845922866
2017_1268_1355,0.962148345017004
2017_1268_1371,0.693684174154996
2017_1268_1374,0.401217370446305
2017_1268_1376,0.631926060728852
2017_1268_1388,0.651923404022498
2017_1268_1407,0.931204789837541
2017_1268_1411,0.934580106450772
2017_1268_1413,0.934748435058698
2017_1268_1417,0.458687106998747
2017_1268_1423,0.715634982230775
2017_1268_1425,0.563171396594594
2017_1268_1433,0.594215987623112
2017_1268_1435,0.801347994893474
2017_1268_1436,0.616097440400279
2017_1268_1437,0.353903961665697
2017_1268_1438,0.53700414280678
2017_1268_1439,0.552603718605714
2017_1268_1448,0.706862719231551
2017_1268_1452,0.339466146659077
2017_1268_1455,0.349790350049369
2017_1268_1457,0.706169858608224
2017_1268_1458,0.603073988257884
2017_1268_1462,0.720694056341426
2017_1274_1276,0.543935919847723
2017_1274_1277,0.707256226869872
2017_1274_1278,0.409866697733421
2017_1274_1291,0.933116482292419
2017_1274_1292,0.338081295913913
2017_1274_1297,0.824551974864446
2017_1274_1300,0.861844042937131
2017_1274_1305,0.476737744017693
2017_1274_1308,0.708807240720215
2017_1274_1309,0.936703288008195
2017_1274_1314,0.287173047195435
2017_1274_1315,0.821246336432627
2017_1274_1321,0.472315313032593
2017_1274_1323,0.2787506200035
2017_1274_1329,0.484308948563991
2017_1274_1332,0.21824268945343
2017_1274_1343,0.703227529798001
2017_1274_1344,0.592766809284688
2017_1274_1345,0.477152807169115
2017_1274_1348,0.521846634059921
2017_1274_1355,0.935695555782792
2017_1274_1371,0.564529988743726
2017_1274_1374,0.277233156108084
2017_1274_1376,0.495664116662375
2017_1274_1388,0.517410956220796
2017_1274_1407,0.885696036864868
2017_1274_1411,0.891042907653169
2017_1274_1413,0.891310231528852
2017_1274_1417,0.32663114861226
2017_1274_1423,0.590269364593687
2017_1274_1425,0.42463139203805
2017_1274_1433,0.456011350026371
2017_1274_1435,0.697813648827394
2017_1274_1436,0.478808662589078
2017_1274_1437,0.238711787563193
2017_1274_1438,0.399021269779426
2017_1274_1439,0.414198390527402
2017_1274_1448,0.579900004720271
2017_1274_1452,0.227319930076801
2017_1274_1455,0.235449181240797
2017_1274_1457,0.579085748280347
2017_1274_1458,0.465170865975394
2017_1274_1462,0.596300618740349
2017_1276_1277,0.669493949888089
2017_1276_1278,0.368021366708869
2017_1276_1291,0.921244645060741
2017_1276_1292,0.299841134535736
2017_1276_1297,0.797589979853343
2017_1276_1300,0.839497373333654
2017_1276_1305,0.433075424847436
2017_1276_1308,0.671152009625228
2017_1276_1309,0.925417222183615
2017_1276_1314,0.252494570873945
2017_1276_1315,0.793903320200059
2017_1276_1321,0.428726169503717
2017_1276_1323,0.244740019934118
2017_1276_1329,0.44053700405925
2017_1276_1332,0.189673240383269
2017_1276_1343,0.665191584974248
2017_1276_1344,0.549640182283549
2017_1276_1345,0.43348396581011
2017_1276_1348,0.477825577560848
2017_1276_1355,0.924244338937007
2017_1276_1371,0.520830299862244
2017_1276_1374,0.243345235585585
2017_1276_1376,0.45176495211875
2017_1276_1388,0.473393624442489
2017_1276_1407,0.866610297692878
2017_1276_1411,0.872721657304307
2017_1276_1413,0.873027526542124
2017_1276_1417,0.289120409320917
2017_1276_1423,0.547080339984146
2017_1276_1425,0.382255069319426
2017_1276_1433,0.412749936616924
2017_1276_1435,0.659419881197261
2017_1276_1436,0.435114392550411
2017_1276_1437,0.208176337860712
2017_1276_1438,0.357612216728435
2017_1276_1439,0.372189733264798
2017_1276_1448,0.536476281935304
2017_1276_1452,0.197862960635161
2017_1276_1455,0.205218573822209
2017_1276_1457,0.53564525543596
2017_1276_1458,0.421714133926974
2017_1276_1462,0.55326618784433
2017_1277_1278,0.223287212051262
2017_1277_1291,0.852391470200973
2017_1277_1292,0.174516261126257
2017_1277_1297,0.660472837899583
2017_1277_1300,0.720832709780152
2017_1277_1305,0.273842953441938
2017_1277_1308,0.501875711526837
2017_1277_1309,0.859656258882326
2017_1277_1314,0.142919662581355
2017_1277_1315,0.655367869142174
2017_1277_1321,0.270330303140026
2017_1277_1323,0.137909486557212
2017_1277_1329,0.279915639027165
2017_1277_1332,0.10358305111114
2017_1277_1343,0.495155016853431
2017_1277_1344,0.375972092739328
2017_1277_1345,0.274173927531444
2017_1277_1348,0.311170438761035
2017_1277_1355,0.857608346003084
2017_1277_1371,0.349206781919687
2017_1277_1374,0.137013084889912
2017_1277_1376,0.289165745177204
2017_1277_1388,0.307374348278346
2017_1277_1407,0.762315671123153
2017_1277_1411,0.771947934318097
2017_1277_1413,0.772432829742661
2017_1277_1417,0.167206382016523
2017_1277_1423,0.373550196959989
2017_1277_1425,0.233995762500276
2017_1277_1433,0.25759507013878
2017_1277_1435,0.488705152302807
2017_1277_1436,0.275496545309377
2017_1277_1437,0.114878448432059
2017_1277_1438,0.215575335820841
2017_1277_1439,0.226403537324553
2017_1277_1448,0.363609387227653
2017_1277_1452,0.108553531912526
2017_1277_1455,0.113056992257343
2017_1277_1457,0.362836527965536
2017_1277_1458,0.264708497618427
2017_1277_1462,0.379417624153928
2017_1278_1291,0.95257837069445
2017_1278_1292,0.423764174032335
2017_1278_1297,0.871245218826035
2017_1278_1300,0.899818327962703
2017_1278_1305,0.56743662483517
2017_1278_1308,0.778011310889883
2017_1278_1309,0.955171621875427
2017_1278_1314,0.367109504352971
2017_1278_1315,0.868679221389139
2017_1278_1321,0.563078214668694
2017_1278_1323,0.357518493202657
2017_1278_1329,0.574865777398695
2017_1278_1332,0.286709312060416
2017_1278_1343,0.773333604136087
2017_1278_1344,0.67698089431695
2017_1278_1345,0.567844960024019
2017_1278_1348,0.611104826153737
2017_1278_1355,0.954443619603235
2017_1278_1371,0.651146829206785
2017_1278_1374,0.355783752821582
2017_1278_1376,0.585931750013112
2017_1278_1388,0.606873389860989
2017_1278_1407,0.917739990918082
2017_1278_1411,0.921720400250329
2017_1278_1413,0.921919053072343
2017_1278_1417,0.411214919125588
2017_1278_1423,0.67471650024249
2017_1278_1425,0.515177099912005
2017_1278_1433,0.546888270686253
2017_1278_1435,0.768778127853583
2017_1278_1436,0.569472749226328
2017_1278_1437,0.311044941796235
2017_1278_1438,0.48874481364216
2017_1278_1439,0.504469968265917
2017_1278_1448,0.665272371059039
2017_1278_1452,0.29755036395157
2017_1278_1455,0.307192641930672
2017_1278_1457,0.664527861284486
2017_1278_1458,0.556007457212604
2017_1278_1462,0.680178210804755
2017_1291_1292,0.035317043686305
2017_1291_1297,0.251979972289421
2017_1291_1300,0.308981259837683
2017_1291_1305,0.0613012874605915
2017_1291_1308,0.148555042306386
2017_1291_1309,0.514734659999456
2017_1291_1314,0.0280659411915544
2017_1291_1315,0.247728661049018
2017_1291_1321,0.0602886100503123
2017_1291_1323,0.0269554362956877
2017_1291_1329,0.0630700623289429
2017_1291_1332,0.0196176279237376
2017_1291_1343,0.145186681387563
2017_1291_1344,0.0944764776644345
2017_1291_1345,0.0613970975730947
2017_1291_1348,0.0725518598136046
2017_1291_1355,0.510519432873705
2017_1291_1371,0.0850204497892591
2017_1291_1374,0.026757843283741
2017_1291_1376,0.0658091760431254
2017_1291_1388,0.0713651810657035
2017_1291_1407,0.357078979066241
2017_1291_1411,0.369552039067725
2017_1291_1413,0.370194479009262
2017_1291_1417,0.0336004085931111
2017_1291_1423,0.093595917347407
2017_1291_1425,0.0502414749461972
2017_1291_1433,0.0566797858294763
2017_1291_1435,0.142013130882927
2017_1291_1436,0.061780645792376
2017_1291_1437,0.0219813886355332
2017_1291_1438,0.0454285256639768
2017_1291_1439,0.0482359027001455
2017_1291_1448,0.0900344342259282
2017_1291_1452,0.0206518124843336
2017_1291_1455,0.0215969231259595
2017_1291_1457,0.0897610468126582
2017_1291_1458,0.0586835456550564
2017_1291_1462,0.0957380701884013
2017_1292_1297,0.90197406584928
2017_1292_1300,0.924320217519248
2017_1292_1305,0.640777454356712
2017_1292_1308,0.826561968308111
2017_1292_1309,0.966637451756297
2017_1292_1314,0.440952484873812
2017_1292_1315,0.899950148085646
2017_1292_1321,0.636684869020868
2017_1292_1323,0.430745286250344
2017_1292_1329,0.647728977763806
2017_1292_1332,0.353410743040777
2017_1292_1343,0.822674136721996
2017_1292_1344,0.740250602226156
2017_1292_1345,0.641160338624823
2017_1292_1348,0.681201425906279
2017_1292_1355,0.966089041207745
2017_1292_1371,0.717364080920716
2017_1292_1374,0.428892425605644
2017_1292_1376,0.658026597747849
2017_1292_1388,0.677329974401828
2017_1292_1407,0.93815993194383
2017_1292_1411,0.941215548360415
2017_1292_1413,0.941367874766873
2017_1292_1417,0.487101526456377
2017_1292_1423,0.738258253627469
2017_1292_1425,0.590991801718736
2017_1292_1433,0.621388452492548
2017_1292_1435,0.818878042871826
2017_1292_1436,0.642685742121904
2017_1292_1437,0.380388695029265
2017_1292_1438,0.565204433858088
2017_1292_1439,0.580595934971411
2017_1292_1448,0.729920501964853
2017_1292_1452,0.365481608094114
2017_1292_1455,0.376146460292544
2017_1292_1457,0.72926126672637
2017_1292_1458,0.630022614076781
2017_1292_1462,0.743059350083553
2017_1297_1300,0.570329058595336
2017_1297_1305,0.16238159005475
2017_1297_1308,0.3412116920272
2017_1297_1309,0.758969087143734
2017_1297_1314,0.0789535303869211
2017_1297_1315,0.494329518100428
2017_1297_1321,0.159983687417473
2017_1297_1323,0.0759869385287296
2017_1297_1329,0.166549443865451
2017_1297_1332,0.0560709060381759
2017_1297_1343,0.335194715606524
2017_1297_1344,0.236478819298081
2017_1297_1345,0.162608015614865
2017_1297_1348,0.188458894572733
2017_1297_1355,0.755869179093564
2017_1297_1371,0.216203426733076
2017_1297_1374,0.0754577992634933
2017_1297_1376,0.172953049184513
2017_1297_1388,0.185756113946548
2017_1297_1407,0.62246291332054
2017_1297_1411,0.635049470744397
2017_1297_1413,0.635688074420015
2017_1297_1417,0.0935568506718688
2017_1297_1423,0.234617656980291
2017_1297_1425,0.135721889174138
2017_1297_1433,0.151368471190067
2017_1297_1435,0.329468677584802
2017_1297_1436,0.163513682593679
2017_1297_1437,0.062546760581024
2017_1297_1438,0.123787511217767
2017_1297_1439,0.130773893973283
2017_1297_1448,0.227034151121749
2017_1297_1452,0.0589113259813451
2017_1297_1455,0.0614973999842174
2017_1297_1457,0.226448289567121
2017_1297_1458,0.156165524046865
2017_1297_1462,0.239135874166532
2017_1300_1305,0.12743759234005
2017_1300_1308,0.280679615539991
2017_1300_1309,0.703462738369274
2017_1300_1314,0.060662742964072
2017_1300_1315,0.424121500782234
2017_1300_1321,0.125478408770993
2017_1300_1323,0.0583398758804798
2017_1300_1329,0.130848648069149
2017_1300_1332,0.0428346907031966
2017_1300_1343,0.275284029188631
2017_1300_1344,0.189190904909129
2017_1300_1345,0.127622715931771
2017_1300_1348,0.148900727654311
2017_1300_1355,0.699931198981942
2017_1300_1371,0.172056274688591
2017_1300_1374,0.0579259192347007
2017_1300_1376,0.136103760697512
2017_1300_1388,0.146662742613184
2017_1300_1407,0.553993991222071
2017_1300_1411,0.567276348860932
2017_1300_1413,0.567952862064589
2017_1300_1417,0.0721479874142235
2017_1300_1423,0.187610464451616
2017_1300_1425,0.105790385772341
2017_1300_1433,0.11845928835295
2017_1300_1435,0.270165521181247
2017_1300_1436,0.128363396897314
2017_1300_1437,0.0478593502353882
2017_1300_1438,0.0961950233769784
2017_1300_1439,0.101805063783503
2017_1300_1448,0.181186679634862
2017_1300_1452,0.0450365866964715
2017_1300_1455,0.0470440377735605
2017_1300_1457,0.180691471008604
2017_1300_1458,0.122363788714138
2017_1300_1462,0.191449864048592
2017_1305_1308,0.727646482635248
2017_1305_1309,0.942004762376705
2017_1305_1314,0.306605445007941
2017_1305_1315,0.834509547410802
2017_1305_1321,0.495566147263769
2017_1305_1323,0.297851231433342
2017_1305_1329,0.507582274948702
2017_1305_1332,0.234545459308501
2017_1305_1343,0.722286323989708
2017_1305_1344,0.615036089724225
2017_1305_1345,0.500415947418058
2017_1305_1348,0.54501737835675
2017_1305_1355,0.941076124236584
2017_1305_1371,0.587268246687213
2017_1305_1374,0.296272500110458
2017_1305_1376,0.518934011566483
2017_1305_1388,0.540607425231198
2017_1305_1407,0.894789823103566
2017_1305_1411,0.899759451908505
2017_1305_1413,0.900007789836346
2017_1305_1417,0.34743221117264
2017_1305_1423,0.612585957498352
2017_1305_1425,0.447525646671303
2017_1305_1433,0.479188422119888
2017_1305_1435,0.717080246143282
2017_1305_1436,0.502075010145687
2017_1305_1437,0.256042806683979
2017_1305_1438,0.421546377701254
2017_1305_1439,0.436957329207971
2017_1305_1448,0.602400948821721
2017_1305_1452,0.244089056378522
2017_1305_1455,0.25262193030591
2017_1305_1457,0.601600342412048
2017_1305_1458,0.488395513943156
2017_1305_1462,0.618501025125658
2017_1308_1309,0.858748610952701
2017_1308_1314,0.142003067374215
2017_1308_1315,0.653671292427451
2017_1308_1321,0.268852898840987
2017_1308_1323,0.137019886516563
2017_1308_1329,0.278405836876925
2017_1308_1332,0.10288845073905
2017_1308_1343,0.493279549623058
2017_1308_1344,0.374213433449582
2017_1308_1345,0.272683367274781
2017_1308_1348,0.309564528429077
2017_1308_1355,0.856689661511345
2017_1308_1371,0.3475036015106
2017_1308_1374,0.136128354125644
2017_1308_1376,0.287625978975597
2017_1308_1388,0.30577933235011
2017_1308_1407,0.76095354595288
2017_1308_1411,0.770624400352742
2017_1308_1413,0.771111275518138
2017_1308_1417,0.166164224803655
2017_1308_1423,0.371796116741073
2017_1308_1425,0.232653617904217
2017_1308_1433,0.256162831825334
2017_1308_1435,0.48683055680101
2017_1308_1436,0.274001509001848
2017_1308_1437,0.114117746660786
2017_1308_1438,0.214309286700638
2017_1308_1439,0.225092143492773
2017_1308_1448,0.361875021447229
2017_1308_1452,0.10782961015725
2017_1308_1455,0.112306821424375
2017_1308_1457,0.361103756843773
2017_1308_1458,0.263250732815202
2017_1308_1462,0.377652601665577
2017_1309_1314,0.0265017079649723
2017_1309_1315,0.23690582459183
2017_1309_1321,0.0570338567717431
2017_1309_1323,0.0254514754294095
2017_1309_1329,0.0596746846412772
2017_1309_1332,0.018515284956357
2017_1309_1343,0.138021787397191
2017_1309_1344,0.0895519387847405
2017_1309_1345,0.0580862003256335
2017_1309_1348,0.0686834491416135
2017_1309_1355,0.495782157807868
2017_1309_1371,0.0805449597179557
2017_1309_1374,0.0252646207422365
2017_1309_1376,0.0622761395607282
2017_1309_1388,0.0675554344134362
2017_1309_1407,0.343661249568956
2017_1309_1411,0.355925088280423
2017_1309_1413,0.356557236602993
2017_1309_1417,0.0317377886726665
2017_1309_1423,0.0887127805983504
2017_1309_1425,0.0475017101117142
2017_1309_1433,0.0536087447825757
2017_1309_1435,0.134980119947032
2017_1309_1436,0.0584503533615159
2017_1309_1437,0.0207490336241973
2017_1309_1438,0.0429393542615293
2017_1309_1439,0.0456002545852508
2017_1309_1448,0.0853196186904029
2017_1309_1452,0.0194925126084359
2017_1309_1455,0.0203856733428079
2017_1309_1457,0.0850592094714854
2017_1309_1458,0.0555103250729412
2017_1309_1462,0.090754362090636
2017_1314_1315,0.919381138623875
2017_1314_1321,0.689611055264493
2017_1314_1323,0.489623062963728
2017_1314_1329,0.699804877874833
2017_1314_1332,0.409318602914365
2017_1314_1343,0.854689876626461
2017_1314_1344,0.783226485847331
2017_1314_1345,0.693748160478745
2017_1314_1348,0.730388768121922
2017_1314_1355,0.973059516204046
2017_1314_1371,0.762913802447013
2017_1314_1374,0.487733933340981
2017_1314_1376,0.709263496892304
2017_1314_1388,0.726875146762479
2017_1314_1407,0.950577611268969
2017_1314_1411,0.953050356445386
2017_1314_1413,0.953173541389242
2017_1314_1417,0.54629006385719
2017_1314_1423,0.781466460065664
2017_1314_1425,0.646882609921965
2017_1314_1433,0.675406920369177
2017_1314_1435,0.851455404523073
2017_1314_1436,0.695156303624407
2017_1314_1437,0.437675480058202
2017_1314_1438,0.622367412615688
2017_1314_1439,0.637034860151696
2017_1314_1448,0.774083907677978
2017_1314_1452,0.422052585196944
2017_1314_1455,0.433241078350471
2017_1314_1457,0.773499019849489
2017_1314_1458,0.683436776784043
2017_1314_1462,0.785705051716449
2017_1315_1321,0.163055577992716
2017_1315_1323,0.0775949680982247
2017_1315_1329,0.16972193320953
2017_1315_1332,0.0572836023447089
2017_1315_1343,0.340268103459749
2017_1315_1344,0.240598816657084
2017_1315_1345,0.16572035549117
2017_1315_1348,0.191952604900447
2017_1315_1355,0.760030546105118
2017_1315_1371,0.220071997150642
2017_1315_1374,0.0770555650235736
2017_1315_1376,0.176221725955514
2017_1315_1388,0.189211401292921
2017_1315_1407,0.627778465623811
2017_1315_1411,0.64029021812872
2017_1315_1413,0.640924836589526
2017_1315_1417,0.0954982658366947
2017_1315_1423,0.238715366575893
2017_1315_1425,0.13840467898175
2017_1315_1433,0.15430532575156
2017_1315_1435,0.334499005093928
2017_1315_1436,0.166639907500135
2017_1315_1437,0.0638900361290429
2017_1315_1438,0.126268861434809
2017_1315_1439,0.133373970941615
2017_1315_1448,0.231039392570282
2017_1315_1452,0.0601815379187583
2017_1315_1455,0.0628196492941226
2017_1315_1457,0.230446276847545
2017_1315_1458,0.15917799350436
2017_1315_1462,0.243287413048632
2017_1321_1323,0.301573687845559
2017_1321_1329,0.512014512036564
2017_1321_1332,0.237744628081909
2017_1321_1343,0.725829878719406
2017_1321_1344,0.619226694688775
2017_1321_1345,0.504849764377863
2017_1321_1348,0.549411780643354
2017_1321_1355,0.942051952055255
2017_1321_1371,0.591560387912138
2017_1321_1374,0.299983655605239
2017_1321_1376,0.523360019950453
2017_1321_1388,0.545008863062798
2017_1321_1407,0.896447843287946
2017_1321_1411,0.90134778968971
2017_1321_1413,0.901592623009656
2017_1321_1417,0.351464147812271
2017_1321_1423,0.616786615599828
2017_1321_1425,0.451914748665719
2017_1321_1433,0.483616227575093
2017_1321_1435,0.720664538778398
2017_1321_1436,0.506508623357322
2017_1321_1437,0.259435814913141
2017_1321_1438,0.42587709529212
2017_1321_1439,0.441325578797376
2017_1321_1448,0.606641128162375
2017_1321_1452,0.247376329662177
2017_1321_1455,0.255985204307598
2017_1321_1457,0.605843473272354
2017_1321_1458,0.492827890585467
2017_1321_1462,0.622677051872234
2017_1323_1329,0.708453020097372
2017_1323_1332,0.419392133505888
2017_1323_1343,0.859770141620135
2017_1323_1344,0.790191899736176
2017_1323_1345,0.70249660968596
2017_1323_1348,0.738485091554077
2017_1323_1355,0.97412667478894
2017_1323_1371,0.770340524184835
2017_1323_1374,0.49810990806216
2017_1323_1376,0.717749053343208
2017_1323_1388,0.735038706332214
2017_1323_1407,0.95249183691627
2017_1323_1411,0.954873354520592
2017_1323_1413,0.954991982225598
2017_1323_1417,0.556558329927192
2017_1323_1423,0.788473154011901
2017_1323_1425,0.656306582242973
2017_1323_1433,0.684440989359715
2017_1323_1435,0.856629782633529
2017_1323_1436,0.703881697237534
2017_1323_1437,0.447917682719217
2017_1323_1438,0.632073522379454
2017_1323_1439,0.646578059942886
2017_1323_1448,0.781261048634278
2017_1323_1452,0.432210193625468
2017_1323_1455,0.443461346069891
2017_1323_1457,0.780689477746651
2017_1323_1458,0.69234915818751
2017_1323_1462,0.792611911893596
2017_1329_1332,0.229143846508426
2017_1329_1343,0.716161353572039
2017_1329_1344,0.607830027384239
2017_1329_1345,0.492833582063044
2017_1329_1348,0.537486284803492
2017_1329_1355,0.939371516169278
2017_1329_1371,0.579897441679783
2017_1329_1374,0.289987863205454
2017_1329_1376,0.511358259115692
2017_1329_1388,0.533065873771558
2017_1329_1407,0.891900009929478
2017_1329_1411,0.896990425567596
2017_1329_1413,0.897244840099647
2017_1329_1417,0.340587576356051
2017_1329_1423,0.605363459858871
2017_1329_1425,0.44003879996666
2017_1329_1433,0.471624057964558
2017_1329_1435,0.710886415393662
2017_1329_1436,0.494492388585709
2017_1329_1437,0.250308003333623
2017_1329_1438,0.414168333002245
2017_1329_1439,0.429509833393317
2017_1329_1448,0.595114072367712
2017_1329_1452,0.238536145827647
2017_1329_1455,0.246938314968234
2017_1329_1457,0.594308674639006
2017_1329_1458,0.480819989468788
2017_1329_1462,0.611318833338887
2017_1332_1343,0.89460352060555
2017_1332_1344,0.839073661102009
2017_1332_1345,0.765753115449731
2017_1332_1348,0.796308302205887
2017_1332_1355,0.981175609657005
2017_1332_1371,0.822810220860136
2017_1332_1374,0.578765776398832
2017_1332_1376,0.778783750650617
2017_1332_1388,0.793410767967689
2017_1332_1407,0.965224554506909
2017_1332_1411,0.966989919180673
2017_1332_1413,0.967077793373837
2017_1332_1417,0.634709607074481
2017_1332_1423,0.837673093212312
2017_1332_1425,0.725547280694814
2017_1332_1433,0.750171275524438
2017_1332_1435,0.892145376353945
2017_1332_1436,0.766941403258632
2017_1332_1437,0.529012759848919
2017_1332_1438,0.703994358586246
2017_1332_1439,0.716933356894124
2017_1332_1448,0.831780591826599
2017_1332_1452,0.513104492436671
2017_1332_1455,0.524516137861161
2017_1332_1457,0.831312526927185
2017_1332_1458,0.757016980358996
2017_1332_1462,0.841043270795223
2017_1343_1344,0.380529911311014
2017_1343_1345,0.278047537042352
2017_1343_1348,0.315339656611716
2017_1343_1355,0.859958662407282
2017_1343_1371,0.353624001351672
2017_1343_1374,0.139320811877746
2017_1343_1376,0.293165612604845
2017_1343_1388,0.311515705957339
2017_1343_1407,0.765809369802999
2017_1343_1411,0.775341774724014
2017_1343_1413,0.775821549613843
2017_1343_1417,0.169922524583213
2017_1343_1423,0.378096444636619
2017_1343_1425,0.237487455629024
2017_1343_1433,0.261318778744915
2017_1343_1435,0.493548723307848
2017_1343_1436,0.279381648494411
2017_1343_1437,0.116863845191926
2017_1343_1438,0.218870697475404
2017_1343_1439,0.229815928602371
2017_1343_1448,0.368105742079986
2017_1343_1452,0.110443257297
2017_1343_1455,0.115015000067631
2017_1343_1457,0.367328842140842
2017_1343_1458,0.268497846350049
2017_1343_1462,0.383991509575134
2017_1344_1345,0.385357915674001
2017_1344_1348,0.428500206685909
2017_1344_1355,0.909062906263655
2017_1344_1371,0.47107046271202
2017_1344_1374,0.208557420952597
2017_1344_1376,0.403053285359228
2017_1344_1388,0.424154134450891
2017_1344_1407,0.841855267214157
2017_1344_1411,0.848903051604715
2017_1344_1413,0.849256273656601
2017_1344_1417,0.249950405019883
2017_1344_1423,0.497416001692347
2017_1344_1425,0.336438867683849
2017_1344_1433,0.365440914623687
2017_1344_1435,0.61336831954211
2017_1344_1436,0.386930961627506
2017_1344_1437,0.177238481134909
2017_1344_1438,0.313251893093285
2017_1344_1439,0.32694144817301
2017_1344_1448,0.48674006113518
2017_1344_1452,0.16813236435369
2017_1344_1455,0.174623342886659
2017_1344_1457,0.485905314522011
2017_1344_1458,0.37403206011497
2017_1344_1462,0.50366476622896
2017_1345_1348,0.544604771811809
2017_1345_1355,0.940983796261322
2017_1345_1371,0.586864911707803
2017_1345_1374,0.295925725649539
2017_1345_1376,0.51851864752708
2017_1345_1388,0.540194193422144
2017_1345_1407,0.894633089337362
2017_1345_1411,0.899609290882785
2017_1345_1413,0.899857959418103
2017_1345_1417,0.34705508740025
2017_1345_1423,0.612191025630929
2017_1345_1425,0.447114316506189
2017_1345_1433,0.478773209702825
2017_1345_1435,0.716742580916023
2017_1345_1436,0.501659068455643
2017_1345_1437,0.255726008481423
2017_1345_1438,0.421140723810539
2017_1345_1439,0.436548037250354
2017_1345_1448,0.602002379920797
2017_1345_1452,0.243782201883347
2017_1345_1455,0.252307929248198
2017_1345_1457,0.601201502258163
2017_1345_1458,0.487979798604503
2017_1345_1462,0.618108364045251
2017_1348_1355,0.930229445570699
2017_1348_1371,0.542925413330552
2017_1348_1374,0.260057441338442
2017_1348_1376,0.473827399344231
2017_1348_1388,0.495557563068187
2017_1348_1407,0.876540567337267
2017_1348_1411,0.88225877663315
2017_1348_1413,0.882544811293364
2017_1348_1417,0.307697911086468
2017_1348_1423,0.568966762918998
2017_1348_1425,0.403420847744639
2017_1348_1433,0.43441681874872
2017_1348_1435,0.679062330912379
2017_1348_1436,0.457041580544727
2017_1348_1437,0.223185674876764
2017_1348_1438,0.378248988737048
2017_1348_1439,0.393152886026524
2017_1348_1448,0.558461560068417
2017_1348_1452,0.212328104987367
2017_1348_1455,0.220073928409814
2017_1348_1457,0.557637448332662
2017_1348_1458,0.443496206713105
2017_1348_1462,0.575085860542787
2017_1355_1371,0.081803315699957
2017_1355_1374,0.0256834550897686
2017_1355_1376,0.0632687209654078
2017_1355_1388,0.0686260013580178
2017_1355_1407,0.34747678911069
2017_1355_1411,0.359802145805287
2017_1355_1413,0.360437326552589
2017_1355_1417,0.032260382906729
2017_1355_1423,0.0900862400858557
2017_1355_1425,0.048270932662624
2017_1355_1433,0.0544712064990938
2017_1355_1435,0.136962235816381
2017_1355_1436,0.0593858195436409
2017_1355_1437,0.0210946290733748
2017_1355_1438,0.0436380807591004
2017_1355_1439,0.0463401838084592
2017_1355_1448,0.0866455398122675
2017_1355_1452,0.0198176030136374
2017_1355_1455,0.0207253447611406
2017_1355_1457,0.086381465855897
2017_1355_1458,0.056401556342608
2017_1355_1462,0.0921562330973809
2017_1371_1374,0.228324653994149
2017_1371_1376,0.431211114926559
2017_1371_1388,0.452668253152705
2017_1371_1407,0.856675142887379
2017_1371_1411,0.863169819742461
2017_1371_1413,0.863495053116746
2017_1371_1417,0.272291123030799
2017_1371_1423,0.526353419061425
2017_1371_1425,0.362771074260393
2017_1371_1433,0.392699686421414
2017_1371_1435,0.640455256330911
2017_1371_1436,0.414745010713283
2017_1371_1437,0.194767788986978
2017_1371_1438,0.338695619278385
2017_1371_1439,0.352925672731306
2017_1371_1448,0.51569367904913
2017_1371_1452,0.184963521559802
2017_1371_1455,0.191954350128732
2017_1371_1457,0.514859087143609
2017_1371_1458,0.401526166303265
2017_1371_1462,0.532580486785519
2017_1374_1376,0.719278155784068
2017_1374_1388,0.73650852757029
2017_1374_1407,0.952832785769543
2017_1374_1411,0.955198016002086
2017_1374_1413,0.955315830184272
2017_1374_1417,0.558423439898783
2017_1374_1423,0.789731352552195
2017_1374_1425,0.658009948256351
2017_1374_1433,0.686071615276781
2017_1374_1435,0.857555813883157
2017_1374_1436,0.705455096455729
2017_1374_1437,0.449788003107525
2017_1374_1438,0.633829981815338
2017_1374_1439,0.648303803972725
2017_1374_1448,0.782550315138627
2017_1374_1452,0.434066493595449
2017_1374_1455,0.445328068325929
2017_1374_1457,0.78198117301717
2017_1374_1458,0.69395719168646
2017_1374_1462,0.793851928825888
2017_1376_1388,0.521740274702301
2017_1376_1407,0.887440204017363
2017_1376_1411,0.892715369549151
2017_1376_1413,0.892979082918575
2017_1376_1417,0.330457245972816
2017_1376_1423,0.594457366448242
2017_1376_1425,0.428874302854352
2017_1376_1433,0.460316958433047
2017_1376_1435,0.701458371280001
2017_1376_1436,0.483138348719314
2017_1376_1437,0.241877949315481
2017_1376_1438,0.40318760285785
2017_1376_1439,0.418412863796998
2017_1376_1448,0.584119319845569
2017_1376_1452,0.230380720241033
2017_1376_1455,0.238585631160031
2017_1376_1457,0.583307365044294
2017_1376_1458,0.469488318419368
2017_1376_1462,0.600468699959575
2017_1388_1407,0.878450778420196
2017_1388_1411,0.884092212659013
2017_1388_1413,0.884374376993756
2017_1388_1417,0.311496200448849
2017_1388_1423,0.57331934538186
2017_1388_1425,0.407704888991235
2017_1388_1433,0.438787919330976
2017_1388_1435,0.682922727399596
2017_1388_1436,0.461454593444612
2017_1388_1437,0.226281713255366
2017_1388_1438,0.382437080084052
2017_1388_1439,0.397400522844956
2017_1388_1448,0.562838717176738
2017_1388_1452,0.215315274310822
2017_1388_1455,0.223139200010876
2017_1388_1457,0.562016367919855
2017_1388_1458,0.447886318478413
2017_1388_1462,0.579422327694097
2017_1407_1411,0.513478196841472
2017_1407_1413,0.51416678520259
2017_1407_1417,0.0589129741788006
2017_1407_1423,0.156773495720296
2017_1407_1425,0.0869623391329571
2017_1407_1433,0.0976226488191012
2017_1407_1435,0.229594132025877
2017_1407_1436,0.105994119782049
2017_1407_1437,0.038893141450633
2017_1407_1438,0.0789239849335045
2017_1407_1439,0.0836199774947077
2017_1407_1448,0.151209043561729
2017_1407_1452,0.0365788921128343
2017_1407_1455,0.038224441624921
2017_1407_1457,0.150780680423957
2017_1407_1458,0.100918982967857
2017_1407_1462,0.160106196486798
2017_1411_1413,0.500689114687127
2017_1411_1417,0.055993357867465
2017_1411_1423,0.149775948926937
2017_1411_1425,0.0827749153107458
2017_1411_1433,0.0929741789433081
2017_1411_1435,0.220195025574148
2017_1411_1436,0.100991640650801
2017_1411_1437,0.0369267402503507
2017_1411_1438,0.0750917915057966
2017_1411_1439,0.0795794680410706
2017_1411_1448,0.144417327364868
2017_1411_1452,0.0347252697190843
2017_1411_1455,0.0362905726753172
2017_1411_1457,0.144004940313089
2017_1411_1458,0.0961302735030657
2017_1411_1462,0.152986883949602
2017_1413_1417,0.055847834794198
2017_1413_1423,0.149425271422696
2017_1413_1425,0.082565876470838
2017_1413_1433,0.0927419873368777
2017_1413_1435,0.219722081081477
2017_1413_1436,0.100741650292782
2017_1413_1437,0.0368288368456716
2017_1413_1438,0.0749005711022045
2017_1413_1439,0.079377800581833
2017_1413_1448,0.144077070170523
2017_1413_1452,0.0346329931515139
2017_1413_1455,0.0361942925454722
2017_1413_1457,0.14366549158245
2017_1413_1458,0.0958910332206366
2017_1413_1462,0.1526300381281
2017_1417_1423,0.748106831488238
2017_1417_1425,0.603404828741929
2017_1417_1433,0.633451134529383
2017_1417_1435,0.826406425675855
2017_1417_1436,0.654447219549569
2017_1417_1437,0.39262453168606
2017_1417_1438,0.57784103842119
2017_1417_1439,0.593107244557746
2017_1417_1448,0.739972305463704
2017_1417_1452,0.377530100404292
2017_1417_1455,0.388331361586474
2017_1417_1457,0.739328843464784
2017_1417_1458,0.641968708570525
2017_1417_1462,0.752787769348321
2017_1423_1425,0.338750262546131
2017_1423_1433,0.367841106104667
2017_1423_1435,0.615816606940009
2017_1423_1436,0.38938568711006
2017_1423_1437,0.178750772463908
2017_1423_1438,0.315479725353857
2017_1423_1439,0.329219966767055
2017_1423_1448,0.489322596055373
2017_1423_1452,0.169582972240824
2017_1423_1455,0.176118096905298
2017_1423_1457,0.488487635679078
2017_1423_1458,0.37645520263046
2017_1423_1462,0.506248527848909
2017_1425_1433,0.531801694676085
2017_1425_1435,0.7578076993758
2017_1425_1436,0.554525615428346
2017_1425_1437,0.298182917761868
2017_1425_1438,0.473585762165802
2017_1425_1439,0.489289962028807
2017_1425_1448,0.65161650337944
2017_1425_1452,0.285015508024051
2017_1425_1455,0.294421839760121
2017_1425_1457,0.650857560350295
2017_1425_1458,0.540969659185295
2017_1425_1462,0.666825907864127
2017_1433_1435,0.733669158334183
2017_1433_1436,0.522882635349644
2017_1433_1437,0.272228682445261
2017_1433_1438,0.441979022043593
2017_1433_1439,0.457546106089331
2017_1433_1448,0.62217107918056
2017_1433_1452,0.259783140244
2017_1433_1455,0.268669650150708
2017_1433_1457,0.621385261502621
2017_1433_1458,0.509215994757057
2017_1433_1462,0.637951740367435
2017_1435_1436,0.284606673723906
2017_1435_1437,0.119553698999436
2017_1435_1438,0.223314741127938
2017_1435_1439,0.234415516062882
2017_1435_1448,0.374128609780241
2017_1435_1452,0.113004238454795
2017_1435_1455,0.117667968982989
2017_1435_1457,0.373346508777417
2017_1435_1458,0.273596603234221
2017_1435_1462,0.390113829766682
2017_1436_1437,0.254464969276147
2017_1436_1438,0.41952377112088
2017_1436_1439,0.43491637450735
2017_1436_1448,0.600411281440666
2017_1436_1452,0.24256086528937
2017_1436_1455,0.251058059705875
2017_1436_1457,0.599609331517514
2017_1436_1458,0.486321821248537
2017_1436_1462,0.616540640078831
2017_1437_1438,0.679224516450243
2017_1437_1439,0.692773741837519
2017_1437_1448,0.814892281435815
2017_1437_1452,0.484067502605826
2017_1437_1455,0.495490548065838
2017_1437_1457,0.814387711478317
2017_1437_1458,0.735014003815887
2017_1437_1462,0.82488911058575
2017_1438_1439,0.515721990710133
2017_1438_1448,0.675223772461402
2017_1438_1452,0.307046892033213
2017_1438_1455,0.316858095944337
2017_1438_1457,0.67449056688087
2017_1438_1458,0.567093467561778
2017_1438_1462,0.68989303097107
2017_1439_1448,0.661278990114325
2017_1439_1452,0.293826696407321
2017_1439_1455,0.30340042535454
2017_1439_1457,0.660530130487467
2017_1439_1458,0.551589150643589
2017_1439_1462,0.676276127283362
2017_1448_1452,0.175683628644064
2017_1448_1455,0.18240221140773
2017_1448_1457,0.499164628881479
2017_1448_1458,0.38653389691527
2017_1448_1462,0.516921415937917
2017_1452_1455,0.511426329242483
2017_1452_1457,0.823831936298002
2017_1452_1458,0.747243427604579
2017_1452_1462,0.833907983207475
2017_1455_1457,0.817098938113027
2017_1455_1458,0.738512369042419
2017_1455_1462,0.827479438919077
2017_1457_1458,0.387326548433271
2017_1457_1462,0.517755783097711
2017_1458_1462,0.629393771172503
