"Id","pred"
"2017_1112_1116",0.713850572837014
"2017_1112_1124",0.435860838315598
"2017_1112_1137",0.977366045109812
"2017_1112_1139",0.516071595493604
"2017_1112_1153",0.586770170521144
"2017_1112_1166",0.634827516840407
"2017_1112_1173",0.841040268488895
"2017_1112_1181",0.437723730236068
"2017_1112_1190",0.960716244222507
"2017_1112_1195",0.952899005355496
"2017_1112_1196",0.631103878980058
"2017_1112_1199",0.578444055716426
"2017_1112_1211",0.492422121637828
"2017_1112_1233",0.996401081765494
"2017_1112_1235",0.529636911565528
"2017_1112_1240",0.998437156429606
"2017_1112_1242",0.311588934604822
"2017_1112_1243",0.856212081157064
"2017_1112_1245",0.991426961661769
"2017_1112_1246",0.205357120894318
"2017_1112_1257",0.314770046829232
"2017_1112_1266",0.817567062038614
"2017_1112_1268",0.708557395495327
"2017_1112_1274",0.720887765554466
"2017_1112_1276",0.677707728851275
"2017_1112_1277",0.823416271711889
"2017_1112_1278",0.553223951868343
"2017_1112_1291",0.97861910165011
"2017_1112_1292",0.841497502725789
"2017_1112_1297",0.984282308699657
"2017_1112_1300",0.993548140869664
"2017_1112_1305",0.867967048115312
"2017_1112_1308",0.946882886595939
"2017_1112_1309",0.979327959362179
"2017_1112_1314",0.346098711085046
"2017_1112_1315",0.968364022547368
"2017_1112_1321",0.751501683868888
"2017_1112_1323",0.582504189291952
"2017_1112_1329",0.725409648951234
"2017_1112_1332",0.41115159018818
"2017_1112_1343",0.961248419696272
"2017_1112_1344",0.847963263170993
"2017_1112_1345",0.636706549629983
"2017_1112_1348",0.872809435288677
"2017_1112_1355",0.992378401603271
"2017_1112_1371",0.793920510326819
"2017_1112_1374",0.610202998587024
"2017_1112_1376",0.789653190925041
"2017_1112_1388",0.788892259367392
"2017_1112_1407",0.995597986189836
"2017_1112_1411",0.993224719823861
"2017_1112_1413",0.976242763805579
"2017_1112_1417",0.507250222604999
"2017_1112_1423",0.966924983699792
"2017_1112_1425",0.745592949208645
"2017_1112_1433",0.88373136843039
"2017_1112_1435",0.830520699615517
"2017_1112_1436",0.966624557681781
"2017_1112_1437",0.219008525234039
"2017_1112_1438",0.667373452038249
"2017_1112_1439",0.76273697199658
"2017_1112_1448",0.872298064331299
"2017_1112_1452",0.523735982153363
"2017_1112_1455",0.481554475202693
"2017_1112_1457",0.982948907122028
"2017_1112_1458",0.438888128976983
"2017_1112_1462",0.69633480780333
"2017_1116_1124",0.166174491555154
"2017_1116_1137",0.917617092912255
"2017_1116_1139",0.215734473145711
"2017_1116_1153",0.268081420469113
"2017_1116_1166",0.309592671515294
"2017_1116_1173",0.577124647888786
"2017_1116_1181",0.167226408273899
"2017_1116_1190",0.863168559044882
"2017_1116_1195",0.839189107525946
"2017_1116_1196",0.306177230214513
"2017_1116_1199",0.26141664718824
"2017_1116_1211",0.200155678406917
"2017_1116_1233",0.986190717342594
"2017_1116_1235",0.225077010041827
"2017_1116_1240",0.99396830005377
"2017_1116_1242",0.104545487873638
"2017_1116_1243",0.605675658969134
"2017_1116_1245",0.967564081700198
"2017_1116_1246",0.0624941462932136
"2017_1116_1257",0.105938110676204
"2017_1116_1266",0.536172313004835
"2017_1116_1268",0.385416592599183
"2017_1116_1274",0.399838436411018
"2017_1116_1276",0.351659985961866
"2017_1116_1277",0.546033991519385
"2017_1116_1278",0.24208132221597
"2017_1116_1291",0.921913682849045
"2017_1116_1292",0.57796007584075
"2017_1116_1297",0.941701831645322
"2017_1116_1300",0.975443277600166
"2017_1116_1305",0.629038552321307
"2017_1116_1308",0.821371670322536
"2017_1116_1309",0.924357224502183
"2017_1116_1314",0.120125717156652
"2017_1116_1315",0.887584834543467
"2017_1116_1321",0.438224629959906
"2017_1116_1323",0.264648525833881
"2017_1116_1329",0.405270569511753
"2017_1116_1332",0.152617858534702
"2017_1116_1343",0.864836290115011
"2017_1116_1344",0.589937572450492
"2017_1116_1345",0.311329764363446
"2017_1116_1348",0.638999182723664
"2017_1116_1355",0.971086601716785
"2017_1116_1371",0.498428394274868
"2017_1116_1374",0.287646449371157
"2017_1116_1376",0.491957791032028
"2017_1116_1388",0.490814362483688
"2017_1116_1407",0.983147723028427
"2017_1116_1411",0.974235824205741
"2017_1116_1413",0.913790133691583
"2017_1116_1417",0.209820969946404
"2017_1116_1423",0.882915633330406
"2017_1116_1425",0.430511743428728
"2017_1116_1433",0.662228719181116
"2017_1116_1435",0.55831200974377
"2017_1116_1436",0.88194530164711
"2017_1116_1437",0.0674547044470465
"2017_1116_1438",0.341036549503117
"2017_1116_1439",0.453320351534064
"2017_1116_1448",0.637937724941917
"2017_1116_1452",0.220975187841494
"2017_1116_1455",0.19328207551725
"2017_1116_1457",0.936987393700553
"2017_1116_1458",0.167886098148725
"2017_1116_1462",0.371659761891445
"2017_1124_1137",0.966630982149458
"2017_1124_1139",0.417045806441675
"2017_1124_1153",0.487854439586055
"2017_1124_1166",0.538365054144626
"2017_1124_1173",0.780188902965398
"2017_1124_1181",0.343073723350374
"2017_1124_1190",0.942548535252451
"2017_1124_1195",0.931374273255671
"2017_1124_1196",0.534379242234845
"2017_1124_1199",0.47930389571531
"2017_1124_1211",0.394237393870483
"2017_1124_1233",0.994644681946171
"2017_1124_1235",0.430322787450496
"2017_1124_1240",0.997672111780745
"2017_1124_1242",0.232915288493053
"2017_1124_1243",0.799786030902942
"2017_1124_1245",0.987274019207719
"2017_1124_1246",0.147749355421911
"2017_1124_1257",0.235568045405884
"2017_1124_1266",0.750396711696537
"2017_1124_1268",0.61991015354435
"2017_1124_1274",0.634054013268528
"2017_1124_1276",0.585170635392505
"2017_1124_1277",0.757761449707975
"2017_1124_1278",0.45375364681757
"2017_1124_1291",0.968459171917459
"2017_1124_1292",0.780775546930087
"2017_1124_1297",0.976749526626524
"2017_1124_1300",0.990412801465642
"2017_1124_1305",0.815158088197033
"2017_1124_1308",0.92283148942504
"2017_1124_1309",0.969494369737628
"2017_1124_1314",0.262028203184399
"2017_1124_1315",0.953562249337294
"2017_1124_1321",0.669830004349879
"2017_1124_1323",0.4834662258176
"2017_1124_1329",0.639278750038243
"2017_1124_1332",0.318987686008722
"2017_1124_1343",0.943312305646399
"2017_1124_1344",0.789097516730256
"2017_1124_1345",0.54038107865607
"2017_1124_1348",0.821539053900486
"2017_1124_1355",0.988681092766555
"2017_1124_1371",0.721014671490618
"2017_1124_1374",0.512233684547137
"2017_1124_1376",0.715778139263292
"2017_1124_1388",0.71484646901435
"2017_1124_1407",0.993452222828321
"2017_1124_1411",0.989933803403859
"2017_1124_1413",0.964994021258459
"2017_1124_1417",0.408488306983484
"2017_1124_1423",0.951483649046218
"2017_1124_1425",0.662850534110077
"2017_1124_1433",0.836036543283648
"2017_1124_1435",0.766759122143598
"2017_1124_1436",0.951050067130756
"2017_1124_1437",0.158334249585174
"2017_1124_1438",0.573735469641471
"2017_1124_1439",0.683201261132269
"2017_1124_1448",0.820863856782694
"2017_1124_1452",0.424529678733029
"2017_1124_1455",0.383897753747148
"2017_1124_1457",0.974793450882196
"2017_1124_1458",0.34414044346802
"2017_1124_1462",0.606036930279283
"2017_1137_1139",0.0418634071260146
"2017_1137_1153",0.0549789149212458
"2017_1137_1166",0.0664898059504976
"2017_1137_1173",0.178154957328021
"2017_1137_1181",0.0309095686335533
"2017_1137_1190",0.50049530532152
"2017_1137_1195",0.453219230623185
"2017_1137_1196",0.0655018419482501
"2017_1137_1199",0.0532268053282032
"2017_1137_1211",0.0382283151905423
"2017_1137_1233",0.918984575930878
"2017_1137_1235",0.0440997268011111
"2017_1137_1240",0.963201213727439
"2017_1137_1242",0.0182067540742705
"2017_1137_1243",0.196122394118562
"2017_1137_1245",0.825726298654326
"2017_1137_1246",0.0104771198918221
"2017_1137_1257",0.0184730076193067
"2017_1137_1266",0.155127746600526
"2017_1137_1268",0.0905861613878968
"2017_1137_1274",0.0956935591611296
"2017_1137_1276",0.0793194708775947
"2017_1137_1277",0.160404692089616
"2017_1137_1278",0.0482833147630821
"2017_1137_1291",0.652207743205061
"2017_1137_1292",0.178656847158018
"2017_1137_1297",0.719551716148969
"2017_1137_1300",0.863188309528234
"2017_1137_1305",0.212188376943995
"2017_1137_1308",0.422087332191158
"2017_1137_1309",0.659978343311674
"2017_1137_1314",0.0212250602619501
"2017_1137_1315",0.556365961112929
"2017_1137_1321",0.110244174561685
"2017_1137_1323",0.0540732814869824
"2017_1137_1329",0.0976660565381573
"2017_1137_1332",0.0278116765889961
"2017_1137_1343",0.504043552387274
"2017_1137_1344",0.186006366086204
"2017_1137_1345",0.066995234738499
"2017_1137_1348",0.219453148202926
"2017_1137_1355",0.842139188020813
"2017_1137_1371",0.136323751827728
"2017_1137_1374",0.0602720926085913
"2017_1137_1376",0.133304633008205
"2017_1137_1388",0.132776940286369
"2017_1137_1407",0.902594845792997
"2017_1137_1411",0.857268930168329
"2017_1137_1413",0.627366922859877
"2017_1137_1417",0.0404699521585355
"2017_1137_1423",0.544991955665401
"2017_1137_1425",0.107202280333755
"2017_1137_1433",0.23746340991371
"2017_1137_1435",0.167205304475229
"2017_1137_1436",0.542671699695746
"2017_1137_1437",0.0113587814330177
"2017_1137_1438",0.075959375411691
"2017_1137_1439",0.116382419098266
"2017_1137_1448",0.218666469443423
"2017_1137_1452",0.0431125585996455
"2017_1137_1455",0.0366606284538473
"2017_1137_1457",0.702546998121941
"2017_1137_1458",0.03105155472138
"2017_1137_1462",0.0858822719942246
"2017_1139_1153",0.46006441348876
"2017_1139_1166",0.510566154820063
"2017_1139_1173",0.760473281343225
"2017_1139_1181",0.318403590349178
"2017_1139_1190",0.936204744575863
"2017_1139_1195",0.923896245721779
"2017_1139_1196",0.506560313853145
"2017_1139_1199",0.451571478024759
"2017_1139_1211",0.367948834156944
"2017_1139_1233",0.994016831932322
"2017_1139_1235",0.403229713881506
"2017_1139_1240",0.997398265005091
"2017_1139_1242",0.213591013688318
"2017_1139_1243",0.781335501416013
"2017_1139_1245",0.985794384519699
"2017_1139_1246",0.134254362927982
"2017_1139_1257",0.216085678499495
"2017_1139_1266",0.728937320857596
"2017_1139_1268",0.593312304068532
"2017_1139_1274",0.607819760153672
"2017_1139_1276",0.557875594167502
"2017_1139_1277",0.736713076378609
"2017_1139_1278",0.426289263840529
"2017_1139_1291",0.964869797983726
"2017_1139_1292",0.76109643111542
"2017_1139_1297",0.974078350090698
"2017_1139_1300",0.989294151886347
"2017_1139_1305",0.797765955058352
"2017_1139_1308",0.914508017173018
"2017_1139_1309",0.966018668628829
"2017_1139_1314",0.241047533006177
"2017_1139_1315",0.948367974131608
"2017_1139_1321",0.644723402265489
"2017_1139_1323",0.455703747969802
"2017_1139_1329",0.613190551990603
"2017_1139_1332",0.295271067901074
"2017_1139_1343",0.937047217729193
"2017_1139_1344",0.76994532500639
"2017_1139_1345",0.512593670558937
"2017_1139_1348",0.804603400551336
"2017_1139_1355",0.987362962799145
"2017_1139_1371",0.698045670649554
"2017_1139_1374",0.484368337749052
"2017_1139_1376",0.692561842880972
"2017_1139_1388",0.691586861157342
"2017_1139_1407",0.992685598647275
"2017_1139_1411",0.988759897861857
"2017_1139_1413",0.961026179496294
"2017_1139_1417",0.381848485657164
"2017_1139_1423",0.946070022273679
"2017_1139_1425",0.63750042373132
"2017_1139_1433",0.820175535531336
"2017_1139_1435",0.746230740928617
"2017_1139_1436",0.945590826321034
"2017_1139_1437",0.144035858207667
"2017_1139_1438",0.54627141991769
"2017_1139_1439",0.65859318960986
"2017_1139_1448",0.80387942455184
"2017_1139_1452",0.397546810936995
"2017_1139_1455",0.357891316820843
"2017_1139_1457",0.97190401096422
"2017_1139_1458",0.319430902347309
"2017_1139_1462",0.57912737574266
"2017_1153_1166",0.629652543339606
"2017_1153_1173",0.838042058414643
"2017_1153_1181",0.432253602099792
"2017_1153_1190",0.959867584772357
"2017_1153_1195",0.95188992458077
"2017_1153_1196",0.625907232396204
"2017_1153_1199",0.573007490025281
"2017_1153_1211",0.486860311209289
"2017_1153_1233",0.996320380542243
"2017_1153_1235",0.524088774084523
"2017_1153_1240",0.998402038403848
"2017_1153_1242",0.306834906650471
"2017_1153_1243",0.853450170086821
"2017_1153_1245",0.991235703126296
"2017_1153_1246",0.201748906709228
"2017_1153_1257",0.309989338807883
"2017_1153_1266",0.814223909236621
"2017_1153_1268",0.703939992269089
"2017_1153_1274",0.716387522089375
"2017_1153_1276",0.67282724830724
"2017_1153_1277",0.820156729135849
"2017_1153_1278",0.547716448274259
"2017_1153_1291",0.978148406390954
"2017_1153_1292",0.838506260779044
"2017_1153_1297",0.983934240815922
"2017_1153_1300",0.993403889529664
"2017_1153_1305",0.865395432493507
"2017_1153_1308",0.945752255371873
"2017_1153_1309",0.978872532528146
"2017_1153_1314",0.341079027605418
"2017_1153_1315",0.967675021452956
"2017_1153_1321",0.74732202960954
"2017_1153_1323",0.577081701916761
"2017_1153_1329",0.720954091919878
"2017_1153_1332",0.405773888260119
"2017_1153_1343",0.960410783243297
"2017_1153_1344",0.84507157699811
"2017_1153_1345",0.631542749248731
"2017_1153_1348",0.870318043626528
"2017_1153_1355",0.992208202214009
"2017_1153_1371",0.790255195752461
"2017_1153_1374",0.604896250039579
"2017_1153_1376",0.785932442827044
"2017_1153_1388",0.785161713401904
"2017_1153_1407",0.995499357898676
"2017_1153_1411",0.993073287815231
"2017_1153_1413",0.975721051939773
"2017_1153_1417",0.50168646824597
"2017_1153_1423",0.966205735469999
"2017_1153_1425",0.74134811770056
"2017_1153_1433",0.881424849757087
"2017_1153_1435",0.827364802564793
"2017_1153_1436",0.965899006801832
"2017_1153_1437",0.215225415217776
"2017_1153_1438",0.662414432510556
"2017_1153_1439",0.758685610099809
"2017_1153_1448",0.869798150245506
"2017_1153_1452",0.518181560445557
"2017_1153_1455",0.476000301201898
"2017_1153_1457",0.98257183393269
"2017_1153_1458",0.433414666016752
"2017_1153_1462",0.691608041061175
"2017_1166_1173",0.751211535658809
"2017_1166_1181",0.30761147773731
"2017_1166_1190",0.933140579946233
"2017_1166_1195",0.92029122305344
"2017_1166_1196",0.494013047045533
"2017_1166_1199",0.43917400152273
"2017_1166_1211",0.356355396913298
"2017_1166_1233",0.993710799220815
"2017_1166_1235",0.39121269432683
"2017_1166_1240",0.997264713081045
"2017_1166_1242",0.205281512675609
"2017_1166_1243",0.772639257993924
"2017_1166_1245",0.985074097492931
"2017_1166_1246",0.128526916466285
"2017_1166_1257",0.207704758718361
"2017_1166_1266",0.718906903162479
"2017_1166_1268",0.581146980702186
"2017_1166_1274",0.595792753187443
"2017_1166_1276",0.545462332990042
"2017_1166_1277",0.726862577227138
"2017_1166_1278",0.414061843919764
"2017_1166_1291",0.963128226133958
"2017_1166_1292",0.751850918186139
"2017_1166_1297",0.972780411647019
"2017_1166_1300",0.988749293171146
"2017_1166_1305",0.789547144430829
"2017_1166_1308",0.910501355930401
"2017_1166_1309",0.96433194634384
"2017_1166_1314",0.231984969502986
"2017_1166_1315",0.945854236092531
"2017_1166_1321",0.633145057939905
"2017_1166_1323",0.443284521433833
"2017_1166_1329",0.601220190425168
"2017_1166_1332",0.284935248376461
"2017_1166_1343",0.934020666336329
"2017_1166_1344",0.760934696423361
"2017_1166_1345",0.50004840527252
"2017_1166_1348",0.796591614012577
"2017_1166_1355",0.986721138235359
"2017_1166_1371",0.687362413567427
"2017_1166_1374",0.471845126985674
"2017_1166_1376",0.681773016237973
"2017_1166_1388",0.680779590283395
"2017_1166_1407",0.992312001398579
"2017_1166_1411",0.988188173697965
"2017_1166_1413",0.959102137806781
"2017_1166_1417",0.370073521638736
"2017_1166_1423",0.943451077959635
"2017_1166_1425",0.625823300321782
"2017_1166_1433",0.81265357819487
"2017_1166_1435",0.73660902161313
"2017_1166_1436",0.942950014592724
"2017_1166_1437",0.137957617492428
"2017_1166_1438",0.533804616826832
"2017_1166_1439",0.647219524707873
"2017_1166_1448",0.795845485106457
"2017_1166_1452",0.385589723721731
"2017_1166_1455",0.346441077553625
"2017_1166_1457",0.970500497041418
"2017_1166_1458",0.308619735775406
"2017_1166_1462",0.566847511638719
"2017_1173_1181",0.165970268919384
"2017_1173_1190",0.862096490984106
"2017_1173_1195",0.837964430343966
"2017_1173_1196",0.304258684678003
"2017_1173_1199",0.259673604988503
"2017_1173_1211",0.198711208791175
"2017_1173_1233",0.986066963666718
"2017_1173_1235",0.223502946074622
"2017_1173_1240",0.993913816047238
"2017_1173_1242",0.103701552160023
"2017_1173_1243",0.603512837467187
"2017_1173_1245",0.967278941460398
"2017_1173_1246",0.0619661762689659
"2017_1173_1257",0.105084252381997
"2017_1173_1266",0.533921627767726
"2017_1173_1268",0.383275808750957
"2017_1173_1274",0.397669379685565
"2017_1173_1276",0.34960004447143
"2017_1173_1277",0.543790442897856
"2017_1173_1278",0.240425234871062
"2017_1173_1291",0.921259893735039
"2017_1173_1292",0.575751718450304
"2017_1173_1297",0.941203155189488
"2017_1173_1300",0.975225628895613
"2017_1173_1305",0.62692494207326
"2017_1173_1308",0.820040400259384
"2017_1173_1309",0.923722201557664
"2017_1173_1314",0.119172749495196
"2017_1173_1315",0.886678952016053
"2017_1173_1321",0.435998613443341
"2017_1173_1323",0.262891604709773
"2017_1173_1329",0.403091836504478
"2017_1173_1332",0.151451496284294
"2017_1173_1343",0.863775226487789
"2017_1173_1344",0.587747184129033
"2017_1173_1345",0.309393329739333
"2017_1173_1348",0.636909566473345
"2017_1173_1355",0.970831494012265
"2017_1173_1371",0.496166662480345
"2017_1173_1374",0.285796190019299
"2017_1173_1376",0.489696754387195
"2017_1173_1388",0.488553527430001
"2017_1173_1407",0.982997169327708
"2017_1173_1411",0.974007758886128
"2017_1173_1413",0.913074742018787
"2017_1173_1417",0.20832491585923
"2017_1173_1423",0.881977127848597
"2017_1173_1425",0.428295035914349
"2017_1173_1433",0.660202062535046
"2017_1173_1435",0.556079808752702
"2017_1173_1436",0.881000066641337
"2017_1173_1437",0.0668878160974666
"2017_1173_1438",0.339006298777633
"2017_1173_1439",0.451079225337105
"2017_1173_1448",0.635845465990409
"2017_1173_1452",0.219421687259332
"2017_1173_1455",0.191875311072121
"2017_1173_1457",0.936451111809094
"2017_1173_1458",0.166625994952533
"2017_1173_1462",0.369549443399387
"2017_1181_1190",0.962606468935397
"2017_1181_1195",0.955147813070367
"2017_1181_1196",0.642959918753508
"2017_1181_1199",0.590895436420267
"2017_1181_1211",0.505241087950982
"2017_1181_1233",0.996580363466451
"2017_1181_1235",0.542389434489927
"2017_1181_1240",0.998515161320265
"2017_1181_1242",0.32269318627751
"2017_1181_1243",0.86241060311207
"2017_1181_1245",0.991852005084372
"2017_1181_1246",0.213851587901134
"2017_1181_1257",0.325933990891152
"2017_1181_1266",0.825091202024852
"2017_1181_1268",0.719032374051927
"2017_1181_1274",0.731087762613174
"2017_1181_1276",0.688804523257199
"2017_1181_1277",0.830749112004558
"2017_1181_1278",0.565861168575445
"2017_1181_1291",0.979666123386492
"2017_1181_1292",0.848217903958669
"2017_1181_1297",0.985056238267431
"2017_1181_1300",0.993868668545729
"2017_1181_1305",0.873733557558103
"2017_1181_1308",0.949403678726655
"2017_1181_1309",0.980340965693105
"2017_1181_1314",0.357793608876376
"2017_1181_1315",0.96989778776465
"2017_1181_1321",0.760953895866643
"2017_1181_1323",0.594919628232412
"2017_1181_1329",0.735505026747393
"2017_1181_1332",0.423620607969933
"2017_1181_1343",0.963114020764142
"2017_1181_1344",0.854456935608206
"2017_1181_1345",0.648482818170114
"2017_1181_1348",0.878394085243982
"2017_1181_1355",0.992756618137186
"2017_1181_1371",0.80218394108446
"2017_1181_1374",0.622328788628196
"2017_1181_1376",0.798044206669422
"2017_1181_1388",0.797305838046996
"2017_1181_1407",0.99581710650389
"2017_1181_1411",0.993561210895909
"2017_1181_1413",0.977403467721146
"2017_1181_1417",0.520059696515527
"2017_1181_1423",0.968526248366219
"2017_1181_1425",0.755196700079144
"2017_1181_1433",0.888897505286801
"2017_1181_1435",0.837616700300468
"2017_1181_1436",0.968239889170425
"2017_1181_1437",0.227905721690568
"2017_1181_1438",0.678657349310041
"2017_1181_1439",0.771891543266334
"2017_1181_1448",0.877902026441439
"2017_1181_1452",0.536508485500973
"2017_1181_1455",0.494366077575156
"2017_1181_1457",0.983787411123423
"2017_1181_1458",0.451553272313342
"2017_1181_1462",0.707067471724763
"2017_1190_1195",0.628641491660729
"2017_1190_1196",0.125223726607537
"2017_1190_1199",0.102990263651354
"2017_1190_1211",0.0750812221938583
"2017_1190_1233",0.958619915907183
"2017_1190_1235",0.0861060526162402
"2017_1190_1240",0.98163661843547
"2017_1190_1242",0.0364907621932694
"2017_1190_1243",0.332556954256134
"2017_1190_1245",0.906336449093141
"2017_1190_1246",0.0211660426203712
"2017_1190_1257",0.0370143184932851
"2017_1190_1266",0.272718930739615
"2017_1190_1268",0.169041778419617
"2017_1190_1274",0.177708247451901
"2017_1190_1276",0.149622578945399
"2017_1190_1277",0.280667122147885
"2017_1190_1278",0.0938832507060938
"2017_1190_1291",0.792953795161989
"2017_1190_1292",0.307590348077063
"2017_1190_1297",0.839741267399777
"2017_1190_1300",0.927981755442668
"2017_1190_1305",0.354865637501083
"2017_1190_1308",0.598652738658176
"2017_1190_1309",0.798551047991383
"2017_1190_1314",0.0424092506293723
"2017_1190_1315",0.719198921747101
"2017_1190_1321",0.201944663752039
"2017_1190_1323",0.104540753162911
"2017_1190_1329",0.18103285582751
"2017_1190_1332",0.0551990564422936
"2017_1190_1343",0.674857879376078
"2017_1190_1344",0.318189103731377
"2017_1190_1345",0.127892387412897
"2017_1190_1348",0.364753616292906
"2017_1190_1355",0.915930509613592
"2017_1190_1371",0.243773720218759
"2017_1190_1374",0.115816660676349
"2017_1190_1376",0.23903354277572
"2017_1190_1388",0.238202346627302
"2017_1190_1407",0.949810651436824
"2017_1190_1411",0.924620959487433
"2017_1190_1413",0.774692933079096
"2017_1190_1417",0.0793056544717577
"2017_1190_1423",0.709822289509757
"2017_1190_1425",0.196932563093375
"2017_1190_1433",0.388749479021079
"2017_1190_1435",0.290800470768866
"2017_1190_1436",0.707892052065349
"2017_1190_1437",0.02292634889954
"2017_1190_1438",0.143749324632043
"2017_1190_1439",0.211972288177681
"2017_1190_1448",0.363688766518408
"2017_1190_1452",0.084261463785812
"2017_1190_1455",0.0721155712319533
"2017_1190_1457",0.828285009782961
"2017_1190_1458",0.0614277960598037
"2017_1190_1462",0.160985084820434
"2017_1195_1196",0.095430557118992
"2017_1195_1199",0.0780151114674165
"2017_1195_1211",0.0564481146450589
"2017_1195_1233",0.944668982120805
"2017_1195_1235",0.0649289539481159
"2017_1195_1240",0.975245178336569
"2017_1195_1242",0.0271535896169122
"2017_1195_1243",0.268580407604992
"2017_1195_1245",0.877019934502229
"2017_1195_1246",0.0156862846980991
"2017_1195_1257",0.0275470096690923
"2017_1195_1266",0.216519537480509
"2017_1195_1268",0.13037721286351
"2017_1195_1274",0.137389162768203
"2017_1195_1276",0.114786160246219
"2017_1195_1277",0.223332800831373
"2017_1195_1278",0.0709418903044076
"2017_1195_1291",0.738392250458051
"2017_1195_1292",0.246641948204142
"2017_1195_1297",0.794311075144077
"2017_1195_1300",0.904728014892306
"2017_1195_1305",0.288452159748333
"2017_1195_1308",0.523647500916775
"2017_1195_1309",0.744990156177703
"2017_1195_1314",0.0316073480956813
"2017_1195_1315",0.653689669021465
"2017_1195_1321",0.157177816482719
"2017_1195_1323",0.0792228143997385
"2017_1195_1329",0.140087976618436
"2017_1195_1332",0.0412799409444604
"2017_1195_1343",0.604690011295117
"2017_1195_1344",0.255916793702345
"2017_1195_1345",0.097535083927208
"2017_1195_1348",0.297342509618787
"2017_1195_1355",0.889249974892152
"2017_1195_1371",0.191964698712262
"2017_1195_1374",0.0880363738166578
"2017_1195_1376",0.187981522831783
"2017_1195_1388",0.187284159783736
"2017_1195_1407",0.933097027823731
"2017_1195_1411",0.90039853353335
"2017_1195_1413",0.717036431295858
"2017_1195_1417",0.0596918185139901
"2017_1195_1423",0.643210732518971
"2017_1195_1425",0.153063692373022
"2017_1195_1433",0.319131531985023
"2017_1195_1435",0.232063933379528
"2017_1195_1436",0.641061461900713
"2017_1195_1437",0.0169987729448464
"2017_1195_1438",0.110103314408424
"2017_1195_1439",0.165443356966118
"2017_1195_1448",0.296382639005463
"2017_1195_1452",0.0635065020921951
"2017_1195_1455",0.0541753477948466
"2017_1195_1457",0.780456259796063
"2017_1195_1458",0.0460145231810783
"2017_1195_1462",0.123888565772416
"2017_1196_1199",0.464506145161408
"2017_1196_1211",0.3801485389732
"2017_1196_1233",0.994318897105497
"2017_1196_1235",0.4158295919756
"2017_1196_1240",0.997530039937383
"2017_1196_1242",0.222474266271495
"2017_1196_1243",0.790107697516252
"2017_1196_1245",0.986505931395187
"2017_1196_1246",0.140427207345076
"2017_1196_1257",0.225042993667868
"2017_1196_1266",0.739109696435893
"2017_1196_1268",0.605822090597775
"2017_1196_1274",0.620168979576556
"2017_1196_1276",0.570686681344439
"2017_1196_1277",0.746695047779003
"2017_1196_1278",0.439079540494188
"2017_1196_1291",0.966593921864448
"2017_1196_1292",0.770442013173469
"2017_1196_1297",0.975362075881
"2017_1196_1300",0.989832206572691
"2017_1196_1305",0.806042632713658
"2017_1196_1308",0.918495014581866
"2017_1196_1309",0.967688296320052
"2017_1196_1314",0.250708657268879
"2017_1196_1315",0.950860730518834
"2017_1196_1321",0.656567160073613
"2017_1196_1323",0.468655631918214
"2017_1196_1329",0.625474859856178
"2017_1196_1332",0.306228570143616
"2017_1196_1343",0.940051983055944
"2017_1196_1344",0.77904524352423
"2017_1196_1345",0.5256010911408
"2017_1196_1348",0.812665958134079
"2017_1196_1355",0.987996897616518
"2017_1196_1371",0.708914401141554
"2017_1196_1374",0.497390429840116
"2017_1196_1376",0.703544132018554
"2017_1196_1388",0.702589022037694
"2017_1196_1407",0.993054402618156
"2017_1196_1411",0.989324513350918
"2017_1196_1413",0.962931693839331
"2017_1196_1417",0.394221602576251
"2017_1196_1423",0.948667717061691
"2017_1196_1425",0.649454050543969
"2017_1196_1433",0.827733117521604
"2017_1196_1435",0.755971395326991
"2017_1196_1436",0.948210339435509
"2017_1196_1437",0.150580219347205
"2017_1196_1438",0.559153043045338
"2017_1196_1439",0.670211087321718
"2017_1196_1448",0.811964873901108
"2017_1196_1452",0.410091140488608
"2017_1196_1455",0.36995273989023
"2017_1196_1457",0.973292464804506
"2017_1196_1458",0.330864043315204
"2017_1196_1462",0.591773277038634
"2017_1199_1211",0.438255682327228
"2017_1199_1233",0.995528661402885
"2017_1199_1235",0.475209419887958
"2017_1199_1240",0.998057342358481
"2017_1199_1242",0.266856223159788
"2017_1199_1243",0.827248102203534
"2017_1199_1245",0.989361629657622
"2017_1199_1246",0.172063515121662
"2017_1199_1257",0.269759602721319
"2017_1199_1266",0.782793398126958
"2017_1199_1268",0.661605594662721
"2017_1199_1274",0.675011298888018
"2017_1199_1276",0.628392512962974
"2017_1199_1277",0.789470428949236
"2017_1199_1278",0.498943743137456
"2017_1199_1291",0.973550542747691
"2017_1199_1292",0.810226445157879
"2017_1199_1297",0.980529559927396
"2017_1199_1300",0.991989693707881
"2017_1199_1305",0.840931028303215
"2017_1199_1308",0.934792237720111
"2017_1199_1309",0.974423050470721
"2017_1199_1314",0.29856033438468
"2017_1199_1315",0.960961372247105
"2017_1199_1321",0.708623251941717
"2017_1199_1323",0.528751097451582
"2017_1199_1329",0.679946446284563
"2017_1199_1332",0.359591572533569
"2017_1199_1343",0.95226283588943
"2017_1199_1344",0.817691476355763
"2017_1199_1345",0.584959738729995
"2017_1199_1348",0.846589722314311
"2017_1199_1355",0.990540094074452
"2017_1199_1371",0.755984828345669
"2017_1199_1374",0.557305863404114
"2017_1199_1376",0.751178164287466
"2017_1199_1388",0.750322057035318
"2017_1199_1407",0.994531954320797
"2017_1199_1411",0.991588811648085
"2017_1199_1413",0.970627777811772
"2017_1199_1417",0.452908103073051
"2017_1199_1423",0.959199793350693
"2017_1199_1425",0.702099122523882
"2017_1199_1433",0.859400467385539
"2017_1199_1435",0.797604891848576
"2017_1199_1436",0.958832185636268
"2017_1199_1437",0.184014196401161
"2017_1199_1438",0.617369734886504
"2017_1199_1439",0.721077654383842
"2017_1199_1448",0.845991535647306
"2017_1199_1452",0.4693098483347
"2017_1199_1455",0.427576454272004
"2017_1199_1457",0.978884625687216
"2017_1199_1458",0.386130677333755
"2017_1199_1462",0.648391049993816
"2017_1211_1233",0.999260439240606
"2017_1211_1235",0.846041391870244
"2017_1211_1240",0.99967936355927
"2017_1211_1242",0.688367101647066
"2017_1211_1243",0.96673364215525
"2017_1211_1245",0.998231265751846
"2017_1211_1246",0.557754917057794
"2017_1211_1257",0.6915307817613
"2017_1211_1266",0.956275941010377
"2017_1211_1268",0.922269208570204
"2017_1211_1274",0.926495816550523
"2017_1211_1276",0.9112064138142
"2017_1211_1277",0.957906806802156
"2017_1211_1278",0.858015365089387
"2017_1211_1291",0.995543132557191
"2017_1211_1292",0.962838428668904
"2017_1211_1297",0.996738572587772
"2017_1211_1300",0.998671150363919
"2017_1211_1305",0.96977222283739
"2017_1211_1308",0.988635980075877
"2017_1211_1309",0.995693363812547
"2017_1211_1314",0.720907052683491
"2017_1211_1315",0.993350294487601
"2017_1211_1321",0.936543129440164
"2017_1211_1323",0.871944229651584
"2017_1211_1329",0.928019259532645
"2017_1211_1332",0.773116121341604
"2017_1211_1343",0.991807086636887
"2017_1211_1344",0.964562800985037
"2017_1211_1345",0.895322115020579
"2017_1211_1348",0.971005570964535
"2017_1211_1355",0.998428757510083
"2017_1211_1371",0.949497933594767
"2017_1211_1374",0.88425574997566
"2017_1211_1376",0.948242156974171
"2017_1211_1388",0.948017156031046
"2017_1211_1407",0.999094827235931
"2017_1211_1411",0.998604176539286
"2017_1211_1413",0.995038245893542
"2017_1211_1417",0.83399377437368
"2017_1211_1423",0.99303964726169
"2017_1211_1425",0.934651667178043
"2017_1211_1433",0.973748950603301
"2017_1211_1435",0.959864071562369
"2017_1211_1436",0.992974701758862
"2017_1211_1437",0.577798900604714
"2017_1211_1438",0.90733552422165
"2017_1211_1439",0.940079266507674
"2017_1211_1448",0.970875824807592
"2017_1211_1452",0.842932742971078
"2017_1211_1455",0.819265947387788
"2017_1211_1457",0.996458088634732
"2017_1211_1458",0.792411319038759
"2017_1211_1462",0.917971723162037
"2017_1233_1235",0.0022823487812324
"2017_1233_1240",0.564816282467982
"2017_1233_1242",0.000918680225914433
"2017_1233_1243",0.0119527004311694
"2017_1233_1245",0.190243471920557
"2017_1233_1246",0.000524733955080686
"2017_1233_1257",0.000932354991441586
"2017_1233_1266",0.00902221966916216
"2017_1233_1268",0.00491486485543357
"2017_1233_1274",0.00521969713931994
"2017_1233_1276",0.00425373645277669
"2017_1233_1277",0.00938433066378798
"2017_1233_1278",0.00250928102047751
"2017_1233_1291",0.0850751115734895
"2017_1233_1292",0.0106705548684414
"2017_1233_1297",0.112862855464477
"2017_1233_1300",0.238297198794413
"2017_1233_1305",0.0131791849331532
"2017_1233_1308",0.0349495171427033
"2017_1233_1309",0.087794412592734
"2017_1233_1314",0.00107411406101542
"2017_1233_1315",0.0585445545751718
"2017_1233_1321",0.00610626721947943
"2017_1233_1323",0.00282648712254273
"2017_1233_1329",0.00533829780679592
"2017_1233_1332",0.00141648573606004
"2017_1233_1343",0.0479759398253404
"2017_1233_1344",0.0112037817543234
"2017_1233_1345",0.00354786867030065
"2017_1233_1348",0.0137493193327219
"2017_1233_1355",0.209186884563592
"2017_1233_1371",0.00776579268901392
"2017_1233_1374",0.00317019665611191
"2017_1233_1376",0.00756885520829717
"2017_1233_1388",0.00753456653905852
"2017_1233_1407",0.314822144576195
"2017_1233_1411",0.229475391769879
"2017_1233_1413",0.0770494742652968
"2017_1233_1417",0.00208697787696215
"2017_1233_1423",0.0560616275666442
"2017_1233_1425",0.00591866709997206
"2017_1233_1433",0.0152066021604371
"2017_1233_1435",0.00985736652551574
"2017_1233_1436",0.0555687332753911
"2017_1233_1437",0.000569372814792214
"2017_1233_1438",0.00405952058641186
"2017_1233_1439",0.00648853955910853
"2017_1233_1448",0.0136871014743576
"2017_1233_1452",0.00222907576819487
"2017_1233_1455",0.00188344480738742
"2017_1233_1457",0.10483605101571
"2017_1233_1458",0.00158651492281213
"2017_1233_1462",0.00463696635637187
"2017_1235_1240",0.997474802391406
"2017_1235_1242",0.218662454025607
"2017_1235_1243",0.78640697620978
"2017_1235_1245",0.986207562357502
"2017_1235_1246",0.137772073811983
"2017_1235_1257",0.221199690574055
"2017_1235_1266",0.734811597072015
"2017_1235_1268",0.60051497393874
"2017_1235_1274",0.614932249233515
"2017_1235_1276",0.565245986592878
"2017_1235_1277",0.742478374027832
"2017_1235_1278",0.433626241018176
"2017_1235_1291",0.965870507864336
"2017_1235_1292",0.766497027830906
"2017_1235_1297",0.974823592064229
"2017_1235_1300",0.989606610355388
"2017_1235_1305",0.802552657608166
"2017_1235_1308",0.916819645116272
"2017_1235_1309",0.966987771784386
"2017_1235_1314",0.246566493316914
"2017_1235_1315",0.949814301170198
"2017_1235_1321",0.651550296636567
"2017_1235_1323",0.463138297756756
"2017_1235_1329",0.620266490133364
"2017_1235_1332",0.301538262276555
"2017_1235_1343",0.938790196550204
"2017_1235_1344",0.775204967742222
"2017_1235_1345",0.520069531440566
"2017_1235_1348",0.809266959233141
"2017_1235_1355",0.987731085518166
"2017_1235_1371",0.704317851790236
"2017_1235_1374",0.491847949892033
"2017_1235_1376",0.698898798967034
"2017_1235_1388",0.697935148512065
"2017_1235_1407",0.992899785514726
"2017_1235_1411",0.989087776956956
"2017_1235_1413",0.962132080651162
"2017_1235_1417",0.38893912183242
"2017_1235_1423",0.947577161804478
"2017_1235_1425",0.644389557736641
"2017_1235_1433",0.82454847639562
"2017_1235_1435",0.751857824571323
"2017_1235_1436",0.947110608917008
"2017_1235_1437",0.147766117926413
"2017_1235_1438",0.553680494998795
"2017_1235_1439",0.665291928813821
"2017_1235_1448",0.808556151125415
"2017_1235_1452",0.404738087952524
"2017_1235_1455",0.364799622700214
"2017_1235_1457",0.972710013385854
"2017_1235_1458",0.325973698976229
"2017_1235_1462",0.586406142856131
"2017_1240_1242",0.000223206790243133
"2017_1240_1243",0.00292856854348652
"2017_1240_1245",0.0539639595310817
"2017_1240_1246",0.000127453739357261
"2017_1240_1257",0.000226531621702491
"2017_1240_1266",0.00220562336099688
"2017_1240_1268",0.00119776513730307
"2017_1240_1274",0.00127234832555904
"2017_1240_1276",0.00103612582261749
"2017_1240_1277",0.0022947806220482
"2017_1240_1278",0.000610402191053848
"2017_1240_1291",0.0220781190121172
"2017_1240_1292",0.00261186716520573
"2017_1240_1297",0.0299632741749116
"2017_1240_1300",0.0705957957767649
"2017_1240_1305",0.00323210241683918
"2017_1240_1308",0.00871625551510834
"2017_1240_1309",0.0228340678739947
"2017_1240_1314",0.00026100245274306
"2017_1240_1315",0.0148737152256531
"2017_1240_1321",0.00148946165595153
"2017_1240_1323",0.0006877305512656
"2017_1240_1329",0.00130137564325549
"2017_1240_1332",0.000344285781502361
"2017_1240_1343",0.0120874554895227
"2017_1240_1344",0.00274350362643375
"2017_1240_1345",0.000863727290363941
"2017_1240_1348",0.00337339487072926
"2017_1240_1355",0.0603487273270485
"2017_1240_1371",0.00189665320909528
"2017_1240_1374",0.000771561939165895
"2017_1240_1376",0.0018482775727343
"2017_1240_1388",0.00183985640221177
"2017_1240_1407",0.100362261888897
"2017_1240_1411",0.0674327089031026
"2017_1240_1413",0.0198663184493542
"2017_1240_1417",0.000507511060027459
"2017_1240_1423",0.0142149426698667
"2017_1240_1425",0.00144349558758163
"2017_1240_1433",0.00373510404848896
"2017_1240_1435",0.00241132348661679
"2017_1240_1436",0.0140844751077085
"2017_1240_1437",0.000138300842864402
"2017_1240_1438",0.000988672824899654
"2017_1240_1439",0.00158316722652111
"2017_1240_1448",0.0033579698582171
"2017_1240_1452",0.000542124833642358
"2017_1240_1455",0.000457945221178613
"2017_1240_1457",0.0276485374323738
"2017_1240_1458",0.000385662152565029
"2017_1240_1462",0.0011298019344992
"2017_1242_1243",0.892769375136642
"2017_1242_1245",0.993853401083944
"2017_1242_1246",0.265422118906762
"2017_1242_1257",0.391087230211221
"2017_1242_1266",0.862370300054138
"2017_1242_1268",0.772688681566928
"2017_1242_1274",0.783136215378974
"2017_1242_1276",0.746195819985182
"2017_1242_1277",0.867016673415933
"2017_1242_1278",0.633874116816771
"2017_1242_1291",0.984614312370534
"2017_1242_1292",0.881277154806813
"2017_1242_1297",0.988707877619809
"2017_1242_1300",0.995377019331612
"2017_1242_1305",0.901878203206291
"2017_1242_1308",0.961426180099891
"2017_1242_1309",0.985127426870628
"2017_1242_1314",0.425297240474034
"2017_1242_1315",0.977167671300761
"2017_1242_1321",0.808734026855618
"2017_1242_1323",0.661106622207215
"2017_1242_1329",0.786947663745341
"2017_1242_1332",0.493990520161827
"2017_1242_1343",0.971974889695706
"2017_1242_1344",0.886339372309563
"2017_1242_1345",0.710181496399335
"2017_1242_1348",0.905612127145393
"2017_1242_1355",0.994537037432734
"2017_1242_1371",0.843418825885041
"2017_1242_1374",0.686398075198947
"2017_1242_1376",0.839969873168927
"2017_1242_1388",0.839353932540683
"2017_1242_1407",0.996847648145377
"2017_1242_1411",0.995144828937482
"2017_1242_1413",0.98289265230009
"2017_1242_1417",0.590049654348813
"2017_1242_1423",0.976119212069979
"2017_1242_1425",0.803830916530312
"2017_1242_1433",0.913994834161206
"2017_1242_1435",0.872638266606056
"2017_1242_1436",0.975900217313306
"2017_1242_1437",0.281651193504874
"2017_1242_1438",0.737206042758128
"2017_1242_1439",0.81800833257208
"2017_1242_1448",0.905218318009047
"2017_1242_1452",0.605917383602568
"2017_1242_1455",0.564968645719936
"2017_1242_1457",0.987745242308605
"2017_1242_1458",0.522358074106418
"2017_1242_1462",0.762253203804619
"2017_1243_1245",0.910332806580379
"2017_1243_1246",0.0221837858188299
"2017_1243_1257",0.0387639279828341
"2017_1243_1266",0.28234332317565
"2017_1243_1268",0.175892232641172
"2017_1243_1274",0.184831791688912
"2017_1243_1276",0.155833649756314
"2017_1243_1277",0.290459986557155
"2017_1243_1278",0.0980472744934512
"2017_1243_1291",0.800724201810205
"2017_1243_1292",0.317907440559038
"2017_1243_1297",0.846096554109799
"2017_1243_1300",0.931124752111461
"2017_1243_1305",0.365930402275719
"2017_1243_1308",0.610129944261468
"2017_1243_1309",0.806162740791278
"2017_1243_1314",0.0444021119943506
"2017_1243_1315",0.72879061005253
"2017_1243_1321",0.20979187207374
"2017_1243_1323",0.109120546442027
"2017_1243_1329",0.188259157838311
"2017_1243_1332",0.0577566765098094
"2017_1243_1343",0.685301435213966
"2017_1243_1344",0.328692937198884
"2017_1243_1345",0.133342849549883
"2017_1243_1348",0.375947025269168
"2017_1243_1355",0.919553849706075
"2017_1243_1371",0.252731591455956
"2017_1243_1374",0.120823783879439
"2017_1243_1376",0.247874322541353
"2017_1243_1388",0.247022363607728
"2017_1243_1407",0.952050222954657
"2017_1243_1411",0.927899231135499
"2017_1243_1413",0.782961086173612
"2017_1243_1417",0.0828822559975894
"2017_1243_1423",0.719609397808629
"2017_1243_1425",0.204634950248811
"2017_1243_1433",0.400215335085915
"2017_1243_1435",0.30079905296128
"2017_1243_1436",0.717718373256272
"2017_1243_1437",0.0240266566225386
"2017_1243_1438",0.149759524250749
"2017_1243_1439",0.220101686009105
"2017_1243_1448",0.374868781425693
"2017_1243_1452",0.0880401950281251
"2017_1243_1455",0.0753944612269739
"2017_1243_1457",0.835005345719202
"2017_1243_1458",0.0642543939999001
"2017_1243_1462",0.167574883157858
"2017_1245_1246",0.00153550852628433
"2017_1245_1257",0.00272617240968968
"2017_1245_1266",0.0259759623291208
"2017_1245_1268",0.0142615111864896
"2017_1245_1274",0.0151372275611454
"2017_1245_1276",0.012358723517408
"2017_1245_1277",0.0269999803887783
"2017_1245_1278",0.00731483377196466
"2017_1245_1291",0.214069083470576
"2017_1245_1292",0.0306259759453388
"2017_1245_1297",0.271487468463315
"2017_1245_1300",0.478188726354199
"2017_1245_1305",0.0376475649388726
"2017_1245_1308",0.0959082855584585
"2017_1245_1309",0.219920417497043
"2017_1245_1314",0.00313981367279172
"2017_1245_1315",0.154086677289005
"2017_1245_1321",0.0176783632964182
"2017_1245_1323",0.00823450997885453
"2017_1245_1329",0.015477665807262
"2017_1245_1332",0.00413789542755827
"2017_1245_1343",0.128627004144177
"2017_1245_1344",0.0321240313743103
"2017_1245_1345",0.010321850575166
"2017_1245_1348",0.0392341225199865
"2017_1245_1355",0.436569523200913
"2017_1245_1371",0.0224119665244242
"2017_1245_1374",0.00922976474123513
"2017_1245_1376",0.0218517875152836
"2017_1245_1388",0.02175421219204
"2017_1245_1407",0.573725300714586
"2017_1245_1411",0.465918315032533
"2017_1245_1413",0.196488030569602
"2017_1245_1417",0.0060887097310115
"2017_1245_1423",0.148189531442915
"2017_1245_1425",0.0171413704552012
"2017_1245_1433",0.0432740078412141
"2017_1245_1435",0.0283355691554133
"2017_1245_1436",0.147012798886347
"2017_1245_1437",0.00166599015488898
"2017_1245_1438",0.0117988373728472
"2017_1245_1439",0.0187714042606899
"2017_1245_1448",0.0390611493108956
"2017_1245_1452",0.0065015018799478
"2017_1245_1455",0.00549705652633625
"2017_1245_1457",0.255427456268805
"2017_1245_1458",0.00463307594575582
"2017_1245_1462",0.0134622801234158
"2017_1246_1257",0.700601445294987
"2017_1246_1266",0.958034097928764
"2017_1246_1268",0.925287951929443
"2017_1246_1274",0.929362987751602
"2017_1246_1276",0.914615014436558
"2017_1246_1277",0.959602156463146
"2017_1246_1278",0.863159217004261
"2017_1246_1291",0.995729395835202
"2017_1246_1292",0.964342545575546
"2017_1246_1297",0.996875032356779
"2017_1246_1300",0.998726853386902
"2017_1246_1305",0.97100414563409
"2017_1246_1308",0.989107751669764
"2017_1246_1309",0.995873374587894
"2017_1246_1314",0.729451848451733
"2017_1246_1315",0.993627615170846
"2017_1246_1321",0.939044170764363
"2017_1246_1323",0.87665600483956
"2017_1246_1329",0.930831442351519
"2017_1246_1332",0.780549051189905
"2017_1246_1343",0.992148256869758
"2017_1246_1344",0.965999588431477
"2017_1246_1345",0.899273075866511
"2017_1246_1348",0.972188670578066
"2017_1246_1355",0.998494605895975
"2017_1246_1371",0.951514817499464
"2017_1246_1374",0.888572415992751
"2017_1246_1376",0.950306567646949
"2017_1246_1388",0.950090068721137
"2017_1246_1407",0.999132785896917
"2017_1246_1411",0.998662683226958
"2017_1246_1413",0.995245508836316
"2017_1246_1417",0.83984544594178
"2017_1246_1423",0.993329836248174
"2017_1246_1425",0.937222260074752
"2017_1246_1433",0.974823010836518
"2017_1246_1435",0.961483759928049
"2017_1246_1436",0.993267580077147
"2017_1246_1437",0.588222487203753
"2017_1246_1438",0.910878186645686
"2017_1246_1439",0.942449501502254
"2017_1246_1448",0.97206406631721
"2017_1246_1452",0.848526547545399
"2017_1246_1455",0.825528163872308
"2017_1246_1457",0.996606244035848
"2017_1246_1458",0.799376157626176
"2017_1246_1462",0.92114309294766
"2017_1257_1266",0.886262611440122
"2017_1257_1268",0.808695926369703
"2017_1257_1274",0.817878585681901
"2017_1257_1276",0.785233231825539
"2017_1257_1277",0.890205076120717
"2017_1257_1278",0.682844781895898
"2017_1257_1291",0.987590617419601
"2017_1257_1292",0.902259267857264
"2017_1257_1297",0.990899616498494
"2017_1257_1300",0.996279185858748
"2017_1257_1305",0.919551813419347
"2017_1257_1308",0.968745758000075
"2017_1257_1309",0.988005680956076
"2017_1257_1314",0.479246544666632
"2017_1257_1315",0.981557519853418
"2017_1257_1321",0.840212256689997
"2017_1257_1323",0.708112123364619
"2017_1257_1329",0.821218821018626
"2017_1257_1332",0.548339550472329
"2017_1257_1343",0.977339974212047
"2017_1257_1344",0.906521727391512
"2017_1257_1345",0.752924090630413
"2017_1257_1348",0.922670852420425
"2017_1257_1355",0.995602400739746
"2017_1257_1371",0.870105536885261
"2017_1257_1374",0.731321255116986
"2017_1257_1376",0.867151813907291
"2017_1257_1388",0.866623881582358
"2017_1257_1407",0.997463555368901
"2017_1257_1411",0.996092129116609
"2017_1257_1413",0.986197337404949
"2017_1257_1417",0.641567434733512
"2017_1257_1423",0.980706662161881
"2017_1257_1425",0.835952407137923
"2017_1257_1433",0.929656231107603
"2017_1257_1435",0.894965179322431
"2017_1257_1436",0.980528896687416
"2017_1257_1437",0.327771247066199
"2017_1257_1438",0.777213338344792
"2017_1257_1439",0.848246621873998
"2017_1257_1448",0.922342113203495
"2017_1257_1452",0.656601606708745
"2017_1257_1455",0.617595612052531
"2017_1257_1457",0.990121956694641
"2017_1257_1458",0.576273722495335
"2017_1257_1462",0.799484512604208
"2017_1266_1268",0.350207312854041
"2017_1266_1274",0.364092175294912
"2017_1266_1276",0.317939177944602
"2017_1266_1277",0.50828691150465
"2017_1266_1278",0.215377466471465
"2017_1266_1291",0.910285716452733
"2017_1266_1292",0.540634349209361
"2017_1266_1297",0.932805781165106
"2017_1266_1300",0.971540422969964
"2017_1266_1305",0.593049467921663
"2017_1266_1308",0.798051466767462
"2017_1266_1309",0.913058815063197
"2017_1266_1314",0.105010802444385
"2017_1266_1315",0.871557110587598
"2017_1266_1321",0.401341492635698
"2017_1266_1323",0.236231193219792
"2017_1266_1329",0.369337528841007
"2017_1266_1332",0.134037400972443
"2017_1266_1343",0.846127444767914
"2017_1266_1344",0.552851601809721
"2017_1266_1345",0.279807215777822
"2017_1266_1348",0.603367123064313
"2017_1266_1355",0.966515100057675
"2017_1266_1371",0.460632983105856
"2017_1266_1374",0.257624811634627
"2017_1266_1376",0.454208712428912
"2017_1266_1388",0.453074776655821
"2017_1266_1407",0.980444805232767
"2017_1266_1411",0.970146939440349
"2017_1266_1413",0.901082270928977
"2017_1266_1417",0.185803341609044
"2017_1266_1423",0.866322454946971
"2017_1266_1425",0.393822682303818
"2017_1266_1433",0.627553094343658
"2017_1266_1435",0.520689682031465
"2017_1266_1436",0.865235597737857
"2017_1266_1437",0.0585263312311572
"2017_1266_1438",0.307850725334783
"2017_1266_1439",0.416107767459681
"2017_1266_1448",0.602266107675618
"2017_1266_1452",0.19599746490399
"2017_1266_1455",0.170748518588761
"2017_1266_1457",0.927427381281333
"2017_1266_1458",0.147770961941456
"2017_1266_1462",0.337018065347069
"2017_1268_1274",0.369032068531118
"2017_1268_1276",0.322570522240263
"2017_1268_1277",0.513603079220097
"2017_1268_1278",0.218994506232819
"2017_1268_1291",0.912008059100941
"2017_1268_1292",0.545913224704461
"2017_1268_1297",0.934127068136176
"2017_1268_1300",0.972122806198209
"2017_1268_1305",0.598173693222591
"2017_1268_1308",0.80145853670625
"2017_1268_1309",0.914732906380234
"2017_1268_1314",0.10702717672411
"2017_1268_1315",0.873919987098965
"2017_1268_1321",0.40646373648949
"2017_1268_1323",0.240091284717807
"2017_1268_1329",0.374306699067086
"2017_1268_1332",0.136526110084938
"2017_1268_1343",0.848877017599027
"2017_1268_1344",0.558104835867952
"2017_1268_1345",0.284114479060149
"2017_1268_1348",0.608447207121363
"2017_1268_1355",0.967196846945272
"2017_1268_1371",0.46592300939012
"2017_1268_1374",0.261714694237059
"2017_1268_1376",0.459487812341349
"2017_1268_1388",0.458351765151062
"2017_1268_1407",0.980848565327229
"2017_1268_1411",0.97075697994291
"2017_1268_1413",0.902962466919572
"2017_1268_1417",0.18904337938856
"2017_1268_1423",0.868767129931038
"2017_1268_1425",0.398912908218153
"2017_1268_1433",0.63251207572943
"2017_1268_1435",0.525996805246449
"2017_1268_1436",0.867697113541544
"2017_1268_1437",0.0597096784568035
"2017_1268_1438",0.31240242343179
"2017_1268_1439",0.421285848644713
"2017_1268_1448",0.607351116617332
"2017_1268_1452",0.199371738553542
"2017_1268_1455",0.173782063948686
"2017_1268_1457",0.928846360269016
"2017_1268_1458",0.150470357740543
"2017_1268_1462",0.34178805973034
"2017_1274_1276",0.31293845346271
"2017_1274_1277",0.502497998854068
"2017_1274_1278",0.211489693680189
"2017_1274_1291",0.908376398191474
"2017_1274_1292",0.53487777691481
"2017_1274_1297",0.931339589099348
"2017_1274_1300",0.97089305571611
"2017_1274_1305",0.587448509889197
"2017_1274_1308",0.794293330610179
"2017_1274_1309",0.911202757369783
"2017_1274_1314",0.102854099695395
"2017_1274_1315",0.868942229991946
"2017_1274_1321",0.395790187838174
"2017_1274_1323",0.232078332140868
"2017_1274_1329",0.363959770749634
"2017_1274_1332",0.131372058429242
"2017_1274_1343",0.843088064788424
"2017_1274_1344",0.547119880489587
"2017_1274_1345",0.275164290127564
"2017_1274_1348",0.597811866351503
"2017_1274_1355",0.96575745121441
"2017_1274_1371",0.454884720168601
"2017_1274_1374",0.253220548232356
"2017_1274_1376",0.448473959379764
"2017_1274_1388",0.447342606051327
"2017_1274_1407",0.979995814623109
"2017_1274_1411",0.969468870858332
"2017_1274_1413",0.898998815815049
"2017_1274_1417",0.182325359956351
"2017_1274_1423",0.863617681600679
"2017_1274_1425",0.388307919708151
"2017_1274_1433",0.622124435851734
"2017_1274_1435",0.514907432492736
"2017_1274_1436",0.862512323424763
"2017_1274_1437",0.0572632392416283
"2017_1274_1438",0.302938201146858
"2017_1274_1439",0.410492265695058
"2017_1274_1448",0.596705737497059
"2017_1274_1452",0.192373749195719
"2017_1274_1455",0.167494370135636
"2017_1274_1457",0.925853159928018
"2017_1274_1458",0.144878215896602
"2017_1274_1462",0.331863265951796
"2017_1276_1277",0.647114791757209
"2017_1276_1278",0.32748538783047
"2017_1276_1291",0.947367771700441
"2017_1276_1292",0.676148326531958
"2017_1276_1297",0.960978527842259
"2017_1276_1300",0.983755585484366
"2017_1276_1305",0.721078249820726
"2017_1276_1308",0.875161814220049
"2017_1276_1309",0.949058795975788
"2017_1276_1314",0.172285084215834
"2017_1276_1315",0.923298210599636
"2017_1276_1321",0.543229682192069
"2017_1276_1323",0.354292453975667
"2017_1276_1329",0.509541424956317
"2017_1276_1332",0.21543120397652
"2017_1276_1343",0.907019613346362
"2017_1276_1344",0.686849069271712
"2017_1276_1345",0.408012459248436
"2017_1276_1348",0.729629756998262
"2017_1276_1355",0.980844659361737
"2017_1276_1371",0.602390499583153
"2017_1276_1374",0.381043784310983
"2017_1276_1376",0.596174455270351
"2017_1276_1388",0.595072521085013
"2017_1276_1407",0.988881845985928
"2017_1276_1411",0.982949703884516
"2017_1276_1413",0.941724899447626
"2017_1276_1417",0.288171152440476
"2017_1276_1423",0.919978641452246
"2017_1276_1425",0.53543012544165
"2017_1276_1433",0.749315320500413
"2017_1276_1435",0.65836941786781
"2017_1276_1436",0.919287388701305
"2017_1276_1437",0.099325694509642
"2017_1276_1438",0.441036525008286
"2017_1276_1439",0.558347475277714
"2017_1276_1448",0.728721650425703
"2017_1276_1452",0.30189916302902
"2017_1276_1455",0.267547487006576
"2017_1276_1457",0.957753017457423
"2017_1276_1458",0.235238956421442
"2017_1276_1462",0.474177743413281
"2017_1277_1278",0.112247193545584
"2017_1277_1291",0.823747921609009
"2017_1277_1292",0.351538693591708
"2017_1277_1297",0.86476345729094
"2017_1277_1300",0.94020742035673
"2017_1277_1305",0.401650428300291
"2017_1277_1308",0.645423142517377
"2017_1277_1309",0.82869253842736
"2017_1277_1314",0.0512744186128948
"2017_1277_1315",0.757609464621378
"2017_1277_1321",0.235941968385569
"2017_1277_1323",0.124702450775978
"2017_1277_1329",0.212446841400075
"2017_1277_1332",0.0665519758423624
"2017_1277_1343",0.716946661921686
"2017_1277_1344",0.362858199532154
"2017_1277_1345",0.151794245785041
"2017_1277_1348",0.412009478482251
"2017_1277_1355",0.930047754422535
"2017_1277_1371",0.282321770529643
"2017_1277_1374",0.137818327577972
"2017_1277_1376",0.277106692953506
"2017_1277_1388",0.276191155861233
"2017_1277_1407",0.958496421681643
"2017_1277_1411",0.937378646514184
"2017_1277_1413",0.807543827500004
"2017_1277_1417",0.0951174835251593
"2017_1277_1423",0.749067940982009
"2017_1277_1425",0.230329610416713
"2017_1277_1433",0.436975647555815
"2017_1277_1435",0.333505353200417
"2017_1277_1436",0.747305826304915
"2017_1277_1437",0.027837232509153
"2017_1277_1438",0.17003688979206
"2017_1277_1439",0.247134968589705
"2017_1277_1448",0.410895906245817
"2017_1277_1452",0.100953031933708
"2017_1277_1455",0.0866287368485345
"2017_1277_1457",0.854786616565867
"2017_1277_1458",0.0739615086661437
"2017_1277_1462",0.189726173266656
"2017_1278_1291",0.961585717123216
"2017_1278_1292",0.743820713508354
"2017_1278_1297",0.971629801885401
"2017_1278_1300",0.988265567488297
"2017_1278_1305",0.782383726238272
"2017_1278_1308",0.906969890174533
"2017_1278_1309",0.962837851247293
"2017_1278_1314",0.224484277663798
"2017_1278_1315",0.943631373940333
"2017_1278_1321",0.623198643581432
"2017_1278_1323",0.432801941782171
"2017_1278_1329",0.5909673935057
"2017_1278_1332",0.276338534071749
"2017_1278_1343",0.93134725835777
"2017_1278_1344",0.753101915562846
"2017_1278_1345",0.489403526339468
"2017_1278_1348",0.789604080370343
"2017_1278_1355",0.986151433100062
"2017_1278_1371",0.678138708697859
"2017_1278_1374",0.461246728028146
"2017_1278_1376",0.672462986638339
"2017_1278_1388",0.671454502788077
"2017_1278_1407",0.991980212402069
"2017_1278_1411",0.987680623198295
"2017_1278_1413",0.957398649754022
"2017_1278_1417",0.36020205406827
"2017_1278_1423",0.941135698097671
"2017_1278_1425",0.615798833650869
"2017_1278_1433",0.806083491446223
"2017_1278_1435",0.728263849044465
"2017_1278_1436",0.940615410183687
"2017_1278_1437",0.132970721418647
"2017_1278_1438",0.523193143509989
"2017_1278_1439",0.637436189558648
"2017_1278_1448",0.788839114595639
"2017_1278_1452",0.375551122343403
"2017_1278_1455",0.336862884519199
"2017_1278_1457",0.969256557936105
"2017_1278_1458",0.299607846735819
"2017_1278_1462",0.55636308241236
"2017_1291_1292",0.0248551918893784
"2017_1291_1297",0.231154063726656
"2017_1291_1300",0.425064282555909
"2017_1291_1305",0.0305954772153533
"2017_1291_1308",0.0788369135121111
"2017_1291_1309",0.1852994388541
"2017_1291_1314",0.00253464356151361
"2017_1291_1315",0.128127320186221
"2017_1291_1321",0.0143112507938423
"2017_1291_1323",0.00665393862107376
"2017_1291_1329",0.0125243653886661
"2017_1291_1332",0.0033409990041621
"2017_1291_1343",0.106417304893163
"2017_1291_1344",0.026078565992902
"2017_1291_1345",0.00834399586117751
"2017_1291_1348",0.0318946927649124
"2017_1291_1355",0.384660353085241
"2017_1291_1371",0.0181599348752654
"2017_1291_1374",0.0074595962769689
"2017_1291_1376",0.0177041091681664
"2017_1291_1388",0.0176247208599058
"2017_1291_1407",0.520575725855637
"2017_1291_1411",0.41307792691688
"2017_1291_1413",0.164776699292343
"2017_1291_1417",0.00491797116063169
"2017_1291_1423",0.123079127122768
"2017_1291_1425",0.0138750917244807
"2017_1291_1433",0.0352065399860006
"2017_1291_1435",0.0229861276385362
"2017_1291_1436",0.122073214085437
"2017_1291_1437",0.00134450279593444
"2017_1291_1438",0.00954069341198029
"2017_1291_1439",0.0151993267598665
"2017_1291_1448",0.0317530078133164
"2017_1291_1452",0.00525181093511229
"2017_1291_1455",0.00443957302221635
"2017_1291_1457",0.216770056900955
"2017_1291_1458",0.00374117345920233
"2017_1291_1462",0.0108892829808055
"2017_1292_1297",0.94814458111308
"2017_1292_1300",0.978243284117595
"2017_1292_1305",0.657466408712936
"2017_1292_1308",0.83883670816168
"2017_1292_1309",0.932579558493399
"2017_1292_1314",0.133853208426686
"2017_1292_1315",0.899369158168865
"2017_1292_1321",0.468929859515401
"2017_1292_1323",0.289458295617196
"2017_1292_1329",0.43545660505398
"2017_1292_1332",0.16934379152834
"2017_1292_1343",0.878679356228197
"2017_1292_1344",0.619549577151805
"2017_1292_1345",0.338501248069832
"2017_1292_1348",0.667067726459761
"2017_1292_1355",0.974370312873071
"2017_1292_1371",0.529376900806552
"2017_1292_1374",0.313692474798328
"2017_1292_1376",0.522923400991001
"2017_1292_1388",0.521781918871793
"2017_1292_1407",0.98508268770524
"2017_1292_1411",0.977170284732881
"2017_1292_1413",0.923065504039865
"2017_1292_1417",0.231106227784969
"2017_1292_1423",0.895131592222698
"2017_1292_1425",0.461120143829074
"2017_1292_1433",0.689369123601417
"2017_1292_1435",0.588615235119675
"2017_1292_1436",0.894250374029629
"2017_1292_1437",0.0756808779123034
"2017_1292_1438",0.369409970812404
"2017_1292_1439",0.484171694151306
"2017_1292_1448",0.666045667008187
"2017_1292_1452",0.243043944261385
"2017_1292_1455",0.213342537445725
"2017_1292_1457",0.943920126400247
"2017_1292_1458",0.185918204522374
"2017_1292_1462",0.401030440278352
"2017_1297_1300",0.549192860299777
"2017_1297_1305",0.0494348100124851
"2017_1297_1308",0.12359395368809
"2017_1297_1309",0.272610185078315
"2017_1297_1314",0.00416968445057767
"2017_1297_1315",0.194945324427656
"2017_1297_1321",0.0233651610478088
"2017_1297_1323",0.0109171595379536
"2017_1297_1329",0.0204712933793063
"2017_1297_1332",0.00549333675821874
"2017_1297_1343",0.164043794167554
"2017_1297_1344",0.0422578276324198
"2017_1297_1345",0.0136751401830371
"2017_1297_1348",0.0514915313772681
"2017_1297_1355",0.507403019057638
"2017_1297_1371",0.0295756299891676
"2017_1297_1374",0.0122326505241477
"2017_1297_1376",0.0288416803867039
"2017_1297_1388",0.0287138091641637
"2017_1297_1407",0.641476258370898
"2017_1297_1411",0.536975396698273
"2017_1297_1413",0.245329317038771
"2017_1297_1417",0.0080779915459866
"2017_1297_1423",0.187831671396766
"2017_1297_1425",0.0226594123264449
"2017_1297_1433",0.0567190356763
"2017_1297_1435",0.037320345068083
"2017_1297_1436",0.18640903908795
"2017_1297_1437",0.00221351466314309
"2017_1297_1438",0.0156243846898452
"2017_1297_1439",0.0248009355696437
"2017_1297_1448",0.0512674020035198
"2017_1297_1452",0.00862447941857371
"2017_1297_1455",0.00729445416522891
"2017_1297_1457",0.31320857649472
"2017_1297_1458",0.00614972081137233
"2017_1297_1462",0.0178174425452569
"2017_1300_1305",0.0524196544498408
"2017_1300_1308",0.130442029407655
"2017_1300_1309",0.285029650351102
"2017_1300_1314",0.00443419679747207
"2017_1300_1315",0.204822880120064
"2017_1300_1321",0.024817030858945
"2017_1300_1323",0.0116047235013052
"2017_1300_1329",0.0217473475302988
"2017_1300_1332",0.00584132511880004
"2017_1300_1343",0.172691483687889
"2017_1300_1344",0.0448297670533305
"2017_1300_1345",0.0145338497203294
"2017_1300_1348",0.0545934272404377
"2017_1300_1355",0.522830620193539
"2017_1300_1371",0.0314009995704052
"2017_1300_1374",0.0130019751605294
"2017_1300_1376",0.0306231810078019
"2017_1300_1388",0.0304876593560838
"2017_1300_1407",0.655555293431002
"2017_1300_1411",0.552294031403137
"2017_1300_1413",0.256944959155433
"2017_1300_1417",0.00858829701606605
"2017_1300_1423",0.197437186171354
"2017_1300_1425",0.0240685089112046
"2017_1300_1433",0.0601158822977665
"2017_1300_1435",0.0396042009254955
"2017_1300_1436",0.195959355466603
"2017_1300_1437",0.00235422680000346
"2017_1300_1438",0.0166034336240285
"2017_1300_1439",0.0263396157237988
"2017_1300_1448",0.0543565698635577
"2017_1300_1452",0.00916898867765588
"2017_1300_1455",0.00775564877527946
"2017_1300_1457",0.326647027598232
"2017_1300_1458",0.00653901597099185
"2017_1300_1462",0.0189312691547961
"2017_1305_1308",0.765436577583752
"2017_1305_1309",0.896611468752055
"2017_1305_1314",0.0883308051843888
"2017_1305_1315",0.848560755731562
"2017_1305_1321",0.356332381058037
"2017_1305_1323",0.203446044371924
"2017_1305_1329",0.325963307065956
"2017_1305_1332",0.113330627966839
"2017_1305_1343",0.819520976381213
"2017_1305_1344",0.505189620640485
"2017_1305_1345",0.242897713809666
"2017_1305_1348",0.556772829078926
"2017_1305_1355",0.959734531384654
"2017_1305_1371",0.413568058581331
"2017_1305_1374",0.222736438964807
"2017_1305_1376",0.407304504725928
"2017_1305_1388",0.406200517441105
"2017_1305_1407",0.976416122382178
"2017_1305_1411",0.964074468630065
"2017_1305_1413",0.882660398456875
"2017_1305_1417",0.158563823653342
"2017_1305_1423",0.842558191474368
"2017_1305_1425",0.349164981951122
"2017_1305_1433",0.581830892241269
"2017_1305_1435",0.472868215188384
"2017_1305_1436",0.841313511839235
"2017_1305_1437",0.0488271412116032
"2017_1305_1438",0.268621752366926
"2017_1305_1439",0.370467441618086
"2017_1305_1448",0.555637728466574
"2017_1305_1452",0.167571032612178
"2017_1305_1455",0.145322163733352
"2017_1305_1457",0.913440558319588
"2017_1305_1458",0.125249423416756
"2017_1305_1462",0.295659996295018
"2017_1308_1309",0.827893786072817
"2017_1308_1314",0.0510019049649359
"2017_1308_1315",0.756576632276583
"2017_1308_1321",0.234931022375335
"2017_1308_1323",0.12409072569724
"2017_1308_1329",0.21150869771925
"2017_1308_1332",0.0662039310283583
"2017_1308_1343",0.715805559579485
"2017_1308_1344",0.361560785268914
"2017_1308_1345",0.151072560164503
"2017_1308_1348",0.410649591023655
"2017_1308_1355",0.929681488011801
"2017_1308_1371",0.281185233654494
"2017_1308_1374",0.137152344382473
"2017_1308_1376",0.275983076979267
"2017_1308_1388",0.27506983963091
"2017_1308_1407",0.958272427992204
"2017_1308_1411",0.937048166185503
"2017_1308_1413",0.806669470655629
"2017_1308_1417",0.094635195886033
"2017_1308_1423",0.748010818575659
"2017_1308_1425",0.229335493869993
"2017_1308_1433",0.435594402556142
"2017_1308_1435",0.332258160470734
"2017_1308_1436",0.746243795263957
"2017_1308_1437",0.027685647963911
"2017_1308_1438",0.169245777956933
"2017_1308_1439",0.246091510509515
"2017_1308_1448",0.409537134284784
"2017_1308_1452",0.100444439926246
"2017_1308_1455",0.0861853914038583
"2017_1308_1457",0.854088109877284
"2017_1308_1458",0.0735777688160869
"2017_1308_1462",0.188864300943157
"2017_1309_1314",0.0026998247246365
"2017_1309_1315",0.135366535817479
"2017_1309_1321",0.0152321861956193
"2017_1309_1323",0.00708566471762759
"2017_1309_1329",0.0133318691614075
"2017_1309_1332",0.00355854238042228
"2017_1309_1343",0.112588299069684
"2017_1309_1344",0.027735426317406
"2017_1309_1345",0.0088843968353283
"2017_1309_1348",0.0339082062662968
"2017_1309_1355",0.399748246020219
"2017_1309_1371",0.0193236795469912
"2017_1309_1374",0.00794317769176943
"2017_1309_1376",0.0188392036068559
"2017_1309_1388",0.0187548225193179
"2017_1309_1407",0.536347981161966
"2017_1309_1411",0.428504260409145
"2017_1309_1413",0.173674135353135
"2017_1309_1417",0.00523765673858393
"2017_1309_1423",0.130075671835555
"2017_1309_1425",0.0147683806175039
"2017_1309_1433",0.0374210489180377
"2017_1309_1435",0.0244514474882193
"2017_1309_1436",0.129020989927306
"2017_1309_1437",0.00143223458427411
"2017_1309_1438",0.0101578049026165
"2017_1309_1439",0.016176472371396
"2017_1309_1448",0.0337578886347862
"2017_1309_1452",0.00559307530920496
"2017_1309_1455",0.00472830878912217
"2017_1309_1457",0.227709562104462
"2017_1309_1458",0.0039846693282677
"2017_1309_1462",0.0115926030348696
"2017_1314_1315",0.983786398648314
"2017_1314_1321",0.857035455061284
"2017_1314_1323",0.734447726058122
"2017_1314_1329",0.839660125582682
"2017_1314_1332",0.580551666316607
"2017_1314_1343",0.980068217021304
"2017_1314_1344",0.917052768759773
"2017_1314_1345",0.776492707565416
"2017_1314_1348",0.931520005811905
"2017_1314_1355",0.996140549797319
"2017_1314_1371",0.884215143374651
"2017_1314_1374",0.756283536306104
"2017_1314_1376",0.881538582823858
"2017_1314_1388",0.881059980974983
"2017_1314_1407",0.99777445777455
"2017_1314_1411",0.996570554893993
"2017_1314_1413",0.987872396124599
"2017_1314_1417",0.671118488895684
"2017_1314_1423",0.98303659481749
"2017_1314_1425",0.853145712989785
"2017_1314_1433",0.937759936083312
"2017_1314_1435",0.906664106434499
"2017_1314_1436",0.982879922181885
"2017_1314_1437",0.357275648954832
"2017_1314_1438",0.799083275803376
"2017_1314_1439",0.864360481808994
"2017_1314_1448",0.931226081776964
"2017_1314_1452",0.685520732936723
"2017_1314_1455",0.648038804498705
"2017_1314_1457",0.991324922449688
"2017_1314_1458",0.607918117599583
"2017_1314_1462",0.819675434829556
"2017_1315_1321",0.0474120082916386
"2017_1315_1323",0.0224472869264051
"2017_1315_1329",0.0416669087612364
"2017_1315_1332",0.0113609065805288
"2017_1315_1343",0.289897279018988
"2017_1315_1344",0.0840746943555249
"2017_1315_1345",0.0280355368667436
"2017_1315_1348",0.101477599862089
"2017_1315_1355",0.681825557331867
"2017_1315_1371",0.0596239252925215
"2017_1315_1374",0.0251168487049566
"2017_1315_1376",0.0581890091587916
"2017_1315_1388",0.0579387873677379
"2017_1315_1407",0.78823800473807
"2017_1315_1411",0.706973864800832
"2017_1315_1413",0.40344766352549
"2017_1315_1417",0.0166600475088401
"2017_1315_1423",0.324843362791919
"2017_1315_1425",0.0460141418633719
"2017_1315_1433",0.111184914891068
"2017_1315_1435",0.0746319899857792
"2017_1315_1436",0.322795449357003
"2017_1315_1437",0.00459400771028666
"2017_1315_1438",0.0319653641062152
"2017_1315_1439",0.0502494183732857
"2017_1315_1448",0.101059075748308
"2017_1315_1452",0.0177767189333709
"2017_1315_1455",0.0150567159653688
"2017_1315_1457",0.486852660166704
"2017_1315_1458",0.0127094309871336
"2017_1315_1462",0.0363673244137759
"2017_1321_1323",0.230960236632654
"2017_1321_1329",0.362506237955254
"2017_1321_1332",0.130656590974962
"2017_1321_1343",0.842254912682412
"2017_1321_1344",0.545562293295975
"2017_1321_1345",0.273912658728237
"2017_1321_1348",0.596299981159339
"2017_1321_1355",0.965549018840419
"2017_1321_1371",0.45332687394384
"2017_1321_1374",0.252034024854571
"2017_1321_1376",0.446920068048245
"2017_1321_1388",0.4457894662404
"2017_1321_1407",0.979872244041309
"2017_1321_1411",0.969282311122372
"2017_1321_1413",0.898426765916873
"2017_1321_1417",0.181390343067065
"2017_1321_1423",0.862875805935147
"2017_1321_1425",0.386816285369269
"2017_1321_1433",0.620645948891435
"2017_1321_1435",0.513337603072568
"2017_1321_1436",0.861765397403377
"2017_1321_1437",0.0569249270180095
"2017_1321_1438",0.301612804636518
"2017_1321_1439",0.408972389331248
"2017_1321_1448",0.595192509855551
"2017_1321_1452",0.191399263532639
"2017_1321_1455",0.166619912355976
"2017_1321_1457",0.925420589754964
"2017_1321_1458",0.144101394963295
"2017_1321_1462",0.33047131515595
"2017_1323_1329",0.592334049682959
"2017_1323_1332",0.277471163767682
"2017_1323_1343",0.931708063218899
"2017_1323_1344",0.754152210736201
"2017_1323_1345",0.490817144697323
"2017_1323_1348",0.79054228388981
"2017_1323_1355",0.986228473230761
"2017_1323_1371",0.679372129066981
"2017_1323_1374",0.462652709739851
"2017_1323_1376",0.673707691916534
"2017_1323_1388",0.672701175193302
"2017_1323_1407",0.992025089024491
"2017_1323_1411",0.987749262063286
"2017_1323_1413",0.95762877019106
"2017_1323_1417",0.361506703523131
"2017_1323_1423",0.941448293878072
"2017_1323_1425",0.617136273915218
"2017_1323_1433",0.806966174430525
"2017_1323_1435",0.729381836690099
"2017_1323_1436",0.940930595511286
"2017_1323_1437",0.133624233515703
"2017_1323_1438",0.524604084336244
"2017_1323_1439",0.63874249550555
"2017_1323_1448",0.789779821103229
"2017_1323_1452",0.376878617754606
"2017_1323_1455",0.33812767531146
"2017_1323_1457",0.969424670897493
"2017_1323_1458",0.300796207402557
"2017_1323_1462",0.557758836084169
"2017_1329_1332",0.170815642558115
"2017_1329_1343",0.879786558403216
"2017_1329_1344",0.622004322101783
"2017_1329_1345",0.340840056005643
"2017_1329_1348",0.669379488875351
"2017_1329_1355",0.974629430959577
"2017_1329_1371",0.53197393997068
"2017_1329_1374",0.315941740019756
"2017_1329_1376",0.52552413346802
"2017_1329_1388",0.524383214286694
"2017_1329_1407",0.985235144006263
"2017_1329_1411",0.977401751427319
"2017_1329_1413",0.923802754865356
"2017_1329_1417",0.232964334630336
"2017_1329_1423",0.896106400380649
"2017_1329_1425",0.463712265810512
"2017_1329_1433",0.691597625544891
"2017_1329_1435",0.591137855368238
"2017_1329_1436",0.895232414850164
"2017_1329_1437",0.0764135458593289
"2017_1329_1438",0.37184229121941
"2017_1329_1439",0.486776345135919
"2017_1329_1448",0.668360997990178
"2017_1329_1452",0.244967452073428
"2017_1329_1455",0.215097777380818
"2017_1329_1457",0.944469553263837
"2017_1329_1458",0.187501594567738
"2017_1329_1462",0.403537725814981
"2017_1332_1343",0.981010829823534
"2017_1332_1344",0.92073447965859
"2017_1332_1345",0.78495030958005
"2017_1332_1348",0.934605362407283
"2017_1332_1355",0.996325920140075
"2017_1332_1371",0.889178254251549
"2017_1332_1374",0.76527469374543
"2017_1332_1376",0.88660171040542
"2017_1332_1388",0.886140922289619
"2017_1332_1407",0.997881518011421
"2017_1332_1411",0.996735339673247
"2017_1332_1413",0.988450283511716
"2017_1332_1417",0.681930157831668
"2017_1332_1423",0.983841141776443
"2017_1332_1425",0.859228585699636
"2017_1332_1433",0.940582086227714
"2017_1332_1435",0.910762059711716
"2017_1332_1436",0.983691776598206
"2017_1332_1437",0.36869944987965
"2017_1332_1438",0.80689862607071
"2017_1332_1439",0.870049582543342
"2017_1332_1448",0.934323747409799
"2017_1332_1452",0.696073355647371
"2017_1332_1455",0.659223937048662
"2017_1332_1457",0.991739670577137
"2017_1332_1458",0.619629887036103
"2017_1332_1462",0.826863334564109
"2017_1343_1344",0.244501640977878
"2017_1343_1345",0.0923081293882328
"2017_1343_1348",0.284786780113195
"2017_1343_1355",0.883113221581812
"2017_1343_1371",0.182701704778726
"2017_1343_1374",0.0832714901850116
"2017_1343_1376",0.17886818525644
"2017_1343_1388",0.17819721115901
"2017_1343_1407",0.929196428072002
"2017_1343_1411",0.894806454685797
"2017_1343_1413",0.704527876052211
"2017_1343_1417",0.0563662362395908
"2017_1343_1423",0.62912665796945
"2017_1343_1425",0.145340179263509
"2017_1343_1433",0.306056485140081
"2017_1343_1435",0.22139616437957
"2017_1343_1436",0.626941753454146
"2017_1343_1437",0.016011227406795
"2017_1343_1438",0.104280649949045
"2017_1343_1439",0.157211126082542
"2017_1343_1448",0.283851067851433
"2017_1343_1452",0.0599819510849599
"2017_1343_1455",0.0511403870027161
"2017_1343_1457",0.769851364431205
"2017_1343_1458",0.0434157548553416
"2017_1343_1462",0.117433089623384
"2017_1344_1345",0.135702171341844
"2017_1344_1348",0.380713227678871
"2017_1344_1355",0.921040253944995
"2017_1344_1371",0.256577943219742
"2017_1344_1374",0.122993033355226
"2017_1344_1376",0.251671647515866
"2017_1344_1388",0.250810989270377
"2017_1344_1407",0.952966902345042
"2017_1344_1411",0.929243302700834
"2017_1344_1413",0.78638502423208
"2017_1344_1417",0.0844357315546974
"2017_1344_1423",0.723680041657745
"2017_1344_1425",0.20795301442023
"2017_1344_1433",0.40508949071459
"2017_1344_1435",0.305078290251431
"2017_1344_1436",0.721805857308778
"2017_1344_1437",0.0245064693464343
"2017_1344_1438",0.152358252188871
"2017_1344_1439",0.223600033154298
"2017_1344_1448",0.379629629765436
"2017_1344_1452",0.0896808931449071
"2017_1344_1455",0.0768193473657303
"2017_1344_1457",0.837778359765729
"2017_1344_1458",0.0654836540270345
"2017_1344_1462",0.170420790852358
"2017_1345_1348",0.851599278428504
"2017_1345_1355",0.990899533694461
"2017_1345_1371",0.76312522177738
"2017_1345_1374",0.566929570234119
"2017_1345_1376",0.758414263064648
"2017_1345_1388",0.757575017784219
"2017_1345_1407",0.994740524132741
"2017_1345_1411",0.991908729573995
"2017_1345_1413",0.971722208943746
"2017_1345_1417",0.462612924514405
"2017_1345_1423",0.960702800076864
"2017_1345_1425",0.710211893730665
"2017_1345_1433",0.86405886669798
"2017_1345_1435",0.803843403181737
"2017_1345_1436",0.960348174568268
"2017_1345_1437",0.189957791552246
"2017_1345_1438",0.626562651637884
"2017_1345_1439",0.728873168762686
"2017_1345_1448",0.851017187811057
"2017_1345_1452",0.479058374682472
"2017_1345_1455",0.437172218075917
"2017_1345_1457",0.979677841886363
"2017_1345_1458",0.395438857442923
"2017_1345_1462",0.657252435493338
"2017_1348_1355",0.949758051717057
"2017_1348_1371",0.358693317635421
"2017_1348_1374",0.185186501716363
"2017_1348_1376",0.352760920481919
"2017_1348_1388",0.351717041590252
"2017_1348_1407",0.970445522705213
"2017_1348_1411",0.955123004296362
"2017_1348_1413",0.856443875179575
"2017_1348_1417",0.130022652959185
"2017_1348_1423",0.809317460914545
"2017_1348_1425",0.298486142063275
"2017_1348_1433",0.524602222355206
"2017_1348_1435",0.415702757011492
"2017_1348_1436",0.807869916118643
"2017_1348_1437",0.0391200263601758
"2017_1348_1438",0.225581309374119
"2017_1348_1439",0.318208402595326
"2017_1348_1448",0.49791772544717
"2017_1348_1452",0.137673852380445
"2017_1348_1455",0.118827870632742
"2017_1348_1457",0.893269506950523
"2017_1348_1458",0.10197802794296
"2017_1348_1462",0.24976676972627
"2017_1355_1371",0.00945894398010493
"2017_1355_1374",0.00386528782398126
"2017_1355_1376",0.00921946780209615
"2017_1355_1388",0.00917777062667307
"2017_1355_1407",0.359224753841227
"2017_1355_1411",0.266522994886839
"2017_1355_1413",0.0924410128011364
"2017_1355_1417",0.002545171008902
"2017_1355_1423",0.067567527276108
"2017_1355_1425",0.00721202260267701
"2017_1355_1433",0.0184918156827977
"2017_1355_1435",0.0120010215352726
"2017_1355_1436",0.066980651200686
"2017_1355_1437",0.00069460975547505
"2017_1355_1438",0.00494863518345416
"2017_1355_1439",0.00790543407746402
"2017_1355_1448",0.0166495941203715
"2017_1355_1452",0.00271838131357816
"2017_1355_1455",0.00229705539243607
"2017_1355_1457",0.125026366821922
"2017_1355_1458",0.00193504515881769
"2017_1355_1462",0.00565183518594962
"2017_1371_1374",0.149379340390986
"2017_1371_1376",0.296336073034667
"2017_1371_1388",0.295382963741558
"2017_1371_1407",0.962080715554385
"2017_1371_1411",0.94267762562867
"2017_1371_1413",0.82174005197825
"2017_1371_1417",0.10352660714045
"2017_1371_1423",0.766329428241695
"2017_1371_1425",0.247423981547469
"2017_1371_1433",0.460235889081505
"2017_1371_1435",0.354727955711623
"2017_1371_1436",0.764650444014068
"2017_1371_1437",0.0304987383035784
"2017_1371_1438",0.183724663222322
"2017_1371_1439",0.265047076741989
"2017_1371_1448",0.433837617283042
"2017_1371_1452",0.109815453364658
"2017_1371_1455",0.0943656522471947
"2017_1371_1457",0.866075973216564
"2017_1371_1458",0.0806670151126319
"2017_1371_1462",0.204608174998448
"2017_1374_1376",0.772720599724727
"2017_1374_1388",0.771916106945282
"2017_1374_1407",0.99514163277825
"2017_1374_1411",0.992524179143568
"2017_1374_1413",0.973832607366961
"2017_1374_1417",0.482483208832776
"2017_1374_1423",0.963604785421133
"2017_1374_1425",0.726342727270788
"2017_1374_1433",0.873155424912711
"2017_1374_1435",0.816111783399059
"2017_1374_1436",0.963275346899853
"2017_1374_1437",0.202530620364951
"2017_1374_1438",0.645022462629645
"2017_1374_1439",0.744339169708029
"2017_1374_1448",0.860845891427337
"2017_1374_1452",0.498979144398557
"2017_1374_1455",0.456878794802095
"2017_1374_1457",0.981205987277617
"2017_1374_1458",0.414650156100907
"2017_1374_1462",0.674982132535324
"2017_1376_1388",0.418061193590095
"2017_1376_1407",0.977517584507127
"2017_1376_1411",0.965732106452024
"2017_1376_1413",0.887636733960883
"2017_1376_1417",0.165205464152614
"2017_1376_1423",0.848944192566227
"2017_1376_1425",0.360370978859101
"2017_1376_1433",0.593692492391718
"2017_1376_1435",0.485085285744553
"2017_1376_1436",0.847740875155211
"2017_1376_1437",0.0511517491436096
"2017_1376_1438",0.278348338795036
"2017_1376_1439",0.381955884739037
"2017_1376_1448",0.567690263448022
"2017_1376_1452",0.174511704629723
"2017_1376_1455",0.151509030117505
"2017_1376_1457",0.917233920679846
"2017_1376_1458",0.130712419220321
"2017_1376_1462",0.305956059281471
"2017_1388_1407",0.992546539483859
"2017_1388_1411",0.988547065553858
"2017_1388_1413",0.960309286966029
"2017_1388_1417",0.377380168846607
"2017_1388_1423",0.945093740742705
"2017_1388_1425",0.633104472853685
"2017_1388_1433",0.817360186778737
"2017_1388_1435",0.742620998760479
"2017_1388_1436",0.944606377938956
"2017_1388_1437",0.141712407867907
"2017_1388_1438",0.541564720684111
"2017_1388_1439",0.65431432490754
"2017_1388_1448",0.800870885795159
"2017_1388_1452",0.393011588322995
"2017_1388_1455",0.353543004431941
"2017_1388_1457",0.971381248993749
"2017_1388_1458",0.315320406172468
"2017_1388_1462",0.574496025218172
"2017_1407_1411",0.31807321717956
"2017_1407_1413",0.115628700623891
"2017_1407_1417",0.00326471095965506
"2017_1407_1423",0.0851010533313121
"2017_1407_1425",0.00923869813387076
"2017_1407_1433",0.0236128738682973
"2017_1407_1435",0.0153526590078554
"2017_1407_1436",0.0843756659584395
"2017_1407_1437",0.000891448988558302
"2017_1407_1438",0.006343332288647
"2017_1407_1439",0.0101249803112936
"2017_1407_1448",0.0212715307000598
"2017_1407_1452",0.00348671801280481
"2017_1407_1455",0.00294665831686061
"2017_1407_1457",0.154991805603415
"2017_1407_1458",0.00248252700909164
"2017_1407_1462",0.00724327579567011
"2017_1411_1413",0.0788511679556452
"2017_1411_1417",0.00213984296986345
"2017_1411_1423",0.0574030735621471
"2017_1411_1425",0.00606800225517591
"2017_1411_1433",0.0155866087861519
"2017_1411_1435",0.0101050696457936
"2017_1411_1436",0.0568990961903766
"2017_1411_1437",0.000583818048633317
"2017_1411_1438",0.00416214362083727
"2017_1411_1439",0.00665215707017203
"2017_1411_1448",0.0140296773702913
"2017_1411_1452",0.0022855320890814
"2017_1411_1455",0.00193116419540894
"2017_1411_1457",0.107212018325128
"2017_1411_1458",0.00162672348849682
"2017_1411_1462",0.00475411730417465
"2017_1413_1417",0.00679664720497314
"2017_1413_1423",0.162714741590933
"2017_1413_1425",0.0191096982994305
"2017_1413_1433",0.048096278682173
"2017_1413_1435",0.0315480568290436
"2017_1413_1436",0.161444528959362
"2017_1413_1437",0.00186065837537646
"2017_1413_1438",0.0131619024067685
"2017_1413_1439",0.0209229228366369
"2017_1413_1448",0.0434352707435736
"2017_1413_1452",0.00725708447200856
"2017_1413_1455",0.00613662690774619
"2017_1413_1457",0.277045191029125
"2017_1413_1458",0.00517264693562546
"2017_1413_1462",0.0150145951912917
"2017_1417_1423",0.985616222978433
"2017_1417_1425",0.872924494810027
"2017_1417_1433",0.946852547098546
"2017_1417_1435",0.919911516379923
"2017_1417_1436",0.985483023740699
"2017_1417_1437",0.39660524021959
"2017_1417_1438",0.824646773976535
"2017_1417_1439",0.882836255283025
"2017_1417_1448",0.941213381685075
"2017_1417_1452",0.720478972936327
"2017_1417_1455",0.685250583104111
"2017_1417_1457",0.992653562384301
"2017_1417_1458",0.647061520592477
"2017_1417_1462",0.843133237810338
"2017_1423_1425",0.131996819387894
"2017_1423_1433",0.282841139940284
"2017_1423_1435",0.202726539524252
"2017_1423_1436",0.600447006617635
"2017_1423_1437",0.0143420247884693
"2017_1423_1438",0.0942909922400983
"2017_1423_1439",0.142960220929139
"2017_1423_1448",0.261684907540086
"2017_1423_1452",0.0539801857296781
"2017_1423_1455",0.045980030966165
"2017_1423_1457",0.74944998627693
"2017_1423_1458",0.0390028185253518
"2017_1423_1462",0.10633305397923
"2017_1425_1433",0.63715836492496
"2017_1425_1435",0.530991217446165
"2017_1425_1436",0.869981107321377
"2017_1425_1437",0.0608449567354888
"2017_1425_1438",0.31672388776639
"2017_1425_1439",0.42617994923907
"2017_1425_1448",0.612120442809747
"2017_1425_1452",0.202590326621165
"2017_1425_1455",0.176678704463096
"2017_1425_1457",0.930159679810824
"2017_1425_1458",0.153050411859367
"2017_1425_1462",0.346311284564949
"2017_1433_1435",0.283380122509754
"2017_1433_1436",0.70033873032179
"2017_1433_1437",0.02212806529054
"2017_1433_1438",0.13934402213404
"2017_1433_1439",0.205979191206583
"2017_1433_1448",0.355340416232019
"2017_1433_1452",0.081505675757067
"2017_1433_1455",0.0697267706060706
"2017_1433_1457",0.823066701796913
"2017_1433_1458",0.0593703714947421
"2017_1433_1462",0.156147904169849
"2017_1435_1436",0.663512699637074
"2017_1435_1437",0.0187348775019122
"2017_1435_1438",0.120185701095195
"2017_1435_1439",0.179570762237174
"2017_1435_1448",0.317438193601318
"2017_1435_1452",0.0696559161195164
"2017_1435_1455",0.0594786006041777
"2017_1435_1457",0.796950152926348
"2017_1435_1458",0.0505616142629065
"2017_1435_1462",0.135041735698636
"2017_1436_1437",0.0157982992294612
"2017_1436_1438",0.103016750682692
"2017_1436_1439",0.155417012197403
"2017_1436_1448",0.281093747714185
"2017_1436_1452",0.0592194625600645
"2017_1436_1455",0.0504842559683523
"2017_1436_1457",0.767432112866011
"2017_1436_1458",0.0428542547668893
"2017_1436_1462",0.116030430304014
"2017_1437_1438",0.877552653402664
"2017_1437_1439",0.919891247338636
"2017_1437_1448",0.960628997247749
"2017_1437_1452",0.797079765224643
"2017_1437_1455",0.768402163340212
"2017_1437_1457",0.995167125588091
"2017_1437_1458",0.736421360329573
"2017_1437_1462",0.891197453915166
"2017_1438_1439",0.50474857820857
"2017_1438_1448",0.684101048746244
"2017_1438_1452",0.258508779636369
"2017_1438_1455",0.227485442054228
"2017_1438_1457",0.948122268253673
"2017_1438_1458",0.198702308426401
"2017_1438_1462",0.420957457463736
"2017_1439_1448",0.589932670187705
"2017_1439_1452",0.188050154051997
"2017_1439_1455",0.163616657728829
"2017_1439_1457",0.923902956549745
"2017_1439_1458",0.141435143103989
"2017_1439_1462",0.325668820522909
"2017_1448_1452",0.094800503576104
"2017_1448_1455",0.081270280452737
"2017_1448_1457",0.845919219903113
"2017_1448_1458",0.0693271165648117
"2017_1448_1462",0.17924204558704
"2017_1452_1455",0.57198053883202
"2017_1452_1457",0.988086461266729
"2017_1452_1458",0.52948478932198
"2017_1452_1462",0.767394430948199
"2017_1455_1457",0.994901307067495
"2017_1455_1458",0.725844577802789
"2017_1455_1462",0.885868913722454
"2017_1457_1458",0.0249620004648321
"2017_1457_1462",0.0698145736744545
"2017_1458_1462",0.717549249323393
