"ID","Pred"
"2017_1112_1437",0.535542800193269
"2017_1112_1181",0.575364959534924
"2017_1112_1124",0.614232238065068
"2017_1112_1196",0.651695569725517
"2017_1112_1438",0.687372445332344
"2017_1112_1374",0.720959653986906
"2017_1112_1376",0.752239066151759
"2017_1112_1458",0.781076878277638
"2017_1112_1439",0.807417466516255
"2017_1112_1266",0.831273403461201
"2017_1112_1344",0.852713279482024
"2017_1112_1425",0.852713279482024
"2017_1112_1423",0.871848808252206
"2017_1112_1190",0.888822383471679
"2017_1112_1308",0.903795886564325
"2017_1112_1407",0.916941196308328
"2017_1112_1291",0.928432564324466
"2017_1112_1309",0.928432564324466
"2017_1112_1211",0.535542800193269
"2017_1112_1199",0.614232238065068
"2017_1112_1452",0.651695569725517
"2017_1112_1323",0.687372445332344
"2017_1112_1268",0.720959653986906
"2017_1112_1388",0.752239066151759
"2017_1112_1321",0.781076878277638
"2017_1112_1435",0.807417466516255
"2017_1112_1433",0.831273403461201
"2017_1112_1462",0.852713279482024
"2017_1112_1343",0.871848808252206
"2017_1112_1137",0.888822383471679
"2017_1112_1195",0.903795886564325
"2017_1112_1315",0.916941196308328
"2017_1112_1355",0.928432564324466
"2017_1112_1242",0.535542800193269
"2017_1112_1257",0.575364959534924
"2017_1112_1332",0.614232238065068
"2017_1112_1345",0.651695569725517
"2017_1112_1235",0.687372445332344
"2017_1112_1166",0.720959653986906
"2017_1112_1276",0.752239066151759
"2017_1112_1274",0.781076878277638
"2017_1112_1277",0.807417466516255
"2017_1112_1329",0.831273403461201
"2017_1112_1348",0.852713279482024
"2017_1112_1305",0.871848808252206
"2017_1112_1436",0.888822383471679
"2017_1112_1233",0.903795886564325
"2017_1112_1240",0.916941196308328
"2017_1112_1300",0.928432564324466
"2017_1112_1413",0.928432564324466
"2017_1112_1314",0.535542800193269
"2017_1112_1246",0.575364959534924
"2017_1112_1417",0.614232238065068
"2017_1112_1139",0.651695569725517
"2017_1112_1278",0.687372445332344
"2017_1112_1153",0.720959653986906
"2017_1112_1173",0.752239066151759
"2017_1112_1116",0.781076878277638
"2017_1112_1371",0.807417466516255
"2017_1112_1455",0.831273403461201
"2017_1112_1243",0.852713279482024
"2017_1112_1448",0.852713279482024
"2017_1112_1292",0.871848808252206
"2017_1112_1457",0.888822383471679
"2017_1112_1245",0.903795886564325
"2017_1112_1297",0.916941196308328
"2017_1112_1411",0.928432564324466
"2017_1116_1437",0.25151030715663
"2017_1116_1181",0.283084938178721
"2017_1116_1124",0.31694496158136
"2017_1116_1196",0.352861610374103
"2017_1116_1438",0.39052138165007
"2017_1116_1374",0.429532677887011
"2017_1116_1376",0.469439394894494
"2017_1116_1458",0.509740790429051
"2017_1116_1439",0.549915966329042
"2017_1116_1266",0.589450502340925
"2017_1116_1344",0.62786239385526
"2017_1116_1425",0.62786239385526
"2017_1116_1423",0.664724571647059
"2017_1116_1190",0.699681885472461
"2017_1116_1308",0.732461356633083
"2017_1116_1407",0.762875521614943
"2017_1116_1291",0.790819581271996
"2017_1116_1309",0.790819581271996
"2017_1116_1211",0.25151030715663
"2017_1116_1199",0.31694496158136
"2017_1116_1452",0.352861610374103
"2017_1116_1323",0.39052138165007
"2017_1116_1268",0.429532677887011
"2017_1116_1388",0.469439394894494
"2017_1116_1321",0.509740790429051
"2017_1116_1435",0.549915966329042
"2017_1116_1433",0.589450502340925
"2017_1116_1462",0.62786239385526
"2017_1116_1343",0.664724571647059
"2017_1116_1137",0.699681885472461
"2017_1116_1195",0.732461356633083
"2017_1116_1315",0.762875521614943
"2017_1116_1355",0.790819581271996
"2017_1116_1242",0.25151030715663
"2017_1116_1257",0.283084938178721
"2017_1116_1332",0.31694496158136
"2017_1116_1345",0.352861610374103
"2017_1116_1235",0.39052138165007
"2017_1116_1166",0.429532677887011
"2017_1116_1276",0.469439394894494
"2017_1116_1274",0.509740790429051
"2017_1116_1277",0.549915966329042
"2017_1116_1329",0.589450502340925
"2017_1116_1348",0.62786239385526
"2017_1116_1305",0.664724571647059
"2017_1116_1436",0.699681885472461
"2017_1116_1233",0.732461356633083
"2017_1116_1240",0.762875521614943
"2017_1116_1300",0.790819581271996
"2017_1116_1413",0.790819581271996
"2017_1116_1314",0.198434785303999
"2017_1116_1246",0.225352412274967
"2017_1116_1417",0.254760896322355
"2017_1116_1139",0.286587358183919
"2017_1116_1278",0.320678921089301
"2017_1116_1153",0.356797679125917
"2017_1116_1173",0.394621369453935
"2017_1116_1371",0.473723931083918
"2017_1116_1455",0.51403678227274
"2017_1116_1243",0.554167820902756
"2017_1116_1448",0.554167820902756
"2017_1116_1292",0.593604884861683
"2017_1116_1457",0.631870833603711
"2017_1116_1245",0.668545564531805
"2017_1116_1297",0.703282318346959
"2017_1116_1411",0.735817186531891
"2017_1124_1437",0.430723662228612
"2017_1124_1181",0.470649740429145
"2017_1124_1196",0.551118272195326
"2017_1124_1438",0.590625817942811
"2017_1124_1374",0.628996956950623
"2017_1124_1376",0.665806569380229
"2017_1124_1458",0.700701864755596
"2017_1124_1439",0.733412424113333
"2017_1124_1266",0.763753342807685
"2017_1124_1344",0.79162221156737
"2017_1124_1425",0.79162221156737
"2017_1124_1423",0.816991281367821
"2017_1124_1190",0.839896435328112
"2017_1124_1308",0.860424570668698
"2017_1124_1407",0.878700760987913
"2017_1124_1291",0.894876224827406
"2017_1124_1309",0.894876224827406
"2017_1124_1211",0.430723662228612
"2017_1124_1199",0.510954975649746
"2017_1124_1452",0.551118272195326
"2017_1124_1323",0.590625817942811
"2017_1124_1268",0.628996956950623
"2017_1124_1388",0.665806569380229
"2017_1124_1321",0.700701864755596
"2017_1124_1435",0.733412424113333
"2017_1124_1433",0.763753342807685
"2017_1124_1462",0.79162221156737
"2017_1124_1343",0.816991281367821
"2017_1124_1137",0.839896435328112
"2017_1124_1195",0.860424570668698
"2017_1124_1315",0.878700760987913
"2017_1124_1355",0.894876224827406
"2017_1124_1242",0.430723662228612
"2017_1124_1257",0.470649740429145
"2017_1124_1332",0.510954975649746
"2017_1124_1345",0.551118272195326
"2017_1124_1235",0.590625817942811
"2017_1124_1166",0.628996956950623
"2017_1124_1276",0.665806569380229
"2017_1124_1274",0.700701864755596
"2017_1124_1277",0.733412424113333
"2017_1124_1329",0.763753342807685
"2017_1124_1348",0.79162221156737
"2017_1124_1305",0.816991281367821
"2017_1124_1436",0.839896435328112
"2017_1124_1233",0.860424570668698
"2017_1124_1240",0.878700760987913
"2017_1124_1300",0.894876224827406
"2017_1124_1413",0.894876224827406
"2017_1124_1314",0.430723662228612
"2017_1124_1246",0.470649740429145
"2017_1124_1417",0.510954975649746
"2017_1124_1139",0.551118272195326
"2017_1124_1278",0.590625817942811
"2017_1124_1153",0.628996956950623
"2017_1124_1173",0.665806569380229
"2017_1124_1371",0.733412424113333
"2017_1124_1455",0.763753342807685
"2017_1124_1243",0.79162221156737
"2017_1124_1448",0.79162221156737
"2017_1124_1292",0.816991281367821
"2017_1124_1457",0.839896435328112
"2017_1124_1245",0.860424570668698
"2017_1124_1297",0.878700760987913
"2017_1124_1411",0.894876224827406
"2017_1137_1437",0.134867562878
"2017_1137_1181",0.154827881212555
"2017_1137_1196",0.201893763206548
"2017_1137_1438",0.229146464957444
"2017_1137_1374",0.25888460409077
"2017_1137_1376",0.291025050594202
"2017_1137_1458",0.325403723279672
"2017_1137_1439",0.361771242622247
"2017_1137_1266",0.39979445759513
"2017_1137_1344",0.439064763399646
"2017_1137_1425",0.439064763399646
"2017_1137_1423",0.479113299474543
"2017_1137_1190",0.519432114826682
"2017_1137_1308",0.559499414905107
"2017_1137_1407",0.598806292087536
"2017_1137_1291",0.636882074442559
"2017_1137_1309",0.636882074442559
"2017_1137_1211",0.134867562878
"2017_1137_1199",0.17713745418272
"2017_1137_1452",0.201893763206548
"2017_1137_1323",0.229146464957444
"2017_1137_1268",0.25888460409077
"2017_1137_1388",0.291025050594202
"2017_1137_1321",0.325403723279672
"2017_1137_1435",0.361771242622247
"2017_1137_1433",0.39979445759513
"2017_1137_1462",0.439064763399646
"2017_1137_1343",0.479113299474543
"2017_1137_1195",0.559499414905107
"2017_1137_1315",0.598806292087536
"2017_1137_1355",0.636882074442559
"2017_1137_1242",0.134867562878
"2017_1137_1257",0.154827881212555
"2017_1137_1332",0.17713745418272
"2017_1137_1345",0.201893763206548
"2017_1137_1235",0.229146464957444
"2017_1137_1166",0.25888460409077
"2017_1137_1276",0.291025050594202
"2017_1137_1274",0.325403723279672
"2017_1137_1277",0.361771242622247
"2017_1137_1329",0.39979445759513
"2017_1137_1348",0.439064763399646
"2017_1137_1305",0.479113299474543
"2017_1137_1436",0.519432114826682
"2017_1137_1233",0.559499414905107
"2017_1137_1240",0.598806292087536
"2017_1137_1300",0.636882074442559
"2017_1137_1413",0.636882074442559
"2017_1137_1314",0.134867562878
"2017_1137_1246",0.154827881212555
"2017_1137_1417",0.17713745418272
"2017_1137_1139",0.201893763206548
"2017_1137_1278",0.229146464957444
"2017_1137_1153",0.25888460409077
"2017_1137_1173",0.291025050594202
"2017_1137_1371",0.361771242622247
"2017_1137_1455",0.39979445759513
"2017_1137_1243",0.439064763399646
"2017_1137_1448",0.439064763399646
"2017_1137_1292",0.479113299474543
"2017_1137_1457",0.519432114826682
"2017_1137_1245",0.559499414905107
"2017_1137_1297",0.598806292087536
"2017_1137_1411",0.636882074442559
"2017_1139_1437",0.437611325765635
"2017_1139_1181",0.47764017568146
"2017_1139_1196",0.558043922318272
"2017_1139_1438",0.597387217690478
"2017_1139_1374",0.635515701983587
"2017_1139_1376",0.672015797688139
"2017_1139_1458",0.7065485030842
"2017_1139_1439",0.738858218649041
"2017_1139_1266",0.768774745114758
"2017_1139_1344",0.796209319072502
"2017_1139_1425",0.796209319072502
"2017_1139_1423",0.82114610367285
"2017_1139_1190",0.843630773573881
"2017_1139_1308",0.863757769161842
"2017_1139_1407",0.881657535717759
"2017_1139_1291",0.897484709231967
"2017_1139_1309",0.897484709231967
"2017_1139_1211",0.437611325765635
"2017_1139_1199",0.517958294091234
"2017_1139_1452",0.558043922318272
"2017_1139_1323",0.597387217690478
"2017_1139_1268",0.635515701983587
"2017_1139_1388",0.672015797688139
"2017_1139_1321",0.7065485030842
"2017_1139_1435",0.738858218649041
"2017_1139_1433",0.768774745114758
"2017_1139_1462",0.796209319072502
"2017_1139_1343",0.82114610367285
"2017_1139_1195",0.863757769161842
"2017_1139_1315",0.881657535717759
"2017_1139_1355",0.897484709231967
"2017_1139_1242",0.437611325765635
"2017_1139_1257",0.47764017568146
"2017_1139_1332",0.517958294091234
"2017_1139_1345",0.558043922318272
"2017_1139_1235",0.597387217690478
"2017_1139_1166",0.635515701983587
"2017_1139_1276",0.672015797688139
"2017_1139_1274",0.7065485030842
"2017_1139_1277",0.738858218649041
"2017_1139_1329",0.768774745114758
"2017_1139_1348",0.796209319072502
"2017_1139_1305",0.82114610367285
"2017_1139_1436",0.843630773573881
"2017_1139_1233",0.863757769161842
"2017_1139_1240",0.881657535717759
"2017_1139_1300",0.897484709231967
"2017_1139_1413",0.897484709231967
"2017_1139_1314",0.364382127932992
"2017_1139_1246",0.402506693536251
"2017_1139_1417",0.441847289686675
"2017_1139_1278",0.522249766855112
"2017_1139_1153",0.562280111275754
"2017_1139_1173",0.60151558120764
"2017_1139_1371",0.67579422343792
"2017_1139_1455",0.710100722427075
"2017_1139_1243",0.742162055552082
"2017_1139_1448",0.742162055552082
"2017_1139_1292",0.771816982424277
"2017_1139_1457",0.798984980094402
"2017_1139_1245",0.82365734513067
"2017_1139_1297",0.845885565092874
"2017_1139_1411",0.865768514288967
"2017_1153_1437",0.346255441337104
"2017_1153_1181",0.383628119131967
"2017_1153_1196",0.462209536144151
"2017_1153_1438",0.502478078943187
"2017_1153_1374",0.542714499855294
"2017_1153_1376",0.582401239133683
"2017_1153_1458",0.621048661024968
"2017_1153_1439",0.658218368267853
"2017_1153_1266",0.693541300177665
"2017_1153_1344",0.726729239375649
"2017_1153_1425",0.726729239375649
"2017_1153_1423",0.757579369634373
"2017_1153_1190",0.78597245575666
"2017_1153_1308",0.811865890365608
"2017_1153_1407",0.835283199309407
"2017_1153_1291",0.856301633925502
"2017_1153_1309",0.856301633925502
"2017_1153_1211",0.346255441337104
"2017_1153_1199",0.422428080641214
"2017_1153_1452",0.462209536144151
"2017_1153_1323",0.502478078943187
"2017_1153_1268",0.542714499855294
"2017_1153_1388",0.582401239133683
"2017_1153_1321",0.621048661024968
"2017_1153_1435",0.658218368267853
"2017_1153_1433",0.693541300177665
"2017_1153_1462",0.726729239375649
"2017_1153_1343",0.757579369634373
"2017_1153_1195",0.811865890365608
"2017_1153_1315",0.835283199309407
"2017_1153_1355",0.856301633925502
"2017_1153_1242",0.346255441337104
"2017_1153_1257",0.383628119131967
"2017_1153_1332",0.422428080641214
"2017_1153_1345",0.462209536144151
"2017_1153_1235",0.502478078943187
"2017_1153_1166",0.542714499855294
"2017_1153_1276",0.582401239133683
"2017_1153_1274",0.621048661024968
"2017_1153_1277",0.658218368267853
"2017_1153_1329",0.693541300177665
"2017_1153_1348",0.726729239375649
"2017_1153_1305",0.757579369634373
"2017_1153_1436",0.78597245575666
"2017_1153_1233",0.811865890365608
"2017_1153_1240",0.835283199309407
"2017_1153_1300",0.856301633925502
"2017_1153_1413",0.856301633925502
"2017_1153_1314",0.280683797180497
"2017_1153_1246",0.314382562534813
"2017_1153_1417",0.350157692783166
"2017_1153_1278",0.426628566171589
"2017_1153_1173",0.506776132917845
"2017_1153_1371",0.586576923521985
"2017_1153_1455",0.62508666901544
"2017_1153_1243",0.662075814966036
"2017_1153_1448",0.662075814966036
"2017_1153_1292",0.697183489691445
"2017_1153_1457",0.73013047825274
"2017_1153_1245",0.760723059160612
"2017_1153_1297",0.788850569164856
"2017_1153_1411",0.814477993908677
"2017_1166_1437",0.358600983294888
"2017_1166_1181",0.396497996588898
"2017_1166_1196",0.475681150303999
"2017_1166_1438",0.515997254515305
"2017_1166_1374",0.556106201516463
"2017_1166_1376",0.595496958061734
"2017_1166_1458",0.633694688157913
"2017_1166_1439",0.670282531838923
"2017_1166_1266",0.704917596696066
"2017_1166_1344",0.737340124930828
"2017_1166_1425",0.737340124930828
"2017_1166_1423",0.767375809508686
"2017_1166_1190",0.794932090273925
"2017_1166_1308",0.819989828439067
"2017_1166_1407",0.842591995033386
"2017_1166_1291",0.862830956801056
"2017_1166_1309",0.862830956801056
"2017_1166_1211",0.358600983294888
"2017_1166_1199",0.435679543885942
"2017_1166_1452",0.475681150303999
"2017_1166_1323",0.515997254515305
"2017_1166_1268",0.556106201516463
"2017_1166_1388",0.595496958061734
"2017_1166_1321",0.633694688157913
"2017_1166_1435",0.670282531838923
"2017_1166_1433",0.704917596696066
"2017_1166_1462",0.737340124930828
"2017_1166_1343",0.767375809508686
"2017_1166_1195",0.819989828439067
"2017_1166_1315",0.842591995033386
"2017_1166_1355",0.862830956801056
"2017_1166_1242",0.358600983294888
"2017_1166_1257",0.396497996588898
"2017_1166_1332",0.435679543885942
"2017_1166_1345",0.475681150303999
"2017_1166_1235",0.515997254515305
"2017_1166_1276",0.595496958061734
"2017_1166_1274",0.633694688157913
"2017_1166_1277",0.670282531838923
"2017_1166_1329",0.704917596696066
"2017_1166_1348",0.737340124930828
"2017_1166_1305",0.767375809508686
"2017_1166_1436",0.794932090273925
"2017_1166_1233",0.819989828439067
"2017_1166_1240",0.842591995033386
"2017_1166_1300",0.862830956801056
"2017_1166_1413",0.862830956801056
"2017_1166_1314",0.358600983294888
"2017_1166_1246",0.396497996588898
"2017_1166_1417",0.435679543885942
"2017_1166_1278",0.515997254515305
"2017_1166_1173",0.595496958061734
"2017_1166_1371",0.670282531838923
"2017_1166_1455",0.704917596696066
"2017_1166_1243",0.737340124930828
"2017_1166_1448",0.737340124930828
"2017_1166_1292",0.767375809508686
"2017_1166_1457",0.794932090273925
"2017_1166_1245",0.819989828439067
"2017_1166_1297",0.842591995033386
"2017_1166_1411",0.862830956801056
"2017_1173_1437",0.316828066411267
"2017_1173_1181",0.352738309256243
"2017_1173_1196",0.429400362485246
"2017_1173_1438",0.469304899532148
"2017_1173_1374",0.509605839034327
"2017_1173_1376",0.549782306288975
"2017_1173_1458",0.589319814919198
"2017_1173_1439",0.627736211693654
"2017_1173_1266",0.664604211686605
"2017_1173_1344",0.699568402961772
"2017_1173_1425",0.699568402961772
"2017_1173_1423",0.732355522513207
"2017_1173_1190",0.762777822266545
"2017_1173_1308",0.790730237024471
"2017_1173_1407",0.816182684887965
"2017_1173_1291",0.839169119256559
"2017_1173_1309",0.839169119256559
"2017_1173_1211",0.316828066411267
"2017_1173_1199",0.390392859624604
"2017_1173_1452",0.429400362485246
"2017_1173_1323",0.469304899532148
"2017_1173_1268",0.509605839034327
"2017_1173_1388",0.549782306288975
"2017_1173_1321",0.589319814919198
"2017_1173_1435",0.627736211693654
"2017_1173_1433",0.664604211686605
"2017_1173_1462",0.699568402961772
"2017_1173_1343",0.732355522513207
"2017_1173_1195",0.790730237024471
"2017_1173_1315",0.816182684887965
"2017_1173_1355",0.839169119256559
"2017_1173_1242",0.316828066411267
"2017_1173_1257",0.352738309256243
"2017_1173_1332",0.390392859624604
"2017_1173_1345",0.429400362485246
"2017_1173_1235",0.469304899532148
"2017_1173_1276",0.549782306288975
"2017_1173_1274",0.589319814919198
"2017_1173_1277",0.627736211693654
"2017_1173_1329",0.664604211686605
"2017_1173_1348",0.699568402961772
"2017_1173_1305",0.732355522513207
"2017_1173_1436",0.762777822266545
"2017_1173_1233",0.790730237024471
"2017_1173_1240",0.816182684887965
"2017_1173_1300",0.839169119256559
"2017_1173_1413",0.839169119256559
"2017_1173_1314",0.254658385235764
"2017_1173_1246",0.286476963610164
"2017_1173_1417",0.320561295071086
"2017_1173_1278",0.394492371471695
"2017_1173_1371",0.554034399542714
"2017_1173_1455",0.593474607833698
"2017_1173_1243",0.631745213424495
"2017_1173_1448",0.631745213424495
"2017_1173_1292",0.66842589204369
"2017_1173_1457",0.703169619169382
"2017_1173_1245",0.735712200930455
"2017_1173_1297",0.765874932295514
"2017_1173_1411",0.793561175202964
"2017_1181_1437",0.568411218481112
"2017_1181_1196",0.681236727877866
"2017_1181_1438",0.715210014253762
"2017_1181_1374",0.746907684152903
"2017_1181_1376",0.776181402460626
"2017_1181_1458",0.802962420843781
"2017_1181_1439",0.827252149561225
"2017_1181_1266",0.849110250788725
"2017_1181_1344",0.868641775422083
"2017_1181_1425",0.868641775422083
"2017_1181_1423",0.885984571849003
"2017_1181_1190",0.901297831470245
"2017_1181_1308",0.91475227969914
"2017_1181_1407",0.92652222137168
"2017_1181_1291",0.936779426946469
"2017_1181_1309",0.936779426946469
"2017_1181_1211",0.568411218481112
"2017_1181_1199",0.64522104981855
"2017_1181_1452",0.681236727877866
"2017_1181_1323",0.715210014253762
"2017_1181_1268",0.746907684152903
"2017_1181_1388",0.776181402460626
"2017_1181_1321",0.802962420843781
"2017_1181_1435",0.827252149561225
"2017_1181_1433",0.849110250788725
"2017_1181_1462",0.868641775422083
"2017_1181_1343",0.885984571849003
"2017_1181_1195",0.91475227969914
"2017_1181_1315",0.92652222137168
"2017_1181_1355",0.936779426946469
"2017_1181_1242",0.568411218481112
"2017_1181_1257",0.607480765495317
"2017_1181_1332",0.64522104981855
"2017_1181_1345",0.681236727877866
"2017_1181_1235",0.715210014253762
"2017_1181_1276",0.776181402460626
"2017_1181_1274",0.802962420843781
"2017_1181_1277",0.827252149561225
"2017_1181_1329",0.849110250788725
"2017_1181_1348",0.868641775422083
"2017_1181_1305",0.885984571849003
"2017_1181_1436",0.901297831470245
"2017_1181_1233",0.91475227969914
"2017_1181_1240",0.92652222137168
"2017_1181_1300",0.936779426946469
"2017_1181_1413",0.936779426946469
"2017_1181_1314",0.568411218481112
"2017_1181_1246",0.607480765495317
"2017_1181_1417",0.64522104981855
"2017_1181_1278",0.715210014253762
"2017_1181_1371",0.827252149561225
"2017_1181_1455",0.849110250788725
"2017_1181_1243",0.868641775422083
"2017_1181_1448",0.868641775422083
"2017_1181_1292",0.885984571849003
"2017_1181_1457",0.901297831470245
"2017_1181_1245",0.91475227969914
"2017_1181_1297",0.92652222137168
"2017_1181_1411",0.936779426946469
"2017_1190_1437",0.131696023863008
"2017_1190_1196",0.197505875310099
"2017_1190_1438",0.224332761089393
"2017_1190_1374",0.253651751504561
"2017_1190_1376",0.285392714374423
"2017_1190_1458",0.319405791443293
"2017_1190_1439",0.355456186055652
"2017_1190_1266",0.393224607078972
"2017_1190_1344",0.432314398925894
"2017_1190_1425",0.432314398925894
"2017_1190_1423",0.472265604834365
"2017_1190_1308",0.552721938844155
"2017_1190_1407",0.592192781968701
"2017_1190_1291",0.630508930455842
"2017_1190_1309",0.630508930455842
"2017_1190_1211",0.131696023863008
"2017_1190_1199",0.173170867699362
"2017_1190_1452",0.197505875310099
"2017_1190_1323",0.224332761089393
"2017_1190_1268",0.253651751504561
"2017_1190_1388",0.285392714374423
"2017_1190_1321",0.319405791443293
"2017_1190_1435",0.355456186055652
"2017_1190_1433",0.393224607078972
"2017_1190_1462",0.432314398925894
"2017_1190_1343",0.472265604834365
"2017_1190_1195",0.552721938844155
"2017_1190_1315",0.592192781968701
"2017_1190_1355",0.630508930455842
"2017_1190_1242",0.131696023863008
"2017_1190_1257",0.151269028784405
"2017_1190_1332",0.173170867699362
"2017_1190_1345",0.197505875310099
"2017_1190_1235",0.224332761089393
"2017_1190_1276",0.285392714374423
"2017_1190_1274",0.319405791443293
"2017_1190_1277",0.355456186055652
"2017_1190_1329",0.393224607078972
"2017_1190_1348",0.432314398925894
"2017_1190_1305",0.472265604834365
"2017_1190_1436",0.512575225249234
"2017_1190_1233",0.552721938844155
"2017_1190_1240",0.592192781968701
"2017_1190_1300",0.630508930455842
"2017_1190_1413",0.630508930455842
"2017_1190_1314",0.131696023863008
"2017_1190_1246",0.151269028784405
"2017_1190_1417",0.173170867699362
"2017_1190_1278",0.224332761089393
"2017_1190_1371",0.355456186055652
"2017_1190_1455",0.393224607078972
"2017_1190_1243",0.432314398925894
"2017_1190_1448",0.432314398925894
"2017_1190_1292",0.472265604834365
"2017_1190_1457",0.512575225249234
"2017_1190_1245",0.552721938844155
"2017_1190_1297",0.592192781968701
"2017_1190_1411",0.630508930455842
"2017_1195_1437",0.100330699957642
"2017_1195_1196",0.153232953931176
"2017_1195_1438",0.175360393097492
"2017_1195_1374",0.199928687123038
"2017_1195_1376",0.226991574701652
"2017_1195_1458",0.256543127760105
"2017_1195_1439",0.288506043695674
"2017_1195_1266",0.322722599465317
"2017_1195_1344",0.358949913362611
"2017_1195_1425",0.358949913362611
"2017_1195_1423",0.396860985513968
"2017_1195_1308",0.476059447316348
"2017_1195_1407",0.516376037234658
"2017_1195_1291",0.556480575222785
"2017_1195_1309",0.556480575222785
"2017_1195_1211",0.100330699957642
"2017_1195_1199",0.133445787412794
"2017_1195_1452",0.153232953931176
"2017_1195_1323",0.175360393097492
"2017_1195_1268",0.199928687123038
"2017_1195_1388",0.226991574701652
"2017_1195_1321",0.256543127760105
"2017_1195_1435",0.288506043695674
"2017_1195_1433",0.322722599465317
"2017_1195_1462",0.358949913362611
"2017_1195_1343",0.396860985513968
"2017_1195_1315",0.516376037234658
"2017_1195_1355",0.556480575222785
"2017_1195_1242",0.100330699957642
"2017_1195_1257",0.115864139796108
"2017_1195_1332",0.133445787412794
"2017_1195_1345",0.153232953931176
"2017_1195_1235",0.175360393097492
"2017_1195_1276",0.226991574701652
"2017_1195_1274",0.256543127760105
"2017_1195_1277",0.288506043695674
"2017_1195_1329",0.322722599465317
"2017_1195_1348",0.358949913362611
"2017_1195_1305",0.396860985513968
"2017_1195_1436",0.436052485470494
"2017_1195_1233",0.476059447316348
"2017_1195_1240",0.516376037234658
"2017_1195_1300",0.556480575222785
"2017_1195_1413",0.556480575222785
"2017_1195_1314",0.100330699957642
"2017_1195_1246",0.115864139796108
"2017_1195_1417",0.133445787412794
"2017_1195_1278",0.175360393097492
"2017_1195_1371",0.288506043695674
"2017_1195_1455",0.322722599465317
"2017_1195_1243",0.358949913362611
"2017_1195_1448",0.358949913362611
"2017_1195_1292",0.396860985513968
"2017_1195_1457",0.436052485470494
"2017_1195_1245",0.476059447316348
"2017_1195_1297",0.516376037234658
"2017_1195_1411",0.556480575222785
"2017_1196_1437",0.45037469773622
"2017_1196_1438",0.609758080767744
"2017_1196_1374",0.647406493131767
"2017_1196_1376",0.683309207169966
"2017_1196_1458",0.717153321091552
"2017_1196_1439",0.748710692120565
"2017_1196_1266",0.777837896660143
"2017_1196_1344",0.804470638121735
"2017_1196_1425",0.804470638121735
"2017_1196_1423",0.82861412612913
"2017_1196_1308",0.869728816060869
"2017_1196_1407",0.88694677290979
"2017_1196_1291",0.902145073959364
"2017_1196_1309",0.902145073959364
"2017_1196_1211",0.45037469773622
"2017_1196_1199",0.530853070776443
"2017_1196_1452",0.570755040088173
"2017_1196_1323",0.609758080767744
"2017_1196_1268",0.647406493131767
"2017_1196_1388",0.683309207169966
"2017_1196_1321",0.717153321091552
"2017_1196_1435",0.748710692120565
"2017_1196_1433",0.777837896660143
"2017_1196_1462",0.804470638121735
"2017_1196_1343",0.82861412612913
"2017_1196_1315",0.88694677290979
"2017_1196_1355",0.902145073959364
"2017_1196_1242",0.45037469773622
"2017_1196_1257",0.490552674404434
"2017_1196_1332",0.530853070776443
"2017_1196_1345",0.570755040088173
"2017_1196_1235",0.609758080767744
"2017_1196_1276",0.683309207169966
"2017_1196_1274",0.717153321091552
"2017_1196_1277",0.748710692120565
"2017_1196_1329",0.777837896660143
"2017_1196_1348",0.804470638121735
"2017_1196_1305",0.82861412612913
"2017_1196_1436",0.850331073042393
"2017_1196_1233",0.869728816060869
"2017_1196_1240",0.88694677290979
"2017_1196_1300",0.902145073959364
"2017_1196_1413",0.902145073959364
"2017_1196_1314",0.45037469773622
"2017_1196_1246",0.490552674404434
"2017_1196_1417",0.530853070776443
"2017_1196_1278",0.609758080767744
"2017_1196_1371",0.748710692120565
"2017_1196_1455",0.777837896660143
"2017_1196_1243",0.804470638121735
"2017_1196_1448",0.804470638121735
"2017_1196_1292",0.82861412612913
"2017_1196_1457",0.850331073042393
"2017_1196_1245",0.869728816060869
"2017_1196_1297",0.88694677290979
"2017_1196_1411",0.902145073959364
"2017_1199_1437",0.442175655072944
"2017_1199_1438",0.60183466007749
"2017_1199_1374",0.639795919758565
"2017_1199_1376",0.676085853373851
"2017_1199_1458",0.710374718371761
"2017_1199_1439",0.742416740976801
"2017_1199_1266",0.772051372394291
"2017_1199_1344",0.799198723534998
"2017_1199_1425",0.799198723534998
"2017_1199_1423",0.823850637790464
"2017_1199_1308",0.865923161915341
"2017_1199_1407",0.883576780991263
"2017_1199_1291",0.899176626931562
"2017_1199_1309",0.899176626931562
"2017_1199_1211",0.442175655072944
"2017_1199_1452",0.562607762281224
"2017_1199_1323",0.60183466007749
"2017_1199_1268",0.639795919758565
"2017_1199_1388",0.676085853373851
"2017_1199_1321",0.710374718371761
"2017_1199_1435",0.742416740976801
"2017_1199_1433",0.772051372394291
"2017_1199_1462",0.799198723534998
"2017_1199_1343",0.823850637790464
"2017_1199_1315",0.883576780991263
"2017_1199_1355",0.899176626931562
"2017_1199_1242",0.442175655072944
"2017_1199_1257",0.482263987775459
"2017_1199_1332",0.522581940222923
"2017_1199_1345",0.562607762281224
"2017_1199_1235",0.60183466007749
"2017_1199_1276",0.676085853373851
"2017_1199_1274",0.710374718371761
"2017_1199_1277",0.742416740976801
"2017_1199_1329",0.772051372394291
"2017_1199_1348",0.799198723534998
"2017_1199_1305",0.823850637790464
"2017_1199_1436",0.846059046724014
"2017_1199_1233",0.865923161915341
"2017_1199_1240",0.883576780991263
"2017_1199_1300",0.899176626931562
"2017_1199_1413",0.899176626931562
"2017_1199_1314",0.442175655072944
"2017_1199_1246",0.482263987775459
"2017_1199_1417",0.522581940222923
"2017_1199_1278",0.60183466007749
"2017_1199_1371",0.742416740976801
"2017_1199_1455",0.772051372394291
"2017_1199_1243",0.799198723534998
"2017_1199_1448",0.799198723534998
"2017_1199_1292",0.823850637790464
"2017_1199_1457",0.846059046724014
"2017_1199_1245",0.865923161915341
"2017_1199_1297",0.883576780991263
"2017_1199_1411",0.899176626931562
"2017_1211_1437",0.614589584437941
"2017_1211_1438",0.752520080939183
"2017_1211_1374",0.781334692571109
"2017_1211_1376",0.807651899851171
"2017_1211_1458",0.83148485757649
"2017_1211_1439",0.852902619010495
"2017_1211_1266",0.872017240782035
"2017_1211_1344",0.888971348174278
"2017_1211_1425",0.888971348174278
"2017_1211_1423",0.903926957147241
"2017_1211_1308",0.928532723541547
"2017_1211_1407",0.938527891877088
"2017_1211_1291",0.94720465271099
"2017_1211_1309",0.94720465271099
"2017_1211_1452",0.721263000429958
"2017_1211_1323",0.752520080939183
"2017_1211_1268",0.781334692571109
"2017_1211_1388",0.807651899851171
"2017_1211_1321",0.83148485757649
"2017_1211_1435",0.852902619010495
"2017_1211_1433",0.872017240782035
"2017_1211_1462",0.888971348174278
"2017_1211_1343",0.903926957147241
"2017_1211_1315",0.938527891877088
"2017_1211_1355",0.94720465271099
"2017_1211_1242",0.614589584437941
"2017_1211_1257",0.652037872225496
"2017_1211_1332",0.687696488083758
"2017_1211_1345",0.721263000429958
"2017_1211_1235",0.752520080939183
"2017_1211_1276",0.807651899851171
"2017_1211_1274",0.83148485757649
"2017_1211_1277",0.852902619010495
"2017_1211_1329",0.872017240782035
"2017_1211_1348",0.888971348174278
"2017_1211_1305",0.903926957147241
"2017_1211_1436",0.917056001037842
"2017_1211_1233",0.928532723541547
"2017_1211_1240",0.938527891877088
"2017_1211_1300",0.94720465271099
"2017_1211_1413",0.94720465271099
"2017_1211_1314",0.614589584437941
"2017_1211_1246",0.652037872225496
"2017_1211_1417",0.687696488083758
"2017_1211_1278",0.752520080939183
"2017_1211_1371",0.852902619010495
"2017_1211_1455",0.872017240782035
"2017_1211_1243",0.888971348174278
"2017_1211_1448",0.888971348174278
"2017_1211_1292",0.903926957147241
"2017_1211_1457",0.917056001037842
"2017_1211_1245",0.928532723541547
"2017_1211_1297",0.938527891877088
"2017_1211_1411",0.94720465271099
"2017_1233_1437",0.112099434558639
"2017_1233_1438",0.19403196673204
"2017_1233_1374",0.220516658082952
"2017_1233_1376",0.24949732905429
"2017_1233_1458",0.280914094455795
"2017_1233_1439",0.314628415371952
"2017_1233_1266",0.350417223552011
"2017_1233_1344",0.387972517069038
"2017_1233_1425",0.387972517069038
"2017_1233_1423",0.426907541183897
"2017_1233_1308",0.507061169015871
"2017_1233_1407",0.547260900134988
"2017_1233_1291",0.586853439222441
"2017_1233_1309",0.586853439222441
"2017_1233_1452",0.170034293759921
"2017_1233_1323",0.19403196673204
"2017_1233_1268",0.220516658082952
"2017_1233_1388",0.24949732905429
"2017_1233_1321",0.280914094455795
"2017_1233_1435",0.314628415371952
"2017_1233_1433",0.350417223552011
"2017_1233_1462",0.387972517069038
"2017_1233_1343",0.426907541183897
"2017_1233_1315",0.547260900134988
"2017_1233_1355",0.586853439222441
"2017_1233_1242",0.112099434558639
"2017_1233_1257",0.129193288215212
"2017_1233_1332",0.148457926305484
"2017_1233_1345",0.170034293759921
"2017_1233_1235",0.19403196673204
"2017_1233_1276",0.24949732905429
"2017_1233_1274",0.280914094455795
"2017_1233_1277",0.314628415371952
"2017_1233_1329",0.350417223552011
"2017_1233_1348",0.387972517069038
"2017_1233_1305",0.426907541183897
"2017_1233_1436",0.466769923998801
"2017_1233_1240",0.547260900134988
"2017_1233_1300",0.586853439222441
"2017_1233_1413",0.586853439222441
"2017_1233_1314",0.112099434558639
"2017_1233_1246",0.129193288215212
"2017_1233_1417",0.148457926305484
"2017_1233_1278",0.19403196673204
"2017_1233_1371",0.314628415371952
"2017_1233_1455",0.350417223552011
"2017_1233_1243",0.387972517069038
"2017_1233_1448",0.387972517069038
"2017_1233_1292",0.426907541183897
"2017_1233_1457",0.466769923998801
"2017_1233_1245",0.507061169015871
"2017_1233_1297",0.547260900134988
"2017_1233_1411",0.586853439222441
"2017_1235_1437",0.356580389551444
"2017_1235_1438",0.513800227604566
"2017_1235_1374",0.553933849301353
"2017_1235_1376",0.593376423586111
"2017_1235_1458",0.631650535414433
"2017_1235_1439",0.668335693584638
"2017_1235_1266",0.703084673775867
"2017_1235_1344",0.735633067096152
"2017_1235_1425",0.735633067096152
"2017_1235_1423",0.765801954920315
"2017_1235_1308",0.818687835460178
"2017_1235_1407",0.841421865698191
"2017_1235_1291",0.861786599505384
"2017_1235_1309",0.861786599505384
"2017_1235_1452",0.473487852661048
"2017_1235_1323",0.513800227604566
"2017_1235_1268",0.553933849301353
"2017_1235_1388",0.593376423586111
"2017_1235_1321",0.631650535414433
"2017_1235_1435",0.668335693584638
"2017_1235_1433",0.703084673775867
"2017_1235_1462",0.735633067096152
"2017_1235_1343",0.765801954920315
"2017_1235_1315",0.841421865698191
"2017_1235_1355",0.861786599505384
"2017_1235_1242",0.356580389551444
"2017_1235_1257",0.3943951695036
"2017_1235_1332",0.433518187544373
"2017_1235_1345",0.473487852661048
"2017_1235_1276",0.593376423586111
"2017_1235_1274",0.631650535414433
"2017_1235_1277",0.668335693584638
"2017_1235_1329",0.703084673775867
"2017_1235_1348",0.735633067096152
"2017_1235_1305",0.765801954920315
"2017_1235_1436",0.793494500797524
"2017_1235_1240",0.841421865698191
"2017_1235_1300",0.861786599505384
"2017_1235_1413",0.861786599505384
"2017_1235_1314",0.356580389551444
"2017_1235_1246",0.3943951695036
"2017_1235_1417",0.433518187544373
"2017_1235_1278",0.513800227604566
"2017_1235_1371",0.668335693584638
"2017_1235_1455",0.703084673775867
"2017_1235_1243",0.735633067096152
"2017_1235_1448",0.735633067096152
"2017_1235_1292",0.765801954920315
"2017_1235_1457",0.793494500797524
"2017_1235_1245",0.818687835460178
"2017_1235_1297",0.841421865698191
"2017_1235_1411",0.861786599505384
"2017_1240_1437",0.0703039027352372
"2017_1240_1438",0.126024266984655
"2017_1240_1374",0.144894985016241
"2017_1240_1376",0.166054505088715
"2017_1240_1458",0.189618819106188
"2017_1240_1439",0.215662316802393
"2017_1240_1266",0.244204890791523
"2017_1240_1344",0.275199600515757
"2017_1240_1425",0.275199600515757
"2017_1240_1423",0.308522343426978
"2017_1240_1308",0.381234801638972
"2017_1240_1407",0.419957628170487
"2017_1240_1291",0.459691600512356
"2017_1240_1309",0.459691600512356
"2017_1240_1452",0.109297086223364
"2017_1240_1323",0.126024266984655
"2017_1240_1268",0.144894985016241
"2017_1240_1388",0.166054505088715
"2017_1240_1321",0.189618819106188
"2017_1240_1435",0.215662316802393
"2017_1240_1433",0.244204890791523
"2017_1240_1462",0.275199600515757
"2017_1240_1343",0.308522343426978
"2017_1240_1315",0.419957628170487
"2017_1240_1355",0.459691600512356
"2017_1240_1242",0.0703039027352372
"2017_1240_1257",0.0816102225840714
"2017_1240_1332",0.0945499125042432
"2017_1240_1345",0.109297086223364
"2017_1240_1276",0.166054505088715
"2017_1240_1274",0.189618819106188
"2017_1240_1277",0.215662316802393
"2017_1240_1329",0.244204890791523
"2017_1240_1348",0.275199600515757
"2017_1240_1305",0.308522343426978
"2017_1240_1436",0.343965166985138
"2017_1240_1300",0.459691600512356
"2017_1240_1413",0.459691600512356
"2017_1240_1314",0.0703039027352372
"2017_1240_1246",0.0816102225840714
"2017_1240_1417",0.0945499125042432
"2017_1240_1278",0.126024266984655
"2017_1240_1371",0.215662316802393
"2017_1240_1455",0.244204890791523
"2017_1240_1243",0.275199600515757
"2017_1240_1448",0.275199600515757
"2017_1240_1292",0.308522343426978
"2017_1240_1457",0.343965166985138
"2017_1240_1245",0.381234801638972
"2017_1240_1297",0.419957628170487
"2017_1240_1411",0.459691600512356
"2017_1242_1437",0.613060335201588
"2017_1242_1438",0.751316668223492
"2017_1242_1374",0.78023047564069
"2017_1242_1376",0.806647692482719
"2017_1242_1458",0.830578975905692
"2017_1242_1439",0.852091391397652
"2017_1242_1266",0.871295521086206
"2017_1242_1344",0.888332992878763
"2017_1242_1425",0.888332992878763
"2017_1242_1423",0.903365241490447
"2017_1242_1308",0.928103429148676
"2017_1242_1407",0.938154638157803
"2017_1242_1291",0.946881101740604
"2017_1242_1309",0.946881101740604
"2017_1242_1452",0.719964156099416
"2017_1242_1323",0.751316668223492
"2017_1242_1268",0.78023047564069
"2017_1242_1388",0.806647692482719
"2017_1242_1321",0.830578975905692
"2017_1242_1435",0.852091391397652
"2017_1242_1433",0.871295521086206
"2017_1242_1462",0.888332992878763
"2017_1242_1343",0.903365241490447
"2017_1242_1315",0.938154638157803
"2017_1242_1355",0.946881101740604
"2017_1242_1257",0.650572731161797
"2017_1242_1332",0.686309258529879
"2017_1242_1345",0.719964156099416
"2017_1242_1276",0.806647692482719
"2017_1242_1274",0.830578975905692
"2017_1242_1277",0.852091391397652
"2017_1242_1329",0.871295521086206
"2017_1242_1348",0.888332992878763
"2017_1242_1305",0.903365241490447
"2017_1242_1436",0.916563962233541
"2017_1242_1300",0.946881101740604
"2017_1242_1413",0.946881101740604
"2017_1242_1314",0.613060335201588
"2017_1242_1246",0.650572731161797
"2017_1242_1417",0.686309258529879
"2017_1242_1278",0.751316668223492
"2017_1242_1371",0.852091391397652
"2017_1242_1455",0.871295521086206
"2017_1242_1243",0.888332992878763
"2017_1242_1448",0.888332992878763
"2017_1242_1292",0.903365241490447
"2017_1242_1457",0.916563962233541
"2017_1242_1245",0.928103429148676
"2017_1242_1297",0.938154638157803
"2017_1242_1411",0.946881101740604
"2017_1243_1437",0.178513058035208
"2017_1243_1438",0.292970188600041
"2017_1243_1374",0.32747250600819
"2017_1243_1376",0.363946496796898
"2017_1243_1458",0.402054313907325
"2017_1243_1439",0.441383357759133
"2017_1243_1266",0.481461857282457
"2017_1243_1344",0.521780333566646
"2017_1243_1425",0.521780333566646
"2017_1243_1423",0.561817009513973
"2017_1243_1308",0.639055186649194
"2017_1243_1407",0.675381883477532
"2017_1243_1291",0.709713272726415
"2017_1243_1309",0.709713272726415
"2017_1243_1452",0.260693913432747
"2017_1243_1323",0.292970188600041
"2017_1243_1268",0.32747250600819
"2017_1243_1388",0.363946496796898
"2017_1243_1321",0.402054313907325
"2017_1243_1435",0.441383357759133
"2017_1243_1433",0.481461857282457
"2017_1243_1462",0.521780333566646
"2017_1243_1343",0.561817009513973
"2017_1243_1315",0.675381883477532
"2017_1243_1355",0.709713272726415
"2017_1243_1257",0.20341409312512
"2017_1243_1332",0.230812666782412
"2017_1243_1345",0.260693913432747
"2017_1243_1276",0.363946496796898
"2017_1243_1274",0.402054313907325
"2017_1243_1277",0.441383357759133
"2017_1243_1329",0.481461857282457
"2017_1243_1348",0.521780333566646
"2017_1243_1305",0.561817009513973
"2017_1243_1436",0.601064538443313
"2017_1243_1300",0.709713272726415
"2017_1243_1413",0.709713272726415
"2017_1243_1314",0.138001776298663
"2017_1243_1246",0.158341057945465
"2017_1243_1417",0.181048413628342
"2017_1243_1278",0.233879339814857
"2017_1243_1371",0.367935912746816
"2017_1243_1455",0.406194686895164
"2017_1243_1448",0.445626902273134
"2017_1243_1292",0.485755659821063
"2017_1243_1457",0.526068914030981
"2017_1243_1245",0.566045156579512
"2017_1243_1297",0.605180115940722
"2017_1243_1411",0.643011613251344
"2017_1245_1437",0.12528368392081
"2017_1245_1438",0.214524271882591
"2017_1245_1374",0.242962884206316
"2017_1245_1376",0.273857075838109
"2017_1245_1458",0.307086132445416
"2017_1245_1439",0.342445674797489
"2017_1245_1266",0.379645945660331
"2017_1245_1344",0.418316492090319
"2017_1245_1425",0.418316492090319
"2017_1245_1423",0.458017798979533
"2017_1245_1308",0.538523758194736
"2017_1245_1407",0.578291590718621
"2017_1245_1291",0.61706927601151
"2017_1245_1309",0.61706927601151
"2017_1245_1452",0.188585161388382
"2017_1245_1323",0.214524271882591
"2017_1245_1268",0.242962884206316
"2017_1245_1388",0.273857075838109
"2017_1245_1321",0.307086132445416
"2017_1245_1435",0.342445674797489
"2017_1245_1433",0.379645945660331
"2017_1245_1462",0.418316492090319
"2017_1245_1343",0.458017798979533
"2017_1245_1315",0.578291590718621
"2017_1245_1355",0.61706927601151
"2017_1245_1257",0.144061787170407
"2017_1245_1332",0.165123128191029
"2017_1245_1345",0.188585161388382
"2017_1245_1276",0.273857075838109
"2017_1245_1274",0.307086132445416
"2017_1245_1277",0.342445674797489
"2017_1245_1329",0.379645945660331
"2017_1245_1348",0.418316492090319
"2017_1245_1305",0.458017798979533
"2017_1245_1436",0.498259497892588
"2017_1245_1300",0.61706927601151
"2017_1245_1413",0.61706927601151
"2017_1245_1314",0.0954485911258722
"2017_1245_1246",0.110318855865603
"2017_1245_1417",0.127180083385196
"2017_1245_1278",0.16750708900598
"2017_1245_1371",0.277289484595843
"2017_1245_1455",0.310756785732225
"2017_1245_1448",0.346327736232877
"2017_1245_1292",0.38370363722392
"2017_1245_1457",0.422506001050825
"2017_1245_1297",0.502557917120678
"2017_1245_1411",0.542793756293066
"2017_1246_1437",0.554481341200995
"2017_1246_1438",0.703547073184017
"2017_1246_1374",0.736063805990252
"2017_1246_1376",0.766199161497451
"2017_1246_1458",0.793857382944729
"2017_1246_1439",0.819016544093276
"2017_1246_1266",0.841717327311386
"2017_1246_1344",0.862050338454904
"2017_1246_1425",0.862050338454904
"2017_1246_1423",0.880143302699435
"2017_1246_1308",0.910235522342008
"2017_1246_1407",0.922576299169401
"2017_1246_1291",0.933344711951784
"2017_1246_1309",0.933344711951784
"2017_1246_1452",0.668826718854471
"2017_1246_1323",0.703547073184017
"2017_1246_1268",0.736063805990252
"2017_1246_1388",0.766199161497451
"2017_1246_1321",0.793857382944729
"2017_1246_1435",0.819016544093276
"2017_1246_1433",0.841717327311386
"2017_1246_1462",0.862050338454904
"2017_1246_1343",0.880143302699435
"2017_1246_1315",0.922576299169401
"2017_1246_1355",0.933344711951784
"2017_1246_1257",0.593910994609702
"2017_1246_1332",0.632165980801452
"2017_1246_1345",0.668826718854471
"2017_1246_1276",0.766199161497451
"2017_1246_1274",0.793857382944729
"2017_1246_1277",0.819016544093276
"2017_1246_1329",0.841717327311386
"2017_1246_1348",0.862050338454904
"2017_1246_1305",0.880143302699435
"2017_1246_1436",0.896149136163279
"2017_1246_1300",0.933344711951784
"2017_1246_1413",0.933344711951784
"2017_1246_1314",0.478329001079645
"2017_1246_1417",0.558724675428691
"2017_1246_1278",0.636154927924737
"2017_1246_1371",0.769265115209813
"2017_1246_1455",0.796656896640823
"2017_1246_1448",0.821551188247315
"2017_1246_1292",0.843994607867455
"2017_1246_1457",0.864082317609306
"2017_1246_1297",0.897738427147658
"2017_1246_1411",0.911630498693612
"2017_1257_1437",0.54318821323381
"2017_1257_1438",0.693946879741601
"2017_1257_1374",0.727108179049888
"2017_1257_1376",0.757929779584054
"2017_1257_1458",0.786293401915008
"2017_1257_1439",0.812157287696857
"2017_1257_1266",0.835545673119037
"2017_1257_1344",0.856536367665974
"2017_1257_1425",0.856536367665974
"2017_1257_1423",0.875247866650268
"2017_1257_1308",0.906438519909332
"2017_1257_1407",0.919255000420169
"2017_1257_1291",0.930450529464651
"2017_1257_1309",0.930450529464651
"2017_1257_1452",0.658647686934343
"2017_1257_1323",0.693946879741601
"2017_1257_1268",0.727108179049888
"2017_1257_1388",0.757929779584054
"2017_1257_1321",0.786293401915008
"2017_1257_1435",0.812157287696857
"2017_1257_1433",0.835545673119037
"2017_1257_1462",0.856536367665974
"2017_1257_1343",0.875247866650268
"2017_1257_1315",0.919255000420169
"2017_1257_1355",0.930450529464651
"2017_1257_1332",0.621497820885235
"2017_1257_1345",0.658647686934343
"2017_1257_1276",0.757929779584054
"2017_1257_1274",0.786293401915008
"2017_1257_1277",0.812157287696857
"2017_1257_1329",0.835545673119037
"2017_1257_1348",0.856536367665974
"2017_1257_1305",0.875247866650268
"2017_1257_1436",0.891827096073312
"2017_1257_1300",0.930450529464651
"2017_1257_1413",0.930450529464651
"2017_1257_1314",0.54318821323381
"2017_1257_1417",0.621497820885235
"2017_1257_1278",0.693946879741601
"2017_1257_1371",0.812157287696857
"2017_1257_1455",0.835545673119037
"2017_1257_1448",0.856536367665974
"2017_1257_1292",0.875247866650268
"2017_1257_1457",0.891827096073312
"2017_1257_1297",0.919255000420169
"2017_1257_1411",0.930450529464651
"2017_1266_1437",0.215102463422498
"2017_1266_1438",0.343217991208154
"2017_1266_1374",0.380453617464568
"2017_1266_1376",0.419150846715365
"2017_1266_1458",0.45886887274193
"2017_1266_1439",0.499116485721502
"2017_1266_1344",0.579127347509658
"2017_1266_1425",0.579127347509658
"2017_1266_1423",0.617878963076005
"2017_1266_1308",0.690675952581335
"2017_1266_1407",0.724050729911962
"2017_1266_1291",0.75510134372352
"2017_1266_1309",0.75510134372352
"2017_1266_1452",0.307816033632688
"2017_1266_1323",0.343217991208154
"2017_1266_1268",0.380453617464568
"2017_1266_1388",0.419150846715365
"2017_1266_1321",0.45886887274193
"2017_1266_1435",0.499116485721502
"2017_1266_1433",0.539375551423515
"2017_1266_1462",0.579127347509658
"2017_1266_1343",0.617878963076005
"2017_1266_1315",0.724050729911962
"2017_1266_1355",0.75510134372352
"2017_1266_1332",0.274539289156858
"2017_1266_1345",0.307816033632688
"2017_1266_1276",0.419150846715365
"2017_1266_1274",0.45886887274193
"2017_1266_1277",0.499116485721502
"2017_1266_1329",0.539375551423515
"2017_1266_1348",0.579127347509658
"2017_1266_1305",0.617878963076005
"2017_1266_1436",0.655186956129039
"2017_1266_1300",0.75510134372352
"2017_1266_1413",0.75510134372352
"2017_1266_1314",0.215102463422498
"2017_1266_1417",0.274539289156858
"2017_1266_1278",0.343217991208154
"2017_1266_1371",0.499116485721502
"2017_1266_1455",0.539375551423515
"2017_1266_1448",0.579127347509658
"2017_1266_1292",0.617878963076005
"2017_1266_1457",0.655186956129039
"2017_1266_1297",0.724050729911962
"2017_1266_1411",0.75510134372352
"2017_1268_1437",0.342445674797489
"2017_1268_1438",0.498259497892588
"2017_1268_1374",0.538523758194736
"2017_1268_1376",0.578291590718621
"2017_1268_1458",0.61706927601151
"2017_1268_1439",0.654412106656637
"2017_1268_1344",0.723365290226308
"2017_1268_1425",0.723365290226308
"2017_1268_1423",0.754466876910818
"2017_1268_1308",0.809274921374162
"2017_1268_1407",0.832948373027209
"2017_1268_1291",0.854212739625074
"2017_1268_1309",0.854212739625074
"2017_1268_1452",0.458017798979533
"2017_1268_1323",0.498259497892588
"2017_1268_1388",0.578291590718621
"2017_1268_1321",0.61706927601151
"2017_1268_1435",0.654412106656637
"2017_1268_1433",0.689943112359026
"2017_1268_1462",0.723365290226308
"2017_1268_1343",0.754466876910818
"2017_1268_1315",0.832948373027209
"2017_1268_1355",0.854212739625074
"2017_1268_1332",0.418316492090319
"2017_1268_1345",0.458017798979533
"2017_1268_1276",0.578291590718621
"2017_1268_1274",0.61706927601151
"2017_1268_1277",0.654412106656637
"2017_1268_1329",0.689943112359026
"2017_1268_1348",0.723365290226308
"2017_1268_1305",0.754466876910818
"2017_1268_1436",0.783120146208424
"2017_1268_1300",0.854212739625074
"2017_1268_1413",0.854212739625074
"2017_1268_1314",0.342445674797489
"2017_1268_1417",0.418316492090319
"2017_1268_1278",0.498259497892588
"2017_1268_1371",0.654412106656637
"2017_1268_1455",0.689943112359026
"2017_1268_1448",0.723365290226308
"2017_1268_1292",0.754466876910818
"2017_1268_1457",0.783120146208424
"2017_1268_1297",0.832948373027209
"2017_1268_1411",0.854212739625074
"2017_1274_1437",0.253209752603222
"2017_1274_1438",0.392667354612085
"2017_1274_1374",0.431741166719728
"2017_1274_1376",0.471683414154515
"2017_1274_1458",0.511991552203528
"2017_1274_1439",0.552144335816603
"2017_1274_1344",0.62996452899027
"2017_1274_1425",0.62996452899027
"2017_1274_1423",0.66672900698651
"2017_1274_1308",0.734222745836453
"2017_1274_1407",0.764501053346031
"2017_1274_1291",0.792305704374645
"2017_1274_1309",0.792305704374645
"2017_1274_1452",0.354921149363033
"2017_1274_1323",0.392667354612085
"2017_1274_1388",0.471683414154515
"2017_1274_1321",0.511991552203528
"2017_1274_1435",0.552144335816603
"2017_1274_1433",0.591628490828855
"2017_1274_1462",0.62996452899027
"2017_1274_1343",0.66672900698651
"2017_1274_1315",0.764501053346031
"2017_1274_1355",0.792305704374645
"2017_1274_1332",0.318898170513912
"2017_1274_1345",0.354921149363033
"2017_1274_1276",0.471683414154515
"2017_1274_1277",0.552144335816603
"2017_1274_1329",0.591628490828855
"2017_1274_1348",0.62996452899027
"2017_1274_1305",0.66672900698651
"2017_1274_1436",0.701571156345653
"2017_1274_1300",0.792305704374645
"2017_1274_1413",0.792305704374645
"2017_1274_1314",0.253209752603222
"2017_1274_1417",0.318898170513912
"2017_1274_1278",0.392667354612085
"2017_1274_1371",0.552144335816603
"2017_1274_1455",0.591628490828855
"2017_1274_1448",0.62996452899027
"2017_1274_1292",0.66672900698651
"2017_1274_1457",0.701571156345653
"2017_1274_1297",0.764501053346031
"2017_1274_1411",0.792305704374645
"2017_1276_1437",0.287753536020444
"2017_1276_1438",0.435150504805519
"2017_1276_1374",0.475144435482556
"2017_1276_1376",0.515459771095793
"2017_1276_1458",0.555574896200508
"2017_1276_1439",0.594978461947025
"2017_1276_1344",0.669806743337963
"2017_1276_1425",0.669806743337963
"2017_1276_1423",0.704469751281693
"2017_1276_1308",0.766991423251435
"2017_1276_1407",0.79458104884223
"2017_1276_1291",0.819671951084908
"2017_1276_1309",0.819671951084908
"2017_1276_1452",0.395983149938044
"2017_1276_1323",0.435150504805519
"2017_1276_1388",0.515459771095793
"2017_1276_1321",0.555574896200508
"2017_1276_1435",0.594978461947025
"2017_1276_1433",0.633194995279631
"2017_1276_1462",0.669806743337963
"2017_1276_1343",0.704469751281693
"2017_1276_1315",0.79458104884223
"2017_1276_1355",0.819671951084908
"2017_1276_1332",0.358106145874657
"2017_1276_1345",0.395983149938044
"2017_1276_1277",0.594978461947025
"2017_1276_1329",0.633194995279631
"2017_1276_1348",0.669806743337963
"2017_1276_1305",0.704469751281693
"2017_1276_1436",0.736923122691762
"2017_1276_1300",0.819671951084908
"2017_1276_1413",0.819671951084908
"2017_1276_1314",0.287753536020444
"2017_1276_1417",0.358106145874657
"2017_1276_1278",0.435150504805519
"2017_1276_1371",0.594978461947025
"2017_1276_1455",0.633194995279631
"2017_1276_1448",0.669806743337963
"2017_1276_1292",0.704469751281693
"2017_1276_1457",0.736923122691762
"2017_1276_1297",0.79458104884223
"2017_1276_1411",0.819671951084908
"2017_1277_1437",0.261772784375227
"2017_1277_1438",0.403398988701971
"2017_1277_1374",0.442762169901603
"2017_1277_1376",0.482857648769625
"2017_1277_1458",0.523175079820444
"2017_1277_1439",0.56319273975745
"2017_1277_1344",0.640343657625011
"2017_1277_1425",0.640343657625011
"2017_1277_1423",0.676606300936618
"2017_1277_1308",0.74287114497996
"2017_1277_1407",0.772469519754318
"2017_1277_1291",0.799579999489429
"2017_1277_1309",0.799579999489429
"2017_1277_1452",0.365241570762326
"2017_1277_1323",0.403398988701971
"2017_1277_1388",0.482857648769625
"2017_1277_1321",0.523175079820444
"2017_1277_1435",0.56319273975745
"2017_1277_1433",0.602404250272949
"2017_1277_1462",0.640343657625011
"2017_1277_1343",0.676606300936618
"2017_1277_1315",0.772469519754318
"2017_1277_1355",0.799579999489429
"2017_1277_1332",0.32870486403025
"2017_1277_1345",0.365241570762326
"2017_1277_1329",0.602404250272949
"2017_1277_1348",0.640343657625011
"2017_1277_1305",0.676606300936618
"2017_1277_1436",0.710863633855979
"2017_1277_1300",0.799579999489429
"2017_1277_1413",0.799579999489429
"2017_1277_1314",0.261772784375227
"2017_1277_1417",0.32870486403025
"2017_1277_1278",0.403398988701971
"2017_1277_1371",0.56319273975745
"2017_1277_1455",0.602404250272949
"2017_1277_1448",0.640343657625011
"2017_1277_1292",0.676606300936618
"2017_1277_1457",0.710863633855979
"2017_1277_1297",0.772469519754318
"2017_1277_1411",0.799579999489429
"2017_1278_1437",0.340799077678028
"2017_1278_1438",0.496429317562049
"2017_1278_1374",0.536703883915388
"2017_1278_1376",0.576505215014533
"2017_1278_1458",0.615337900859885
"2017_1278_1439",0.652754560097963
"2017_1278_1344",0.721897919796686
"2017_1278_1425",0.721897919796686
"2017_1278_1423",0.753108173234142
"2017_1278_1308",0.808142382838388
"2017_1278_1407",0.831927214089754
"2017_1278_1291",0.853298672800623
"2017_1278_1309",0.853298672800623
"2017_1278_1452",0.456201034659581
"2017_1278_1323",0.496429317562049
"2017_1278_1388",0.576505215014533
"2017_1278_1321",0.615337900859885
"2017_1278_1435",0.652754560097963
"2017_1278_1433",0.688374832125625
"2017_1278_1462",0.721897919796686
"2017_1278_1343",0.753108173234142
"2017_1278_1315",0.831927214089754
"2017_1278_1355",0.853298672800623
"2017_1278_1332",0.416536177382825
"2017_1278_1345",0.456201034659581
"2017_1278_1329",0.688374832125625
"2017_1278_1348",0.721897919796686
"2017_1278_1305",0.753108173234142
"2017_1278_1436",0.781874159602331
"2017_1278_1300",0.853298672800623
"2017_1278_1413",0.853298672800623
"2017_1278_1314",0.27582476352207
"2017_1278_1417",0.344672257188353
"2017_1278_1371",0.580697409734171
"2017_1278_1455",0.619399468749296
"2017_1278_1448",0.656641504891603
"2017_1278_1292",0.692051159833072
"2017_1278_1457",0.725336564457386
"2017_1278_1297",0.784792294328805
"2017_1278_1411",0.810794136251889
"2017_1291_1437",0.0685672105615701
"2017_1291_1438",0.123093377651949
"2017_1291_1374",0.141596330668482
"2017_1291_1376",0.162365603616566
"2017_1291_1458",0.185522892083062
"2017_1291_1439",0.211150407486325
"2017_1291_1344",0.269870677085076
"2017_1291_1425",0.269870677085076
"2017_1291_1423",0.302817748196209
"2017_1291_1308",0.374914705107292
"2017_1291_1407",0.413424498394187
"2017_1291_1309",0.453023111574519
"2017_1291_1452",0.106707716552069
"2017_1291_1323",0.123093377651949
"2017_1291_1388",0.162365603616566
"2017_1291_1321",0.185522892083062
"2017_1291_1435",0.211150407486325
"2017_1291_1433",0.239278008128743
"2017_1291_1462",0.269870677085076
"2017_1291_1343",0.302817748196209
"2017_1291_1315",0.413424498394187
"2017_1291_1355",0.453023111574519
"2017_1291_1332",0.0922737255596969
"2017_1291_1345",0.106707716552069
"2017_1291_1329",0.239278008128743
"2017_1291_1348",0.269870677085076
"2017_1291_1305",0.302817748196209
"2017_1291_1436",0.33792549687586
"2017_1291_1300",0.453023111574519
"2017_1291_1413",0.453023111574519
"2017_1291_1314",0.0685672105615701
"2017_1291_1417",0.0922737255596969
"2017_1291_1371",0.211150407486325
"2017_1291_1455",0.239278008128743
"2017_1291_1448",0.269870677085076
"2017_1291_1292",0.302817748196209
"2017_1291_1457",0.33792549687586
"2017_1291_1297",0.413424498394187
"2017_1291_1411",0.453023111574519
"2017_1292_1437",0.158154380533081
"2017_1292_1438",0.263749100354854
"2017_1292_1374",0.296252060483785
"2017_1292_1376",0.330959956185026
"2017_1292_1458",0.367610058859284
"2017_1292_1439",0.40585670673207
"2017_1292_1344",0.485405594811635
"2017_1292_1425",0.485405594811635
"2017_1292_1423",0.525719497309297
"2017_1292_1308",0.60484521399542
"2017_1292_1407",0.642689854818744
"2017_1292_1309",0.678834586562308
"2017_1292_1452",0.233628326316194
"2017_1292_1323",0.263749100354854
"2017_1292_1388",0.330959956185026
"2017_1292_1321",0.367610058859284
"2017_1292_1435",0.40585670673207
"2017_1292_1433",0.445280715525359
"2017_1292_1462",0.485405594811635
"2017_1292_1343",0.525719497309297
"2017_1292_1315",0.642689854818744
"2017_1292_1355",0.678834586562308
"2017_1292_1332",0.205985026295782
"2017_1292_1345",0.233628326316194
"2017_1292_1329",0.445280715525359
"2017_1292_1348",0.485405594811635
"2017_1292_1305",0.525719497309297
"2017_1292_1436",0.565700881331119
"2017_1292_1300",0.678834586562308
"2017_1292_1413",0.678834586562308
"2017_1292_1314",0.121579465281771
"2017_1292_1417",0.160457066937393
"2017_1292_1371",0.334778103210119
"2017_1292_1455",0.371616170502125
"2017_1292_1448",0.410009386959503
"2017_1292_1457",0.489701353285084
"2017_1292_1297",0.569920240738219
"2017_1292_1411",0.608947163875205
"2017_1297_1437",0.0756177424201919
"2017_1297_1438",0.134938390173372
"2017_1297_1374",0.154907313967065
"2017_1297_1376",0.177225932550631
"2017_1297_1458",0.201991571682254
"2017_1297_1439",0.229253683704743
"2017_1297_1344",0.291150287015971
"2017_1297_1425",0.291150287015971
"2017_1297_1423",0.32553696087387
"2017_1297_1308",0.399940096527373
"2017_1297_1407",0.439214239469849
"2017_1297_1309",0.479264760643409
"2017_1297_1452",0.11718668416175
"2017_1297_1323",0.134938390173372
"2017_1297_1388",0.177225932550631
"2017_1297_1321",0.201991571682254
"2017_1297_1435",0.229253683704743
"2017_1297_1433",0.259001062249218
"2017_1297_1462",0.291150287015971
"2017_1297_1343",0.32553696087387
"2017_1297_1315",0.439214239469849
"2017_1297_1355",0.479264760643409
"2017_1297_1332",0.101496290592379
"2017_1297_1345",0.11718668416175
"2017_1297_1329",0.259001062249218
"2017_1297_1348",0.291150287015971
"2017_1297_1305",0.32553696087387
"2017_1297_1436",0.361911382310995
"2017_1297_1300",0.479264760643409
"2017_1297_1413",0.479264760643409
"2017_1297_1314",0.0568415295575671
"2017_1297_1417",0.0768283874123057
"2017_1297_1371",0.179747007487033
"2017_1297_1455",0.204777261132272
"2017_1297_1448",0.232305899160706
"2017_1297_1457",0.294711473386873
"2017_1297_1411",0.40407341026866
"2017_1300_1437",0.0708950535815624
"2017_1300_1438",0.12701993055613
"2017_1300_1374",0.146014829699659
"2017_1300_1376",0.167305888130648
"2017_1300_1458",0.191007109286439
"2017_1300_1439",0.217190180598946
"2017_1300_1344",0.277000294975333
"2017_1300_1425",0.277000294975333
"2017_1300_1423",0.310447685720273
"2017_1300_1308",0.383362336551359
"2017_1300_1407",0.422153827851063
"2017_1300_1309",0.461930112196767
"2017_1300_1452",0.110177255481238
"2017_1300_1323",0.12701993055613
"2017_1300_1388",0.167305888130648
"2017_1300_1321",0.191007109286439
"2017_1300_1435",0.217190180598946
"2017_1300_1433",0.245871576748963
"2017_1300_1462",0.277000294975333
"2017_1300_1343",0.310447685720273
"2017_1300_1315",0.422153827851063
"2017_1300_1355",0.461930112196767
"2017_1300_1332",0.0953240325148702
"2017_1300_1345",0.110177255481238
"2017_1300_1329",0.245871576748963
"2017_1300_1348",0.277000294975333
"2017_1300_1305",0.310447685720273
"2017_1300_1436",0.346001016377432
"2017_1300_1413",0.461930112196767
"2017_1300_1314",0.0708950535815624
"2017_1300_1417",0.0953240325148702
"2017_1300_1371",0.217190180598946
"2017_1300_1455",0.245871576748963
"2017_1300_1448",0.277000294975333
"2017_1300_1457",0.346001016377432
"2017_1300_1411",0.461930112196767
"2017_1305_1437",0.159574090119234
"2017_1305_1438",0.265817402248316
"2017_1305_1374",0.298471919002061
"2017_1305_1376",0.333316708150173
"2017_1305_1458",0.370083429922102
"2017_1305_1439",0.408421215416794
"2017_1305_1344",0.488059850914875
"2017_1305_1425",0.488059850914875
"2017_1305_1423",0.528367853161352
"2017_1305_1308",0.607381706805507
"2017_1305_1407",0.645125951620984
"2017_1305_1309",0.68114651288014
"2017_1305_1452",0.2355359881868
"2017_1305_1323",0.265817402248316
"2017_1305_1388",0.333316708150173
"2017_1305_1321",0.370083429922102
"2017_1305_1435",0.408421215416794
"2017_1305_1433",0.447906537916991
"2017_1305_1462",0.488059850914875
"2017_1305_1343",0.528367853161352
"2017_1305_1315",0.645125951620984
"2017_1305_1355",0.68114651288014
"2017_1305_1332",0.207728152099556
"2017_1305_1345",0.2355359881868
"2017_1305_1329",0.447906537916991
"2017_1305_1348",0.488059850914875
"2017_1305_1436",0.568309306593866
"2017_1305_1413",0.68114651288014
"2017_1305_1314",0.159574090119234
"2017_1305_1417",0.207728152099556
"2017_1305_1371",0.408421215416794
"2017_1305_1455",0.447906537916991
"2017_1305_1448",0.488059850914875
"2017_1305_1457",0.568309306593866
"2017_1305_1411",0.68114651288014
"2017_1308_1437",0.11871392573655
"2017_1308_1438",0.204368181875783
"2017_1308_1374",0.231857860578512
"2017_1308_1376",0.261828359467749
"2017_1308_1458",0.294189198758082
"2017_1308_1439",0.328768320648168
"2017_1308_1344",0.403468198367765
"2017_1308_1425",0.403468198367765
"2017_1308_1423",0.442833120186755
"2017_1308_1407",0.563263481361184
"2017_1308_1309",0.602473123886426
"2017_1308_1452",0.179376651710134
"2017_1308_1323",0.204368181875783
"2017_1308_1388",0.261828359467749
"2017_1308_1321",0.294189198758082
"2017_1308_1435",0.328768320648168
"2017_1308_1433",0.365308242443442
"2017_1308_1462",0.403468198367765
"2017_1308_1343",0.442833120186755
"2017_1308_1315",0.563263481361184
"2017_1308_1355",0.602473123886426
"2017_1308_1332",0.15683881566005
"2017_1308_1345",0.179376651710134
"2017_1308_1329",0.365308242443442
"2017_1308_1348",0.403468198367765
"2017_1308_1436",0.48292945584837
"2017_1308_1413",0.602473123886426
"2017_1308_1314",0.11871392573655
"2017_1308_1417",0.15683881566005
"2017_1308_1371",0.328768320648168
"2017_1308_1455",0.365308242443442
"2017_1308_1448",0.403468198367765
"2017_1308_1457",0.48292945584837
"2017_1308_1411",0.602473123886426
"2017_1309_1437",0.0628924252177571
"2017_1309_1438",0.113455559950877
"2017_1309_1374",0.130725760669665
"2017_1309_1376",0.15017950352286
"2017_1309_1458",0.171955553516974
"2017_1309_1439",0.19616029520463
"2017_1309_1344",0.252043795659414
"2017_1309_1425",0.252043795659414
"2017_1309_1423",0.283660019234752
"2017_1309_1407",0.391195623477008
"2017_1309_1452",0.0982091602855427
"2017_1309_1323",0.113455559950877
"2017_1309_1388",0.15017950352286
"2017_1309_1321",0.171955553516974
"2017_1309_1435",0.19616029520463
"2017_1309_1433",0.222855168348063
"2017_1309_1462",0.252043795659414
"2017_1309_1343",0.283660019234752
"2017_1309_1315",0.391195623477008
"2017_1309_1355",0.430226728895043
"2017_1309_1332",0.0848155916573674
"2017_1309_1345",0.0982091602855427
"2017_1309_1329",0.222855168348063
"2017_1309_1348",0.252043795659414
"2017_1309_1436",0.317558359754398
"2017_1309_1413",0.430226728895043
"2017_1309_1314",0.0628924252177571
"2017_1309_1417",0.0848155916573674
"2017_1309_1371",0.19616029520463
"2017_1309_1455",0.222855168348063
"2017_1309_1448",0.252043795659414
"2017_1309_1457",0.317558359754398
"2017_1309_1411",0.430226728895043
"2017_1314_1437",0.582203241979192
"2017_1314_1438",0.726567545232855
"2017_1314_1374",0.757429836611421
"2017_1314_1376",0.785835485448596
"2017_1314_1458",0.811741521855443
"2017_1314_1439",0.835171168230191
"2017_1314_1344",0.874950242594403
"2017_1314_1425",0.874950242594403
"2017_1314_1423",0.891564125128157
"2017_1314_1407",0.930274112048374
"2017_1314_1452",0.693368254388195
"2017_1314_1323",0.726567545232855
"2017_1314_1388",0.785835485448596
"2017_1314_1321",0.811741521855443
"2017_1314_1435",0.835171168230191
"2017_1314_1433",0.856201437342596
"2017_1314_1462",0.874950242594403
"2017_1314_1343",0.891564125128157
"2017_1314_1315",0.930274112048374
"2017_1314_1355",0.940041462266514
"2017_1314_1332",0.658035211496076
"2017_1314_1345",0.693368254388195
"2017_1314_1329",0.856201437342596
"2017_1314_1348",0.874950242594403
"2017_1314_1436",0.906207334005679
"2017_1314_1413",0.940041462266514
"2017_1314_1417",0.586379500124508
"2017_1314_1371",0.788714945613094
"2017_1314_1455",0.814354957313494
"2017_1314_1448",0.837524451279809
"2017_1314_1457",0.876819359539734
"2017_1314_1411",0.920322604032321
"2017_1315_1437",0.0783735416464144
"2017_1315_1438",0.139529739345047
"2017_1315_1374",0.160052404807739
"2017_1315_1376",0.182951833911512
"2017_1315_1458",0.208315028854567
"2017_1315_1439",0.236178008223113
"2017_1315_1344",0.299218342587379
"2017_1315_1425",0.299218342587379
"2017_1315_1423",0.334108770789549
"2017_1315_1407",0.448787598012937
"2017_1315_1452",0.121258688596429
"2017_1315_1323",0.139529739345047
"2017_1315_1388",0.182951833911512
"2017_1315_1321",0.208315028854567
"2017_1315_1435",0.236178008223113
"2017_1315_1433",0.266513186940562
"2017_1315_1462",0.299218342587379
"2017_1315_1343",0.334108770789549
"2017_1315_1355",0.488949944503191
"2017_1315_1332",0.105087985520437
"2017_1315_1345",0.121258688596429
"2017_1315_1329",0.266513186940562
"2017_1315_1348",0.299218342587379
"2017_1315_1436",0.370914253161541
"2017_1315_1413",0.488949944503191
"2017_1315_1417",0.105087985520437
"2017_1315_1371",0.236178008223113
"2017_1315_1455",0.266513186940562
"2017_1315_1448",0.299218342587379
"2017_1315_1457",0.370914253161541
"2017_1315_1411",0.488949944503191
"2017_1321_1437",0.225862085188804
"2017_1321_1438",0.35746745292835
"2017_1321_1374",0.395318506690589
"2017_1321_1376",0.43446740785854
"2017_1321_1458",0.474451290897092
"2017_1321_1439",0.5147654958744
"2017_1321_1344",0.594308450194871
"2017_1321_1425",0.594308450194871
"2017_1321_1423",0.632549159751625
"2017_1321_1407",0.73638388610481
"2017_1321_1452",0.321314763979952
"2017_1321_1323",0.35746745292835
"2017_1321_1388",0.43446740785854
"2017_1321_1435",0.5147654958744
"2017_1321_1433",0.554888465535982
"2017_1321_1462",0.594308450194871
"2017_1321_1343",0.632549159751625
"2017_1321_1355",0.766494289525154
"2017_1321_1332",0.287184180924441
"2017_1321_1345",0.321314763979952
"2017_1321_1329",0.554888465535982
"2017_1321_1348",0.594308450194871
"2017_1321_1436",0.669191692326596
"2017_1321_1413",0.766494289525154
"2017_1321_1417",0.287184180924441
"2017_1321_1371",0.5147654958744
"2017_1321_1455",0.554888465535982
"2017_1321_1448",0.594308450194871
"2017_1321_1457",0.669191692326596
"2017_1321_1411",0.766494289525154
"2017_1323_1437",0.391788615427555
"2017_1323_1438",0.551232630381618
"2017_1323_1374",0.590737585424798
"2017_1323_1376",0.629104827006311
"2017_1323_1458",0.665909421555612
"2017_1323_1439",0.700798803586196
"2017_1323_1344",0.763836742919179
"2017_1323_1425",0.763836742919179
"2017_1323_1423",0.791698456614359
"2017_1323_1407",0.860480077981887
"2017_1323_1452",0.511070488436627
"2017_1323_1388",0.629104827006311
"2017_1323_1435",0.700798803586196
"2017_1323_1433",0.733502797819748
"2017_1323_1462",0.763836742919179
"2017_1323_1343",0.791698456614359
"2017_1323_1355",0.878750024326416
"2017_1323_1332",0.470764912620538
"2017_1323_1345",0.511070488436627
"2017_1323_1329",0.733502797819748
"2017_1323_1348",0.763836742919179
"2017_1323_1436",0.817060389053676
"2017_1323_1413",0.878750024326416
"2017_1323_1417",0.470764912620538
"2017_1323_1371",0.700798803586196
"2017_1323_1455",0.733502797819748
"2017_1323_1448",0.763836742919179
"2017_1323_1457",0.817060389053676
"2017_1323_1411",0.878750024326416
"2017_1329_1437",0.207134289505764
"2017_1329_1438",0.332514494771971
"2017_1329_1374",0.369241737211868
"2017_1329_1376",0.407548742617734
"2017_1329_1458",0.447013452608892
"2017_1329_1439",0.487157348866043
"2017_1329_1344",0.567422887131814
"2017_1329_1425",0.567422887131814
"2017_1329_1423",0.606519968532372
"2017_1329_1407",0.714388935134461
"2017_1329_1452",0.297716118535602
"2017_1329_1388",0.407548742617734
"2017_1329_1435",0.487157348866043
"2017_1329_1433",0.527467611837293
"2017_1329_1462",0.567422887131814
"2017_1329_1343",0.606519968532372
"2017_1329_1355",0.746145555848639
"2017_1329_1332",0.265113041856171
"2017_1329_1345",0.297716118535602
"2017_1329_1348",0.567422887131814
"2017_1329_1436",0.644298540914329
"2017_1329_1413",0.746145555848639
"2017_1329_1417",0.265113041856171
"2017_1329_1371",0.487157348866043
"2017_1329_1455",0.527467611837293
"2017_1329_1448",0.567422887131814
"2017_1329_1457",0.644298540914329
"2017_1329_1411",0.746145555848639
"2017_1332_1437",0.450664609996415
"2017_1332_1438",0.610036716174871
"2017_1332_1374",0.647673779638576
"2017_1332_1376",0.683562580049413
"2017_1332_1458",0.71739081545422
"2017_1332_1439",0.748930965597492
"2017_1332_1344",0.804654786539366
"2017_1332_1425",0.804654786539366
"2017_1332_1423",0.828780375837344
"2017_1332_1407",0.887064150287048
"2017_1332_1452",0.571041932865286
"2017_1332_1388",0.683562580049413
"2017_1332_1435",0.748930965597492
"2017_1332_1433",0.77804020716259
"2017_1332_1462",0.804654786539366
"2017_1332_1343",0.828780375837344
"2017_1332_1355",0.902248410811578
"2017_1332_1345",0.571041932865286
"2017_1332_1348",0.804654786539366
"2017_1332_1436",0.850480057920206
"2017_1332_1413",0.902248410811578
"2017_1332_1417",0.531144724926146
"2017_1332_1371",0.748930965597492
"2017_1332_1455",0.77804020716259
"2017_1332_1448",0.804654786539366
"2017_1332_1457",0.850480057920206
"2017_1332_1411",0.902248410811578
"2017_1343_1437",0.15151580950461
"2017_1343_1438",0.254015570258919
"2017_1343_1374",0.285784627248405
"2017_1343_1376",0.319823508162577
"2017_1343_1458",0.355896395403387
"2017_1343_1439",0.393683021077746
"2017_1343_1344",0.472744372701496
"2017_1343_1425",0.472744372701496
"2017_1343_1423",0.513055129791363
"2017_1343_1407",0.630956320657039
"2017_1343_1452",0.224667185769797
"2017_1343_1388",0.319823508162577
"2017_1343_1435",0.393683021077746
"2017_1343_1433",0.432785879917547
"2017_1343_1462",0.472744372701496
"2017_1343_1355",0.667674242304987
"2017_1343_1345",0.224667185769797
"2017_1343_1348",0.472744372701496
"2017_1343_1436",0.553196771369581
"2017_1343_1413",0.667674242304987
"2017_1343_1417",0.197810506553441
"2017_1343_1371",0.393683021077746
"2017_1343_1455",0.432785879917547
"2017_1343_1448",0.472744372701496
"2017_1343_1457",0.553196771369581
"2017_1343_1411",0.667674242304987
"2017_1344_1437",0.166271730324578
"2017_1344_1438",0.275512434425503
"2017_1344_1374",0.308856915491017
"2017_1344_1376",0.344319035665858
"2017_1344_1458",0.381604709703491
"2017_1344_1439",0.420339584934241
"2017_1344_1425",0.500336659356156
"2017_1344_1423",0.540587923427023
"2017_1344_1407",0.65628875220591
"2017_1344_1452",0.244494376511992
"2017_1344_1388",0.344319035665858
"2017_1344_1435",0.420339584934241
"2017_1344_1433",0.460081031262565
"2017_1344_1462",0.500336659356156
"2017_1344_1355",0.691717706520185
"2017_1344_1345",0.244494376511992
"2017_1344_1348",0.500336659356156
"2017_1344_1436",0.580316501784606
"2017_1344_1413",0.691717706520185
"2017_1344_1417",0.215927634061065
"2017_1344_1371",0.420339584934241
"2017_1344_1455",0.460081031262565
"2017_1344_1448",0.500336659356156
"2017_1344_1457",0.580316501784606
"2017_1344_1411",0.691717706520185
"2017_1345_1437",0.408742214553061
"2017_1345_1438",0.568635179452176
"2017_1345_1374",0.607698444998886
"2017_1345_1376",0.64543001574309
"2017_1345_1458",0.681434954122401
"2017_1345_1439",0.71539594005215
"2017_1345_1425",0.77633997083983
"2017_1345_1423",0.803106828710301
"2017_1345_1407",0.868745915648079
"2017_1345_1452",0.528698872649737
"2017_1345_1388",0.64543001574309
"2017_1345_1435",0.71539594005215
"2017_1345_1433",0.747080234038605
"2017_1345_1462",0.77633997083983
"2017_1345_1355",0.886076766015326
"2017_1345_1348",0.77633997083983
"2017_1345_1436",0.827382582565125
"2017_1345_1413",0.886076766015326
"2017_1345_1417",0.4883917677685
"2017_1345_1371",0.71539594005215
"2017_1345_1455",0.747080234038605
"2017_1345_1448",0.77633997083983
"2017_1345_1457",0.827382582565125
"2017_1345_1411",0.886076766015326
"2017_1348_1437",0.161864720353058
"2017_1348_1438",0.269144712459431
"2017_1348_1374",0.302039818518899
"2017_1348_1376",0.337100985405727
"2017_1348_1458",0.374050931680092
"2017_1348_1439",0.412530555331498
"2017_1348_1425",0.492303657745235
"2017_1348_1423",0.532597517380565
"2017_1348_1407",0.649004105519538
"2017_1348_1452",0.238607444833067
"2017_1348_1388",0.337100985405727
"2017_1348_1435",0.412530555331498
"2017_1348_1433",0.452109540239848
"2017_1348_1462",0.492303657745235
"2017_1348_1355",0.68482333888028
"2017_1348_1436",0.572470608589232
"2017_1348_1413",0.68482333888028
"2017_1348_1417",0.21053685439048
"2017_1348_1371",0.412530555331498
"2017_1348_1455",0.452109540239848
"2017_1348_1448",0.492303657745235
"2017_1348_1457",0.572470608589232
"2017_1348_1411",0.68482333888028
"2017_1355_1437",0.0763381500560195
"2017_1355_1438",0.136140710325411
"2017_1355_1374",0.156255421429163
"2017_1355_1376",0.178727193910939
"2017_1355_1458",0.203650694163345
"2017_1355_1439",0.231071892077104
"2017_1355_1425",0.293272606405409
"2017_1355_1423",0.327794026910407
"2017_1355_1407",0.441743257830165
"2017_1355_1452",0.118252455701078
"2017_1355_1388",0.178727193910939
"2017_1355_1435",0.231071892077104
"2017_1355_1433",0.260975311972673
"2017_1355_1462",0.293272606405409
"2017_1355_1436",0.364284431188563
"2017_1355_1413",0.481826249671061
"2017_1355_1417",0.102435921356608
"2017_1355_1371",0.231071892077104
"2017_1355_1455",0.260975311972673
"2017_1355_1448",0.293272606405409
"2017_1355_1457",0.364284431188563
"2017_1355_1411",0.481826249671061
"2017_1371_1437",0.215109463061318
"2017_1371_1438",0.343227336788316
"2017_1371_1374",0.380463389608323
"2017_1371_1376",0.419160940343844
"2017_1371_1458",0.458879167212271
"2017_1371_1439",0.499126850280305
"2017_1371_1425",0.579137452490797
"2017_1371_1423",0.617888751536345
"2017_1371_1407",0.724059013268645
"2017_1371_1452",0.307824867042607
"2017_1371_1388",0.419160940343844
"2017_1371_1435",0.499126850280305
"2017_1371_1433",0.539385851719028
"2017_1371_1462",0.579137452490797
"2017_1371_1436",0.655196322218164
"2017_1371_1413",0.755109010259946
"2017_1371_1417",0.218026635740969
"2017_1371_1455",0.463151457764202
"2017_1371_1448",0.503425244383567
"2017_1371_1457",0.583322423387537
"2017_1371_1411",0.694345986310525
"2017_1374_1437",0.2988847017459
"2017_1374_1438",0.448393892528717
"2017_1374_1376",0.528858892173635
"2017_1374_1458",0.568792698624488
"2017_1374_1439",0.607851536905957
"2017_1374_1425",0.681574348752379
"2017_1374_1423",0.715526677982727
"2017_1374_1407",0.803208358516627
"2017_1374_1452",0.408897426781516
"2017_1374_1388",0.528858892173635
"2017_1374_1435",0.607851536905957
"2017_1374_1433",0.645576970849726
"2017_1374_1462",0.681574348752379
"2017_1374_1436",0.747201560414709
"2017_1374_1413",0.827474283508749
"2017_1374_1417",0.370542939282057
"2017_1374_1455",0.645576970849726
"2017_1374_1448",0.681574348752379
"2017_1374_1457",0.747201560414709
"2017_1374_1411",0.827474283508749
"2017_1376_1437",0.263349313551899
"2017_1376_1438",0.405360111398193
"2017_1376_1458",0.525205885169579
"2017_1376_1439",0.565194756672308
"2017_1376_1425",0.64221670642388
"2017_1376_1423",0.678385349421436
"2017_1376_1407",0.773897436087651
"2017_1376_1452",0.367131344072526
"2017_1376_1388",0.484891101540551
"2017_1376_1435",0.565194756672308
"2017_1376_1433",0.604352802467821
"2017_1376_1462",0.64221670642388
"2017_1376_1436",0.712534294571121
"2017_1376_1413",0.800881634326324
"2017_1376_1417",0.330504025008931
"2017_1376_1455",0.604352802467821
"2017_1376_1448",0.64221670642388
"2017_1376_1457",0.712534294571121
"2017_1376_1411",0.800881634326324
"2017_1388_1437",0.332576562308763
"2017_1388_1438",0.487227211781231
"2017_1388_1458",0.60658670244896
"2017_1388_1439",0.644362624531841
"2017_1388_1425",0.714445987737143
"2017_1388_1423",0.746198518556879
"2017_1388_1407",0.826715879875336
"2017_1388_1452",0.447082577322242
"2017_1388_1435",0.644362624531841
"2017_1388_1433",0.680422284079144
"2017_1388_1462",0.714445987737143
"2017_1388_1436",0.775529610693335
"2017_1388_1413",0.848629420146321
"2017_1388_1417",0.407616263041589
"2017_1388_1455",0.680422284079144
"2017_1388_1448",0.714445987737143
"2017_1388_1457",0.775529610693335
"2017_1388_1411",0.848629420146321
"2017_1407_1437",0.0806803274647951
"2017_1407_1438",0.143356560118301
"2017_1407_1458",0.213560172049297
"2017_1407_1439",0.241910339431724
"2017_1407_1425",0.305868034189943
"2017_1407_1423",0.341156374433235
"2017_1407_1452",0.124656993793511
"2017_1407_1435",0.241910339431724
"2017_1407_1433",0.272718907932415
"2017_1407_1462",0.305868034189943
"2017_1407_1436",0.378297163893263
"2017_1407_1413",0.496826804839137
"2017_1407_1417",0.108088846719306
"2017_1407_1455",0.272718907932415
"2017_1407_1448",0.305868034189943
"2017_1407_1457",0.378297163893263
"2017_1407_1411",0.496826804839137
"2017_1411_1437",0.0716749767416531
"2017_1411_1438",0.128332005964031
"2017_1411_1458",0.192834149625844
"2017_1411_1439",0.219199809749608
"2017_1411_1425",0.279365838277703
"2017_1411_1423",0.31297521767369
"2017_1411_1452",0.111337540297785
"2017_1411_1435",0.219199809749608
"2017_1411_1433",0.248062493616713
"2017_1411_1462",0.279365838277703
"2017_1411_1436",0.348671643072836
"2017_1411_1413",0.464859520459344
"2017_1411_1417",0.0728274710181911
"2017_1411_1455",0.195524491276006
"2017_1411_1448",0.222156752525049
"2017_1411_1457",0.282840397966822
"2017_1413_1437",0.0603160954283046
"2017_1413_1438",0.10904898730256
"2017_1413_1458",0.165701537709015
"2017_1413_1439",0.18922712854022
"2017_1413_1425",0.243734356592642
"2017_1413_1423",0.274691050935404
"2017_1413_1452",0.0943317436542052
"2017_1413_1435",0.18922712854022
"2017_1413_1433",0.215231117046806
"2017_1413_1462",0.243734356592642
"2017_1413_1436",0.307978381192984
"2017_1413_1417",0.0814192265371628
"2017_1413_1455",0.215231117046806
"2017_1413_1448",0.243734356592642
"2017_1413_1457",0.307978381192984
"2017_1417_1437",0.463092412441036
"2017_1417_1438",0.621884094725464
"2017_1417_1458",0.727433941891136
"2017_1417_1439",0.758230983321278
"2017_1417_1425",0.81240771740906
"2017_1417_1423",0.835771226937473
"2017_1417_1452",0.583264702648215
"2017_1417_1435",0.758230983321278
"2017_1417_1433",0.7865692515157
"2017_1417_1462",0.81240771740906
"2017_1417_1436",0.856738068340643
"2017_1417_1455",0.730829658415257
"2017_1417_1448",0.761368884478828
"2017_1417_1457",0.815014012190234
"2017_1423_1437",0.134189658269072
"2017_1423_1438",0.228119628056813
"2017_1423_1458",0.324126914152865
"2017_1423_1439",0.360427977286876
"2017_1423_1425",0.437631295284514
"2017_1423_1452",0.200957212605755
"2017_1423_1435",0.360427977286876
"2017_1423_1433",0.398398139881485
"2017_1423_1462",0.437631295284514
"2017_1423_1436",0.517978553140355
"2017_1423_1455",0.398398139881485
"2017_1423_1448",0.437631295284514
"2017_1423_1457",0.517978553140355
"2017_1425_1437",0.155445228079496
"2017_1425_1438",0.259789323330966
"2017_1425_1458",0.362859474712814
"2017_1425_1439",0.400925216629312
"2017_1425_1452",0.229979508499687
"2017_1425_1435",0.400925216629312
"2017_1425_1433",0.440225127388326
"2017_1425_1462",0.480288880298211
"2017_1425_1436",0.560659935105273
"2017_1425_1455",0.440225127388326
"2017_1425_1448",0.480288880298211
"2017_1425_1457",0.560659935105273
"2017_1433_1437",0.238888521146295
"2017_1433_1438",0.374413099928952
"2017_1433_1458",0.492690201178686
"2017_1433_1439",0.532982485080912
"2017_1433_1452",0.337446664291436
"2017_1433_1435",0.532982485080912
"2017_1433_1462",0.611791259407944
"2017_1433_1436",0.685157045267116
"2017_1433_1455",0.57284907429515
"2017_1433_1448",0.611791259407944
"2017_1433_1457",0.685157045267116
"2017_1435_1437",0.230889414826679
"2017_1435_1438",0.364046561694
"2017_1435_1458",0.481569769618674
"2017_1435_1439",0.521888187520291
"2017_1435_1452",0.32756770718023
"2017_1435_1462",0.601168179014472
"2017_1435_1436",0.675476641122654
"2017_1435_1455",0.561923414949766
"2017_1435_1448",0.601168179014472
"2017_1435_1457",0.675476641122654
"2017_1436_1437",0.150221778585645
"2017_1436_1438",0.252106238682727
"2017_1436_1458",0.353584242075269
"2017_1436_1439",0.391274506487803
"2017_1436_1452",0.222912535146657
"2017_1436_1462",0.470227292492099
"2017_1436_1455",0.430307919461452
"2017_1436_1448",0.470227292492099
"2017_1436_1457",0.550698737155941
"2017_1437_1438",0.714055500389583
"2017_1437_1458",0.802065196177922
"2017_1437_1439",0.826441622902352
"2017_1437_1452",0.680006109035506
"2017_1437_1462",0.867994458899335
"2017_1437_1455",0.848383485105535
"2017_1437_1448",0.867994458899335
"2017_1437_1457",0.900793060702451
"2017_1438_1458",0.641641729255165
"2017_1438_1439",0.677839339497803
"2017_1438_1452",0.484266329956622
"2017_1438_1462",0.743947142400816
"2017_1438_1455",0.712021649033642
"2017_1438_1448",0.743947142400816
"2017_1438_1457",0.800482424647889
"2017_1439_1458",0.446049914777945
"2017_1439_1452",0.296901609331508
"2017_1439_1462",0.566465675690491
"2017_1439_1455",0.526495766381538
"2017_1439_1448",0.566465675690491
"2017_1439_1457",0.643404534760971
"2017_1448_1458",0.378265952965506
"2017_1448_1452",0.241886002944676
"2017_1448_1462",0.496793629139362
"2017_1448_1455",0.382317985001284
"2017_1448_1457",0.501092032023425
"2017_1452_1458",0.68921861168538
"2017_1452_1462",0.782544747601184
"2017_1452_1455",0.753839354402681
"2017_1452_1457",0.83247689298785
"2017_1455_1458",0.485225223679021
"2017_1455_1462",0.604672611866645
"2017_1455_1457",0.608775194548285
"2017_1457_1458",0.321403655134943
"2017_1457_1462",0.434567558624914
"2017_1458_1462",0.691510233857052
